estate_seed,rfc,categoria,num_facturas,monto_total_facturado,monto_promedio_factura,monto_max_factura,monto_std_factura,pct_facturas_ppd,num_formas_pago_distintas,tiene_contrato,num_contratos,tiene_orden_compra,num_ordenes_compra,pct_po_mismo_requester_approver,pct_po_justo_bajo_umbral_50k,en_lista_69b,es_69b_definitivo,dias_antiguedad_al_facturar,num_transferencias_recibidas,monto_total_transferido,pct_facturas_sin_pago_rastreable,pct_concepto_generico,clabe_identica_a_empleado,misma_institucion_bancaria_que_empleado,monto_total_en_ledger,es_fraude,situacion_sat
1,DMR11111858P,Seguridad,5,546462.38,109292.48,166975.96,55951.59,0.8,4,0,0,1,1,0.0,0.0,0,0,376,5,546462.38,0.0,0.0,0,0,546462.38,0,no_listado
1,KBN020728JIV,Mantenimiento,8,714491.05,89311.38,161055.24,50778.25,0.625,3,1,1,1,8,0.125,0.0,0,0,206,8,714491.05,0.0,0.0,0,0,714491.05,0,no_listado
1,ZBG071014KH2,Papeleria,6,481763.83,80293.97,151738.92,47636.16,0.3333,5,1,1,1,6,0.0,0.0,0,0,238,3,144432.43,0.5,0.0,0,0,481763.83,0,no_listado
1,KTO03050784W,Construccion,8,671717.31,83964.66,160382.1,47367.48,0.375,5,1,1,1,8,0.125,0.125,0,0,1733,7,654285.41,0.125,0.0,0,0,671717.31,0,no_listado
1,ZTC070401PZE,Transporte,3,349262.3,116420.77,141268.41,20314.47,0.3333,3,1,1,1,3,0.0,0.0,0,0,2342,3,349262.3,0.0,0.0,0,0,349262.3,0,no_listado
1,ERX0106279NL,Transporte,7,688109.0,98301.29,160813.31,54536.17,0.1429,5,1,1,1,7,0.1429,0.0,0,0,1971,5,416345.74,0.1429,0.0,0,0,688109.0,0,no_listado
1,SES040309RZZ,Mantenimiento,6,506901.25,84483.54,171205.93,62589.59,0.3333,5,0,0,1,2,0.5,0.0,0,0,308,5,489402.88,0.1667,0.0,0,0,506901.25,0,no_listado
1,ULF160410TT9,Consultoria,8,497230.32,62153.79,143156.78,42587.22,0.375,4,1,1,1,8,0.125,0.0,0,0,691,8,497230.32,0.0,0.0,0,0,497230.32,0,no_listado
1,IUD081203IF2,Seguridad,8,544577.26,68072.16,154940.43,42194.03,0.75,4,1,1,1,8,0.0,0.125,0,0,1576,4,207633.32,0.5,0.0,0,0,544577.26,0,no_listado
1,OSA001120PQN,Consultoria,9,722266.67,80251.85,135737.31,46609.19,0.4444,4,1,1,1,9,0.1111,0.0,0,0,243,7,480920.45,0.0,0.0,0,0,722266.67,0,no_listado
1,YXU040217XT1,Publicidad,9,505368.65,56152.07,154327.63,40934.49,0.6667,5,0,0,1,5,0.0,0.2,0,0,1147,8,423521.32,0.1111,0.0,0,0,505368.65,0,no_listado
1,OTQ131223TK2,Mantenimiento,5,295506.03,59101.21,120686.47,43882.16,0.4,3,0,0,1,2,0.5,0.0,0,0,394,4,277763.06,0.2,0.0,0,0,295506.03,0,no_listado
1,MIN080611587,Consultoria,5,552491.43,110498.29,163411.32,31375.86,0.8,4,0,0,0,0,0.0,0.0,1,1,1732,5,552491.43,0.0,1.0,0,0,552491.43,1,definitivo
1,PCY251014F48,Construccion,1,1057586.58,1057586.58,1057586.58,0.0,0.0,1,1,1,0,0,0.0,0.0,0,0,431,1,1057586.58,0.0,0.0,0,0,1057586.58,1,no_listado
1,CTP160619CMK,Logistica,14,668206.55,47729.04,49612.38,995.08,0.2857,5,0,0,1,14,1.0,1.0,0,0,786,13,619576.18,0.0,1.0,0,0,668206.55,1,no_listado
1,HKT070421NTT,Papeleria,5,400699.24,80139.85,160922.79,46563.63,0.2,3,0,0,1,5,1.0,0.0,0,0,138,3,220696.21,0.4,0.0,0,0,400699.24,1,no_listado
1,SEBC7011152S6,Publicidad,6,287261.12,47876.85,109145.91,39358.6,0.5,4,1,1,1,1,0.0,0.0,1,0,103,5,264392.67,0.1667,0.0,0,0,287261.12,0,desvirtuado
1,GLI040729JX2,Tecnologia,3,309882.49,103294.16,159925.0,42581.64,0.3333,2,0,0,0,0,0.0,0.0,1,0,2056,2,252638.06,0.3333,0.0,0,0,309882.49,0,desvirtuado
1,SEM160211BY2,Construccion,4,363595.7,90898.93,144629.16,47742.75,0.75,3,1,1,1,3,0.3333,0.0,1,0,1047,3,346006.93,0.25,0.0,0,0,363595.7,0,favorable
1,APC141215IX7,Logistica,5,471474.27,94294.85,168735.95,46449.26,0.8,3,1,1,1,3,0.0,0.0,1,0,956,5,471474.27,0.0,0.0,0,0,471474.27,0,favorable
1,EILH5709026K3,Transporte,3,290102.84,96700.95,154535.44,41122.64,1.0,3,0,0,1,2,0.0,0.0,1,0,2033,2,227609.35,0.3333,0.0,0,0,290102.84,0,presunto
1,SOIF990813II9,Papeleria,6,395871.01,65978.5,154093.92,57520.5,0.6667,3,1,1,1,3,0.0,0.0,1,0,261,3,308374.24,0.5,0.0,0,0,395871.01,0,presunto
1,SOE240813MMD,Transporte,10,445429.53,44542.95,47885.37,2495.15,0.0,6,1,1,1,10,0.0,0.5,0,0,1769,9,400414.6,0.1,0.0,0,0,445429.53,0,no_listado
1,YAK1402031WQ,Mantenimiento,1,9860.0,9860.0,9860.0,0.0,0.0,1,0,0,0,0,0.0,0.0,0,0,1131,1,9860.0,0.0,0.0,0,0,9860.0,0,no_listado
1,PUE230201984,Seguridad,8,556800.0,69600.0,69600.0,0.0,0.0,4,1,1,0,0,0.0,0.0,0,0,1249,6,417600.0,0.0,0.0,0,0,556800.0,0,no_listado
1,PUA1404139F1,Papeleria,4,53541.94,13385.49,14941.26,1378.72,0.0,3,1,1,0,0,0.0,0.0,0,0,2167,4,53541.94,0.0,0.0,0,0,53541.94,0,no_listado
1,DGF200725ZIO,Consultoria,6,300425.38,50070.9,60517.21,6839.92,0.0,5,1,1,0,0,0.0,0.0,0,0,2200,6,300425.38,0.0,0.0,0,0,300425.38,0,no_listado
1,OSX180515S62,Construccion,9,526344.49,58482.72,79837.6,14264.61,0.0,6,1,1,1,9,0.0,0.0,0,0,74,8,473260.13,0.0,0.0,0,0,526344.49,0,no_listado
1,AUFE6806307N2,Consultoria,5,189807.56,37961.51,44942.47,6640.51,0.0,3,1,1,0,0,0.0,0.0,1,0,2579,5,189807.56,0.0,0.0,0,0,189807.56,0,favorable
1,NBJ240112MVL,Limpieza,8,39204.06,4900.51,6117.43,949.32,0.0,1,0,0,0,0,0.0,0.0,0,0,2408,8,39204.06,0.0,0.0,0,0,39204.06,0,no_listado
1,XBN140828DL9,Mantenimiento,6,42106.52,7017.75,9564.56,1569.15,0.3333,4,1,1,1,6,1.0,0.0,0,0,1621,4,29604.34,0.3333,0.0,0,0,42106.52,0,no_listado
2,NUP140419EAS,Mantenimiento,7,468804.73,66972.1,165018.6,55384.93,0.2857,4,1,1,1,7,0.0,0.0,0,0,203,6,443194.39,0.1429,0.0,0,0,468804.73,0,no_listado
2,YBX220810W3J,Seguridad,4,331053.82,82763.46,106626.74,28520.62,0.5,2,1,1,1,4,0.0,0.0,0,0,1492,3,226569.35,0.25,0.0,0,0,331053.82,0,no_listado
2,CZC211102ISY,Logistica,8,706602.12,88325.26,162226.96,53364.81,0.5,4,1,1,1,8,0.0,0.0,0,0,1251,8,706602.12,0.0,0.0,0,0,706602.12,0,no_listado
2,ZTM2303136D4,Papeleria,4,342062.64,85515.66,143364.13,55843.64,0.25,2,0,0,1,2,0.0,0.0,0,0,1569,2,161880.75,0.5,0.0,0,0,342062.64,0,no_listado
2,XST120404Y9M,Limpieza,6,438305.13,73050.85,138935.52,55838.65,0.5,5,0,0,1,4,0.5,0.0,0,0,1810,6,438305.13,0.0,0.0,0,0,438305.13,0,no_listado
2,KOI160801FWL,Publicidad,8,601430.39,75178.8,103981.3,29121.21,0.625,4,0,0,1,3,0.0,0.0,0,0,917,7,583575.76,0.125,0.0,0,0,601430.39,0,no_listado
2,JPU0408238TE,Tecnologia,7,492838.83,70405.55,123870.41,37678.79,0.1429,4,1,1,1,7,0.0,0.0,0,0,1292,7,492838.83,0.0,0.0,0,0,492838.83,0,no_listado
2,VZM110411WEV,Seguridad,4,303085.71,75771.43,143729.08,54810.72,0.25,4,0,0,1,1,0.0,0.0,0,0,1903,4,303085.71,0.0,0.0,0,0,303085.71,0,no_listado
2,MZX1005246UZ,Papeleria,3,277609.88,92536.63,172893.0,56822.68,1.0,2,1,1,1,3,0.0,0.0,0,0,1431,1,51754.54,0.6667,0.0,0,0,277609.88,0,no_listado
2,TMR090821JXU,Logistica,9,909628.3,101069.81,168854.17,53444.85,0.4444,4,1,1,1,9,0.1111,0.0,0,0,515,7,752807.93,0.2222,0.0,0,0,909628.3,0,no_listado
2,OYI040617HVZ,Consultoria,6,307764.62,51294.1,88400.79,29360.34,0.6667,4,0,0,1,5,0.2,0.0,0,0,2385,4,200783.4,0.1667,0.0,0,0,307764.62,0,no_listado
2,OSE031117LEZ,Seguridad,5,478285.94,95657.19,149580.69,52994.53,0.6,3,1,1,1,5,0.0,0.2,0,0,2538,4,328705.25,0.2,0.0,0,0,478285.94,0,no_listado
2,VAHM930716DVA,Consultoria,5,499802.71,99960.54,139427.46,41522.35,0.6,3,0,0,0,0,0.0,0.0,1,1,1368,4,480049.85,0.2,1.0,0,0,499802.71,1,definitivo
2,DCN090711R8M,Consultoria,1,1128173.94,1128173.94,1128173.94,0.0,1.0,1,0,0,0,0,0.0,0.0,0,0,71,1,1128173.94,0.0,0.0,0,0,1128173.94,1,no_listado
2,CCP211222O0R,Mantenimiento,10,476906.62,47690.66,48868.72,837.65,0.7,5,0,0,1,10,1.0,1.0,0,0,245,9,428185.47,0.0,1.0,0,0,476906.62,1,no_listado
2,ENP180618E1V,Construccion,4,285373.36,71343.34,99375.53,21386.74,0.25,3,0,0,1,4,1.0,0.25,0,0,122,4,285373.36,0.0,0.0,0,0,285373.36,1,no_listado
2,CSO150901PC5,Consultoria,6,473373.75,78895.63,163288.41,61320.72,0.3333,4,0,0,1,3,0.0,0.0,1,0,1162,6,473373.75,0.0,0.0,0,0,473373.75,0,desvirtuado
2,IUI070702988,Publicidad,6,462839.72,77139.95,141886.68,49352.07,0.5,5,0,0,1,5,0.0,0.0,1,0,1535,6,462839.72,0.0,0.0,0,0,462839.72,0,desvirtuado
2,MNE090430D25,Limpieza,6,585520.53,97586.76,166070.18,53022.97,0.6667,5,0,0,1,4,0.0,0.0,1,0,584,3,362979.91,0.5,0.0,0,0,585520.53,0,favorable
2,AAE140101UX4,Consultoria,5,477707.07,95541.41,147027.42,47886.24,0.4,4,0,0,1,3,0.0,0.0,1,0,1644,4,458523.14,0.2,0.0,0,0,477707.07,0,favorable
2,FTU101127TT7,Tecnologia,5,307387.93,61477.59,142562.94,45494.42,0.6,4,1,1,1,4,0.25,0.0,1,0,196,4,288847.38,0.2,0.0,0,0,307387.93,0,presunto
2,CASL830515G75,Logistica,3,196517.22,65505.74,158588.04,65819.86,0.6667,3,0,0,1,2,0.0,0.0,1,0,1062,2,37929.18,0.3333,0.0,0,0,196517.22,0,presunto
2,QUM240422ZKO,Transporte,10,444375.44,44437.54,48678.8,2343.99,0.0,3,1,1,1,10,0.0,0.4,0,0,1718,7,307066.32,0.2,0.0,0,0,444375.44,0,no_listado
2,LJE021221B1K,Mantenimiento,1,9860.0,9860.0,9860.0,0.0,0.0,1,0,0,0,0,0.0,0.0,0,0,1239,1,9860.0,0.0,0.0,0,0,9860.0,0,no_listado
2,TVQ0704275UN,Seguridad,8,556800.0,69600.0,69600.0,0.0,0.0,3,1,1,0,0,0.0,0.0,0,0,1249,7,487200.0,0.0,0.0,0,0,556800.0,0,no_listado
2,FOL001203GCZ,Papeleria,4,65809.3,16452.32,17077.76,600.65,0.0,2,1,1,0,0,0.0,0.0,0,0,2180,4,65809.3,0.0,0.0,0,0,65809.3,0,no_listado
2,AVE250821783,Consultoria,6,320194.59,53365.76,59459.16,5280.19,0.0,5,1,1,0,0,0.0,0.0,0,0,2194,5,267915.56,0.1667,0.0,0,0,320194.59,0,no_listado
2,XOO031118AHT,Construccion,9,544673.97,60519.33,72541.06,10106.86,0.0,4,1,1,1,9,0.0,0.3333,0,0,168,8,479290.47,0.1111,0.0,0,0,544673.97,0,no_listado
2,ANN090909D61,Consultoria,5,160629.76,32125.95,36705.91,3353.54,0.0,3,1,1,0,0,0.0,0.0,1,0,2579,5,160629.76,0.0,0.0,0,0,160629.76,0,favorable
2,FUP240616ZZD,Limpieza,8,37687.04,4710.88,6831.91,1667.99,0.0,1,0,0,0,0,0.0,0.0,0,0,2410,8,37687.04,0.0,0.0,0,0,37687.04,0,no_listado
2,NNG1109145P9,Mantenimiento,6,48180.2,8030.03,10077.14,1473.68,0.6667,4,1,1,1,6,1.0,0.0,0,0,1615,6,48180.2,0.0,0.0,0,0,48180.2,0,no_listado
3,QGN1801014HK,Tecnologia,9,785499.57,87277.73,170813.32,55239.01,0.6667,5,0,0,1,6,0.0,0.0,0,0,1629,6,607993.17,0.3333,0.0,0,0,785499.57,0,no_listado
3,ZEA151119ZDR,Construccion,3,346051.6,115350.53,144021.31,38851.25,0.3333,2,1,1,1,3,0.0,0.0,0,0,438,2,204445.57,0.3333,0.0,0,0,346051.6,0,no_listado
3,JLI060614HI9,Consultoria,8,621502.95,77687.87,159304.85,54232.0,0.625,4,1,1,1,8,0.125,0.0,0,0,93,6,525648.73,0.25,0.0,0,0,621502.95,0,no_listado
3,WSC2507081IB,Mantenimiento,4,328201.15,82050.29,134461.18,32800.71,0.75,2,0,0,1,3,0.0,0.0,0,0,1056,4,328201.15,0.0,0.0,0,0,328201.15,0,no_listado
3,MFA100201H4S,Papeleria,6,353033.94,58838.99,78409.01,18875.85,0.5,5,1,1,1,6,0.0,0.0,0,0,2192,3,203018.82,0.3333,0.0,0,0,353033.94,0,no_listado
3,LRN020717P0K,Tecnologia,6,352872.52,58812.09,159899.24,51352.46,0.5,5,0,0,1,2,0.0,0.0,0,0,517,5,192973.28,0.1667,0.0,0,0,352872.52,0,no_listado
3,NTS180507TBR,Publicidad,3,148521.94,49507.31,79593.38,24665.92,0.6667,2,0,0,1,3,0.0,0.3333,0,0,1052,2,98769.33,0.3333,0.0,0,0,148521.94,0,no_listado
3,UWY210207QPM,Consultoria,6,308538.77,51423.13,115015.38,32928.78,0.8333,4,1,1,1,6,0.3333,0.0,0,0,1996,6,308538.77,0.0,0.0,0,0,308538.77,0,no_listado
3,PCG2010245ZI,Seguridad,3,199343.5,66447.83,92056.3,18748.59,0.3333,3,1,1,1,3,0.0,0.3333,0,0,2077,3,199343.5,0.0,0.0,0,0,199343.5,0,no_listado
3,VXS230321JLX,Construccion,7,496941.19,70991.6,154605.45,41983.88,0.5714,5,1,1,1,7,0.2857,0.0,0,0,706,7,496941.19,0.0,0.0,0,0,496941.19,0,no_listado
3,BEB150909P6W,Logistica,7,212648.71,30378.39,86092.81,23084.31,0.5714,4,0,0,1,2,0.0,0.0,0,0,938,7,212648.71,0.0,0.0,0,0,212648.71,0,no_listado
3,ZGR160319LMQ,Seguridad,6,356624.08,59437.35,109897.79,36338.69,0.5,5,0,0,1,3,0.0,0.0,0,0,1386,4,227954.45,0.3333,0.0,0,0,356624.08,0,no_listado
3,COOJ670529FR2,Consultoria,6,254378.86,42396.48,157245.25,51388.34,0.6667,5,0,0,0,0,0.0,0.0,1,1,113,6,254378.86,0.0,1.0,0,0,254378.86,1,definitivo
3,KZS090924YJY,Tecnologia,1,1602391.28,1602391.28,1602391.28,0.0,0.0,1,0,0,0,0,0.0,0.0,0,0,2315,1,1602391.28,0.0,0.0,0,0,1602391.28,1,no_listado
3,YAG121223CQA,Mantenimiento,12,576068.83,48005.74,49151.49,739.81,0.5833,5,1,1,1,12,1.0,1.0,0,0,260,11,527312.65,0.0,1.0,0,0,576068.83,1,no_listado
3,DEQ000815QUS,Publicidad,5,251302.65,50260.53,136288.59,46230.51,0.8,5,1,1,1,5,1.0,0.0,0,0,84,5,251302.65,0.0,0.0,0,0,251302.65,1,no_listado
3,SEI1008305L6,Publicidad,4,287208.52,71802.13,122794.93,41131.38,0.5,3,1,1,1,3,0.3333,0.0,1,0,992,3,164413.59,0.25,0.0,0,0,287208.52,0,desvirtuado
3,SES120731KY7,Tecnologia,4,286042.52,71510.63,129157.14,52556.85,0.5,3,1,1,1,4,0.0,0.0,1,0,771,4,286042.52,0.0,0.0,0,0,286042.52,0,desvirtuado
3,EPC130911JX0,Mantenimiento,3,141816.21,47272.07,61928.87,19832.44,0.3333,2,1,1,1,2,0.0,0.0,1,0,1012,3,141816.21,0.0,0.0,0,0,141816.21,0,favorable
3,SAL120627PH4,Mantenimiento,5,421125.3,84225.06,147921.84,49360.1,0.8,4,0,0,1,2,0.0,0.0,1,0,2475,4,273203.46,0.2,0.0,0,0,421125.3,0,favorable
3,CAQE8802153R6,Papeleria,3,302424.42,100808.14,169377.18,61208.11,1.0,3,1,1,1,2,0.0,0.0,1,0,1498,0,0.0,1.0,0.0,0,0,302424.42,0,presunto
3,RAL1710172W6,Mantenimiento,4,259352.85,64838.21,130117.0,48357.1,0.5,3,1,1,1,2,0.0,0.0,1,0,1847,3,241846.5,0.25,0.0,0,0,259352.85,0,presunto
3,YKD070119RVR,Transporte,10,443917.75,44391.77,46692.81,1781.71,0.0,4,1,1,1,10,0.0,0.5,0,0,1710,9,398543.79,0.0,0.0,0,0,443917.75,0,no_listado
3,YOY0106046B3,Mantenimiento,1,9860.0,9860.0,9860.0,0.0,0.0,1,0,0,0,0,0.0,0.0,0,0,1192,1,9860.0,0.0,0.0,0,0,9860.0,0,no_listado
3,CXW150724QAH,Seguridad,8,556800.0,69600.0,69600.0,0.0,0.0,5,1,1,0,0,0.0,0.0,0,0,1249,8,556800.0,0.0,0.0,0,0,556800.0,0,no_listado
3,HUI1211174YD,Papeleria,4,59020.65,14755.16,16638.78,1713.76,0.0,4,1,1,0,0,0.0,0.0,0,0,2215,4,59020.65,0.0,0.0,0,0,59020.65,0,no_listado
3,AHT080521GBZ,Consultoria,6,326364.04,54394.01,62285.52,6004.57,0.0,4,1,1,0,0,0.0,0.0,0,0,2183,6,326364.04,0.0,0.0,0,0,326364.04,0,no_listado
3,NTH180515RQ5,Construccion,9,467196.41,51910.71,69040.44,9420.07,0.0,5,1,1,1,9,0.0,0.1111,0,0,71,8,423622.05,0.0,0.0,0,0,467196.41,0,no_listado
3,SCA101221FQ8,Consultoria,5,181144.85,36228.97,43108.96,6656.82,0.0,2,1,1,0,0,0.0,0.0,1,0,2609,5,181144.85,0.0,0.0,0,0,181144.85,0,favorable
3,IEM131007SB7,Limpieza,8,31142.78,3892.85,5162.26,859.49,0.0,1,0,0,0,0,0.0,0.0,0,0,2425,8,31142.78,0.0,0.0,0,0,31142.78,0,no_listado
3,AMF020226XBI,Mantenimiento,6,40863.63,6810.61,7854.63,1025.62,0.5,3,1,1,1,6,1.0,0.0,0,0,1634,6,40863.63,0.0,0.0,0,0,40863.63,0,no_listado
4,TYE0106037AT,Publicidad,5,333133.74,66626.75,127928.12,34540.22,0.2,3,0,0,1,2,0.0,0.0,0,0,2257,4,286837.33,0.2,0.0,0,0,333133.74,0,no_listado
4,PND250906XKL,Construccion,8,641539.44,80192.43,165910.37,46830.2,0.75,5,1,1,1,8,0.125,0.0,0,0,1244,6,552795.24,0.25,0.0,0,0,641539.44,0,no_listado
4,UAV01101183T,Construccion,8,614454.17,76806.77,132669.7,34233.74,0.625,5,0,0,1,3,0.0,0.0,0,0,494,6,404147.61,0.25,0.0,0,0,614454.17,0,no_listado
4,CCM200311XUL,Publicidad,5,295431.79,59086.36,143200.03,52182.28,0.4,4,1,1,1,5,0.0,0.0,0,0,2538,5,295431.79,0.0,0.0,0,0,295431.79,0,no_listado
4,KRU160826Z6Z,Transporte,6,627737.27,104622.88,172491.18,56828.02,0.5,4,0,0,1,3,0.0,0.0,0,0,1315,4,411061.61,0.3333,0.0,0,0,627737.27,0,no_listado
4,CYI1504214EJ,Consultoria,9,676266.0,75140.67,158322.18,62517.85,0.4444,5,0,0,1,6,0.0,0.0,0,0,2353,8,648481.94,0.1111,0.0,0,0,676266.0,0,no_listado
4,UJT201206J0I,Papeleria,4,376786.69,94196.67,142152.54,46569.53,0.5,4,1,1,1,4,0.0,0.0,0,0,2330,4,376786.69,0.0,0.0,0,0,376786.69,0,no_listado
4,NAI210110JFK,Transporte,8,605562.68,75695.34,121658.74,31408.03,0.125,5,0,0,1,4,0.0,0.0,0,0,121,8,605562.68,0.0,0.0,0,0,605562.68,0,no_listado
4,UGI181119T4V,Construccion,3,182209.3,60736.43,108229.39,36578.17,0.6667,3,0,0,1,2,0.0,0.0,0,0,2221,3,182209.3,0.0,0.0,0,0,182209.3,0,no_listado
4,EWJ0309276AE,Tecnologia,5,621044.17,124208.83,173187.36,53704.1,0.8,3,1,1,1,5,0.0,0.0,0,0,1457,5,621044.17,0.0,0.0,0,0,621044.17,0,no_listado
4,GWW130606NB4,Transporte,9,590611.48,65623.5,151485.2,43841.38,0.4444,5,1,1,1,9,0.0,0.0,0,0,1428,8,532334.6,0.1111,0.0,0,0,590611.48,0,no_listado
4,IVG200825HVA,Transporte,9,662628.15,73625.35,165552.03,56493.56,0.5556,4,0,0,1,4,0.0,0.0,0,0,1768,7,589424.55,0.1111,0.0,0,0,662628.15,0,no_listado
4,GMG120914B10,Consultoria,6,437468.84,72911.47,121497.67,39149.1,0.5,5,0,0,0,0,0.0,0.0,1,1,1179,6,437468.84,0.0,1.0,0,0,437468.84,1,definitivo
4,KRG100327O17,Papeleria,1,1235881.42,1235881.42,1235881.42,0.0,1.0,1,0,0,0,0,0.0,0.0,0,0,202,1,1235881.42,0.0,0.0,0,0,1235881.42,1,no_listado
4,TFM1411109ON,Mantenimiento,10,481557.32,48155.73,49286.05,678.2,0.6,4,1,1,1,10,1.0,1.0,0,0,1074,9,432738.2,0.0,1.0,0,0,481557.32,1,no_listado
4,ADE260713R6G,Consultoria,5,454168.36,90833.67,135442.02,47850.04,0.0,4,1,1,1,5,1.0,0.2,0,0,216,4,318726.34,0.2,0.0,0,0,454168.36,1,no_listado
4,EED1306245R1,Tecnologia,7,512420.95,73202.99,153405.97,48212.68,0.4286,4,0,0,1,2,0.0,0.0,1,0,531,7,512420.95,0.0,0.0,0,0,512420.95,0,desvirtuado
4,CEC160506GE3,Consultoria,3,150141.91,50047.3,111646.44,43559.4,0.3333,3,1,1,1,2,0.0,0.0,1,0,493,3,150141.91,0.0,0.0,0,0,150141.91,0,desvirtuado
4,BRE100205QU9,Construccion,6,486590.35,81098.39,142733.97,59394.46,0.3333,4,0,0,1,4,0.0,0.0,1,0,769,4,325175.62,0.1667,0.0,0,0,486590.35,0,favorable
4,DCO1109091X2,Limpieza,4,196880.87,49220.22,80770.59,30824.19,0.25,4,0,0,1,3,0.0,0.0,1,0,1788,3,178207.4,0.25,0.0,0,0,196880.87,0,favorable
4,NIN090810FD5,Limpieza,7,439266.02,62752.29,120339.85,41309.74,0.5714,4,0,0,1,2,0.5,0.0,1,0,1366,6,339518.29,0.1429,0.0,0,0,439266.02,0,presunto
4,SAMA9710192W4,Publicidad,4,309222.99,77305.75,136027.52,57724.99,0.75,3,0,0,1,2,0.5,0.0,1,0,850,3,175198.28,0.25,0.0,0,0,309222.99,0,presunto
4,JCF031015SXE,Transporte,10,436919.92,43691.99,47738.05,1948.5,0.0,5,1,1,1,10,0.0,0.2,0,0,1732,9,395096.25,0.0,0.0,0,0,436919.92,0,no_listado
4,AYH071006SLK,Mantenimiento,1,9860.0,9860.0,9860.0,0.0,0.0,1,0,0,0,0,0.0,0.0,0,0,1059,1,9860.0,0.0,0.0,0,0,9860.0,0,no_listado
4,TKW070403YR3,Seguridad,8,556800.0,69600.0,69600.0,0.0,0.0,5,1,1,0,0,0.0,0.0,0,0,1249,7,487200.0,0.0,0.0,0,0,556800.0,0,no_listado
4,RHW250902ULV,Papeleria,4,61701.98,15425.5,16644.46,1346.02,0.0,4,1,1,0,0,0.0,0.0,0,0,2147,3,48556.08,0.25,0.0,0,0,61701.98,0,no_listado
4,WFW191205QZJ,Consultoria,6,315284.85,52547.48,61763.53,6299.04,0.0,5,1,1,0,0,0.0,0.0,0,0,2189,6,315284.85,0.0,0.0,0,0,315284.85,0,no_listado
4,BCZ1005218XW,Construccion,9,574044.74,63782.75,77053.08,10642.32,0.0,4,1,1,1,9,0.0,0.0,0,0,33,9,574044.74,0.0,0.0,0,0,574044.74,0,no_listado
4,SCH130410P56,Consultoria,5,169535.27,33907.05,39587.35,3472.04,0.0,4,1,1,0,0,0.0,0.0,1,0,2603,5,169535.27,0.0,0.0,0,0,169535.27,0,favorable
4,OLK231017KI2,Limpieza,8,37674.31,4709.29,6154.04,1072.1,0.0,1,0,0,0,0,0.0,0.0,0,0,2410,8,37674.31,0.0,0.0,0,0,37674.31,0,no_listado
4,XLO210801DNW,Mantenimiento,6,46960.52,7826.75,9976.44,975.5,0.1667,5,1,1,1,6,1.0,0.0,0,0,1615,5,39432.99,0.1667,0.0,0,0,46960.52,0,no_listado
5,BPH050105HUL,Tecnologia,6,656694.91,109449.15,137431.99,24070.69,0.3333,4,1,1,1,6,0.0,0.0,0,0,2428,4,393773.62,0.3333,0.0,0,0,656694.91,0,no_listado
5,KSJ11031408X,Publicidad,8,585030.11,73128.76,158709.26,50502.01,0.5,4,1,1,1,8,0.625,0.0,0,0,1914,5,340946.96,0.375,0.0,0,0,585030.11,0,no_listado
5,WMM051020QT5,Publicidad,5,130728.79,26145.76,59698.46,16779.25,0.4,3,0,0,1,3,0.0,0.0,0,0,2535,5,130728.79,0.0,0.0,0,0,130728.79,0,no_listado
5,ZBH150528JSS,Mantenimiento,3,101082.0,33694.0,64657.58,21903.08,0.3333,3,0,0,1,1,0.0,0.0,0,0,710,3,101082.0,0.0,0.0,0,0,101082.0,0,no_listado
5,RGA1307204Y4,Consultoria,5,234876.02,46975.2,93187.27,26417.82,0.6,3,1,1,1,5,0.2,0.2,0,0,1774,4,215500.68,0.2,0.0,0,0,234876.02,0,no_listado
5,CZC2101111EZ,Papeleria,4,220150.45,55037.61,108615.63,38412.18,0.5,3,0,0,1,2,0.0,0.0,0,0,2382,3,111534.82,0.25,0.0,0,0,220150.45,0,no_listado
5,IBS180224ZIA,Seguridad,5,382641.68,76528.34,121348.04,46787.62,0.6,2,0,0,1,1,0.0,0.0,0,0,1283,5,382641.68,0.0,0.0,0,0,382641.68,0,no_listado
5,ZHL141213LIB,Mantenimiento,9,422309.69,46923.3,117481.58,34853.28,0.6667,5,0,0,1,4,0.25,0.0,0,0,2217,8,330271.0,0.1111,0.0,0,0,422309.69,0,no_listado
5,VPG041220YWP,Consultoria,6,394870.39,65811.73,152768.36,60330.15,0.5,3,1,1,1,6,0.0,0.0,0,0,1147,5,375394.01,0.1667,0.0,0,0,394870.39,0,no_listado
5,VYL000716T1U,Consultoria,8,293631.98,36704.0,82071.74,20061.86,0.625,4,0,0,1,4,0.25,0.0,0,0,2230,7,270871.82,0.125,0.0,0,0,293631.98,0,no_listado
5,VOP040226US3,Transporte,5,430023.56,86004.71,148682.9,32292.55,0.6,4,1,1,1,5,0.0,0.0,0,0,1896,5,430023.56,0.0,0.0,0,0,430023.56,0,no_listado
5,AOB141114KCC,Publicidad,5,406885.78,81377.16,165376.43,48655.54,0.4,4,1,1,1,5,0.0,0.0,0,0,430,5,406885.78,0.0,0.0,0,0,406885.78,0,no_listado
5,SES050926RT6,Consultoria,8,508917.87,63614.73,146358.48,44259.29,0.5,6,0,0,0,0,0.0,0.0,1,1,280,8,508917.87,0.0,1.0,0,0,508917.87,1,definitivo
5,HAR230705JYQ,Tecnologia,1,1727228.08,1727228.08,1727228.08,0.0,1.0,1,0,0,0,0,0.0,0.0,0,0,499,1,1727228.08,0.0,0.0,0,0,1727228.08,1,no_listado
5,ZHQ070513K3W,Logistica,10,482233.73,48223.37,49795.7,859.2,0.6,5,1,1,1,10,1.0,1.0,0,0,1119,6,287706.09,0.2,1.0,0,0,482233.73,1,no_listado
5,ILT1802159YO,Seguridad,5,376927.29,75385.46,132130.43,48885.78,0.2,3,0,0,1,5,1.0,0.0,0,0,92,4,253745.28,0.2,0.0,0,0,376927.29,1,no_listado
5,CBA1603071F8,Mantenimiento,3,186719.12,62239.71,99160.18,29992.66,0.6667,3,0,0,1,1,0.0,0.0,1,0,1200,3,186719.12,0.0,0.0,0,0,186719.12,0,desvirtuado
5,HGE0704133L6,Mantenimiento,3,251085.76,83695.25,127009.37,46881.54,0.6667,3,1,1,1,1,0.0,0.0,1,0,1153,2,145576.5,0.3333,0.0,0,0,251085.76,0,desvirtuado
5,CBS140304ER1,Logistica,7,617432.43,88204.63,161400.66,53595.05,0.4286,5,0,0,1,3,0.3333,0.0,1,0,1434,6,528604.06,0.1429,0.0,0,0,617432.43,0,favorable
5,LTE080825U97,Construccion,7,583277.09,83325.3,170782.91,50696.44,0.4286,4,1,1,1,3,0.0,0.0,1,0,1730,6,412494.18,0.1429,0.0,0,0,583277.09,0,favorable
5,BBA181016QE4,Limpieza,5,632149.39,126429.88,168804.51,43844.46,0.6,4,1,1,1,2,0.0,0.0,1,0,812,4,581885.95,0.2,0.0,0,0,632149.39,0,presunto
5,EZI390111PP5,Tecnologia,5,423535.7,84707.14,131031.81,37632.19,0.4,3,1,1,1,1,0.0,0.0,1,0,320,3,173684.68,0.4,0.0,0,0,423535.7,0,presunto
5,ZYO110618D5V,Transporte,10,452431.33,45243.13,47962.07,2088.1,0.0,5,1,1,1,10,0.0,0.5,0,0,1717,8,359441.83,0.2,0.0,0,0,452431.33,0,no_listado
5,RDD190421BVH,Mantenimiento,1,9860.0,9860.0,9860.0,0.0,0.0,1,0,0,0,0,0.0,0.0,0,0,1149,1,9860.0,0.0,0.0,0,0,9860.0,0,no_listado
5,NTZ07030609Z,Seguridad,8,556800.0,69600.0,69600.0,0.0,0.0,4,1,1,0,0,0.0,0.0,0,0,1249,8,556800.0,0.0,0.0,0,0,556800.0,0,no_listado
5,EYK060516UXB,Papeleria,4,54497.78,13624.44,15978.83,1661.68,0.0,2,1,1,0,0,0.0,0.0,0,0,2133,3,41719.15,0.25,0.0,0,0,54497.78,0,no_listado
5,BTP141206UAT,Consultoria,6,318040.82,53006.8,63560.61,8217.24,0.0,4,1,1,0,0,0.0,0.0,0,0,2232,6,318040.82,0.0,0.0,0,0,318040.82,0,no_listado
5,RUS160513K1X,Construccion,9,564104.21,62678.25,79721.35,9789.29,0.0,4,1,1,1,9,0.0,0.1111,0,0,23,9,564104.21,0.0,0.0,0,0,564104.21,0,no_listado
5,CPY110413I37,Consultoria,5,184615.55,36923.11,46066.26,8285.33,0.0,3,1,1,0,0,0.0,0.0,1,0,2626,2,67465.74,0.6,0.0,0,0,184615.55,0,favorable
5,DID0301030Q3,Limpieza,8,29945.8,3743.22,5383.66,1083.11,0.0,1,0,0,0,0,0.0,0.0,0,0,2412,8,29945.8,0.0,0.0,0,0,29945.8,0,no_listado
5,WEH2112234W1,Mantenimiento,6,51807.55,8634.59,10050.32,1420.51,0.3333,5,1,1,1,6,1.0,0.0,0,0,1592,4,34369.05,0.3333,0.0,0,0,51807.55,0,no_listado
6,MRE141216EIE,Papeleria,7,402657.6,57522.51,161039.69,50974.65,0.4286,6,1,1,1,7,0.0,0.0,0,0,2434,6,299875.39,0.1429,0.0,0,0,402657.6,0,no_listado
6,MQO00072879I,Publicidad,4,243891.1,60972.78,143200.03,48934.1,0.5,3,0,0,1,3,0.0,0.0,0,0,1218,4,243891.1,0.0,0.0,0,0,243891.1,0,no_listado
6,HYS2205034ED,Mantenimiento,4,380119.38,95029.85,130905.22,30988.7,0.25,4,1,1,1,4,0.0,0.25,0,0,119,4,380119.38,0.0,0.0,0,0,380119.38,0,no_listado
6,LLW030425BXV,Papeleria,5,273174.24,54634.85,151559.28,51781.01,0.4,3,0,0,1,3,0.0,0.0,0,0,2420,5,273174.24,0.0,0.0,0,0,273174.24,0,no_listado
6,NSQ200809QIT,Consultoria,6,227191.94,37865.32,92160.4,26310.73,0.3333,4,1,1,1,6,0.0,0.0,0,0,1771,4,116892.45,0.3333,0.0,0,0,227191.94,0,no_listado
6,EJL181112OAT,Consultoria,7,403393.78,57627.68,155081.28,53600.46,0.8571,5,1,1,1,7,0.0,0.1429,0,0,177,6,385775.77,0.1429,0.0,0,0,403393.78,0,no_listado
6,XEQ160226FFH,Tecnologia,4,496262.88,124065.72,172966.99,43264.87,0.5,3,0,0,1,1,0.0,0.0,0,0,1192,3,440336.98,0.25,0.0,0,0,496262.88,0,no_listado
6,BUA151115UDA,Tecnologia,8,461528.95,57691.12,170912.83,50412.74,0.625,4,1,1,1,8,0.125,0.0,0,0,2234,7,443541.4,0.125,0.0,0,0,461528.95,0,no_listado
6,WGZ170315VQ8,Logistica,3,163129.23,54376.41,79781.06,26338.49,0.3333,2,1,1,1,3,0.0,0.0,0,0,1480,2,83348.17,0.3333,0.0,0,0,163129.23,0,no_listado
6,JWL061224KAF,Consultoria,8,438834.75,54854.34,131884.98,42676.21,0.125,5,1,1,1,8,0.25,0.0,0,0,1110,8,438834.75,0.0,0.0,0,0,438834.75,0,no_listado
6,QIQ081112T1X,Tecnologia,7,381304.15,54472.02,147472.25,46684.79,0.7143,4,0,0,1,2,0.0,0.0,0,0,125,6,283725.79,0.1429,0.0,0,0,381304.15,0,no_listado
6,LMM181228EHS,Limpieza,3,275460.62,91820.21,132605.75,28884.82,0.3333,3,1,1,1,3,0.0,0.0,0,0,794,2,202057.47,0.3333,0.0,0,0,275460.62,0,no_listado
6,RIRM570918MW9,Consultoria,8,702037.38,87754.67,171063.56,54112.12,0.25,5,1,1,0,0,0.0,0.0,1,1,520,5,435264.19,0.375,1.0,0,0,702037.38,1,definitivo
6,QXI141004BX1,Transporte,1,1300786.73,1300786.73,1300786.73,0.0,0.0,1,0,0,0,0,0.0,0.0,0,0,269,1,1300786.73,0.0,0.0,0,0,1300786.73,1,no_listado
6,XVR1310231R4,Mantenimiento,11,523428.3,47584.39,49599.66,868.36,0.5455,5,0,0,1,11,1.0,1.0,0,0,2042,10,475086.84,0.0,1.0,0,0,523428.3,1,no_listado
6,PPN180718YX3,Publicidad,4,342427.32,85606.83,161867.05,53536.42,0.25,4,0,0,1,4,1.0,0.0,0,0,467,3,323097.17,0.25,0.0,0,0,342427.32,1,no_listado
6,MCO100820RU2,Seguridad,5,519267.22,103853.44,153118.12,47813.22,1.0,5,1,1,1,2,0.0,0.0,1,0,2486,4,434955.37,0.2,0.0,0,0,519267.22,0,desvirtuado
6,UJE0205021X4,Consultoria,4,154707.85,38676.96,94430.52,32234.2,0.25,3,0,0,1,1,0.0,0.0,1,0,359,3,132075.22,0.25,0.0,0,0,154707.85,0,desvirtuado
6,APE140923FQ0,Publicidad,6,362502.09,60417.01,149721.46,56606.84,0.3333,4,1,1,1,4,0.0,0.0,1,0,2235,3,297097.79,0.5,0.0,0,0,362502.09,0,favorable
6,JUB130819KN9,Transporte,6,593607.28,98934.55,154251.86,41702.29,0.1667,4,1,1,1,3,0.0,0.0,1,0,993,5,439355.42,0.1667,0.0,0,0,593607.28,0,favorable
6,LOPV720508IU5,Papeleria,5,220505.85,44101.17,79318.36,23939.86,0.4,4,1,1,1,3,0.3333,0.3333,1,0,1984,4,160656.04,0.2,0.0,0,0,220505.85,0,presunto
6,NCO200220IF2,Limpieza,5,511230.01,102246.0,156660.42,50848.34,0.2,3,1,1,1,1,0.0,0.0,1,0,489,2,241860.11,0.4,0.0,0,0,511230.01,0,presunto
6,YOQ0906141DG,Transporte,10,446826.08,44682.61,48603.83,2518.2,0.0,5,1,1,1,10,0.0,0.4,0,0,1729,10,446826.08,0.0,0.0,0,0,446826.08,0,no_listado
6,TPW000822M3N,Mantenimiento,1,9860.0,9860.0,9860.0,0.0,0.0,1,0,0,0,0,0.0,0.0,0,0,1280,1,9860.0,0.0,0.0,0,0,9860.0,0,no_listado
6,ZKD051002SRT,Seguridad,8,556800.0,69600.0,69600.0,0.0,0.0,5,1,1,0,0,0.0,0.0,0,0,1249,7,487200.0,0.0,0.0,0,0,556800.0,0,no_listado
6,JGX170725UW0,Papeleria,4,51911.98,12978.0,16484.97,2047.87,0.0,3,1,1,0,0,0.0,0.0,0,0,2162,4,51911.98,0.0,0.0,0,0,51911.98,0,no_listado
6,KPG0106121T0,Consultoria,6,309376.93,51562.82,56761.27,4894.32,0.0,4,1,1,0,0,0.0,0.0,0,0,2213,6,309376.93,0.0,0.0,0,0,309376.93,0,no_listado
6,FXX1202132PF,Construccion,9,574663.77,63851.53,76302.97,9184.06,0.0,4,1,1,1,9,0.0,0.1111,0,0,35,9,574663.77,0.0,0.0,0,0,574663.77,0,no_listado
6,TTM1805148U5,Consultoria,5,163567.62,32713.52,35956.49,4246.45,0.0,4,1,1,0,0,0.0,0.0,1,0,2557,5,163567.62,0.0,0.0,0,0,163567.62,0,favorable
6,HEB1906098J0,Limpieza,8,41447.14,5180.89,6354.84,1296.64,0.0,1,0,0,0,0,0.0,0.0,0,0,2412,8,41447.14,0.0,0.0,0,0,41447.14,0,no_listado
6,INQ1107206IC,Mantenimiento,6,37307.84,6217.97,7792.71,1073.6,0.6667,3,1,1,1,6,1.0,0.0,0,0,1584,6,37307.84,0.0,0.0,0,0,37307.84,0,no_listado
7,TAP200626FHY,Construccion,9,882268.49,98029.83,167390.7,51000.27,0.0,5,1,1,1,9,0.1111,0.0,0,0,1759,6,548097.98,0.3333,0.0,0,0,882268.49,0,no_listado
7,AAZ2311047I1,Seguridad,3,219817.25,73272.42,150038.18,55670.79,0.3333,2,1,1,1,3,0.0,0.0,0,0,1818,2,169791.04,0.3333,0.0,0,0,219817.25,0,no_listado
7,OYF190125JLJ,Transporte,3,164711.37,54903.79,87731.23,26284.47,0.6667,3,0,0,1,2,0.0,0.0,0,0,2115,3,164711.37,0.0,0.0,0,0,164711.37,0,no_listado
7,TQG220515684,Tecnologia,3,281036.31,93678.77,155786.62,46412.56,0.6667,3,0,0,1,2,0.0,0.0,0,0,1570,1,155786.62,0.6667,0.0,0,0,281036.31,0,no_listado
7,OHX030716KOK,Mantenimiento,8,768885.69,96110.71,159132.74,49872.84,0.875,4,0,0,1,5,0.0,0.0,0,0,454,6,633334.42,0.25,0.0,0,0,768885.69,0,no_listado
7,ZHD020509CLR,Mantenimiento,4,363310.43,90827.61,157641.95,52548.31,0.75,4,1,1,1,4,0.25,0.0,0,0,932,4,363310.43,0.0,0.0,0,0,363310.43,0,no_listado
7,AKR130520IC7,Seguridad,7,587920.16,83988.59,165339.7,46036.95,0.7143,4,0,0,1,4,0.25,0.0,0,0,2164,6,517975.43,0.1429,0.0,0,0,587920.16,0,no_listado
7,QPH140222158,Transporte,6,458673.24,76445.54,155163.31,53139.99,0.5,3,1,1,1,6,0.0,0.0,0,0,970,6,458673.24,0.0,0.0,0,0,458673.24,0,no_listado
7,OFF080801QXV,Papeleria,8,769223.59,96152.95,170048.56,58727.35,0.625,3,1,1,1,8,0.0,0.0,0,0,1238,7,599175.03,0.0,0.0,0,0,769223.59,0,no_listado
7,JJU0702197JY,Papeleria,3,288717.76,96239.25,139262.9,54242.67,0.6667,2,0,0,0,0,0.0,0.0,0,0,647,3,288717.76,0.0,0.0,0,0,288717.76,0,no_listado
7,RBU001118P5Q,Transporte,8,755028.55,94378.57,169537.07,51178.78,0.5,5,0,0,1,1,0.0,0.0,0,0,116,8,755028.55,0.0,0.0,0,0,755028.55,0,no_listado
7,GCT040609TIA,Seguridad,6,318971.12,53161.85,146865.12,43713.35,0.3333,4,0,0,0,0,0.0,0.0,0,0,574,6,318971.12,0.0,0.0,0,0,318971.12,0,no_listado
7,WTB151027UH2,Consultoria,8,581759.49,72719.94,156020.82,44948.34,0.375,5,1,1,0,0,0.0,0.0,1,1,1273,7,564021.85,0.125,1.0,0,0,581759.49,1,definitivo
7,IQD2312254RI,Construccion,1,1274835.44,1274835.44,1274835.44,0.0,1.0,1,0,0,0,0,0.0,0.0,0,0,256,1,1274835.44,0.0,0.0,0,0,1274835.44,1,no_listado
7,JWW170110ZGA,Mantenimiento,13,634247.29,48788.25,49750.5,812.18,0.3077,5,1,1,1,13,1.0,1.0,0,0,381,13,634247.29,0.0,1.0,0,0,634247.29,1,no_listado
7,ZQY090403TFO,Tecnologia,5,498684.49,99736.9,162363.51,55773.12,0.6,4,1,1,1,5,1.0,0.0,0,0,1084,4,376310.13,0.2,0.0,0,0,498684.49,1,no_listado
7,NAG0304041H5,Limpieza,3,58469.72,19489.91,22741.87,2299.49,0.0,1,1,1,0,0,0.0,0.0,1,0,473,3,58469.72,0.0,0.0,0,0,58469.72,0,desvirtuado
7,GLM080305H85,Publicidad,7,389801.0,55685.86,114412.61,37011.22,0.5714,4,0,0,1,4,0.25,0.25,1,0,1978,5,352361.0,0.1429,0.0,0,0,389801.0,0,desvirtuado
7,LOMC881227JA5,Mantenimiento,4,174289.86,43572.46,71011.4,18339.84,0.25,3,1,1,1,4,0.0,0.0,1,0,209,3,130208.07,0.25,0.0,0,0,174289.86,0,favorable
7,GAI161128CG1,Logistica,4,198793.39,49698.35,104279.78,35125.62,0.5,3,0,0,1,4,0.0,0.0,1,0,1306,3,141985.63,0.25,0.0,0,0,198793.39,0,favorable
7,ASN190329518,Mantenimiento,5,273286.72,54657.34,113471.47,35984.88,0.4,3,0,0,1,2,0.0,0.0,1,0,831,4,159815.25,0.2,0.0,0,0,273286.72,0,presunto
7,EUDA930608V95,Logistica,3,239720.7,79906.9,123998.64,45406.14,0.6667,3,1,1,0,0,0.0,0.0,1,0,343,2,222288.8,0.3333,0.0,0,0,239720.7,0,presunto
7,SWK1011259QV,Transporte,10,445802.38,44580.24,48150.88,2040.97,0.0,5,1,1,1,10,0.0,0.3,0,0,1706,8,353041.39,0.2,0.0,0,0,445802.38,0,no_listado
7,YSK050604XYH,Mantenimiento,1,9860.0,9860.0,9860.0,0.0,0.0,1,0,0,0,0,0.0,0.0,0,0,1289,1,9860.0,0.0,0.0,0,0,9860.0,0,no_listado
7,GJJ220423E0A,Seguridad,8,556800.0,69600.0,69600.0,0.0,0.0,4,1,1,0,0,0.0,0.0,0,0,1249,7,487200.0,0.0,0.0,0,0,556800.0,0,no_listado
7,YAH260608F4Y,Papeleria,4,56401.54,14100.39,15323.33,1145.8,0.0,3,1,1,0,0,0.0,0.0,0,0,2132,4,56401.54,0.0,0.0,0,0,56401.54,0,no_listado
7,BRG081104Y65,Consultoria,6,313622.17,52270.36,59797.87,5727.3,0.0,4,1,1,0,0,0.0,0.0,0,0,2211,6,313622.17,0.0,0.0,0,0,313622.17,0,no_listado
7,ANN211006C8S,Construccion,9,504480.16,56053.35,74258.78,11986.25,0.0,5,1,1,1,9,0.0,0.1111,0,0,72,8,430221.38,0.1111,0.0,0,0,504480.16,0,no_listado
7,ABA170831PSA,Consultoria,5,176789.0,35357.8,43560.42,6424.07,0.0,4,1,1,0,0,0.0,0.0,1,0,2574,5,176789.0,0.0,0.0,0,0,176789.0,0,desvirtuado
7,DLV171111IVH,Limpieza,8,35087.94,4385.99,6171.9,1020.3,0.0,1,0,0,0,0,0.0,0.0,0,0,2413,8,35087.94,0.0,0.0,0,0,35087.94,0,no_listado
7,ZCF260901BO2,Mantenimiento,6,46769.74,7794.96,9931.18,1875.4,0.6667,3,1,1,1,6,1.0,0.0,0,0,1639,5,37006.14,0.1667,0.0,0,0,46769.74,0,no_listado
8,DTI0905266RR,Logistica,7,634422.97,90631.85,138542.63,38918.64,0.2857,5,1,1,1,7,0.1429,0.0,0,0,884,7,634422.97,0.0,0.0,0,0,634422.97,0,no_listado
8,ICD140828SFI,Logistica,5,273946.05,54789.21,90628.7,26936.89,0.6,2,1,1,1,5,0.0,0.2,0,0,2305,4,255405.5,0.2,0.0,0,0,273946.05,0,no_listado
8,ENX2502048OF,Construccion,3,60584.06,20194.69,22513.98,1823.25,0.6667,2,1,1,1,3,0.3333,0.0,0,0,1844,2,38070.08,0.3333,0.0,0,0,60584.06,0,no_listado
8,EYO011215S01,Limpieza,8,975195.2,121899.4,172077.95,40781.02,0.375,5,1,1,1,8,0.125,0.0,0,0,1040,8,975195.2,0.0,0.0,0,0,975195.2,0,no_listado
8,BLQ090613BJA,Transporte,3,150350.51,50116.84,113471.47,44805.08,0.3333,2,1,1,1,3,0.0,0.0,0,0,255,2,132852.14,0.3333,0.0,0,0,150350.51,0,no_listado
8,ZNL231122CJU,Limpieza,6,570466.23,95077.71,160439.22,59135.64,0.3333,5,0,0,1,5,0.0,0.0,0,0,249,5,410027.01,0.1667,0.0,0,0,570466.23,0,no_listado
8,OKE181204X3X,Construccion,5,487896.24,97579.25,143288.52,29661.48,0.4,4,1,1,1,5,0.0,0.0,0,0,1047,4,344607.72,0.2,0.0,0,0,487896.24,0,no_listado
8,XAX041010TAC,Consultoria,7,415610.19,59372.88,133372.66,49570.04,0.1429,4,1,1,1,7,0.1429,0.0,0,0,1255,7,415610.19,0.0,0.0,0,0,415610.19,0,no_listado
8,GAJ020811KOD,Limpieza,5,402491.26,80498.25,145526.85,35037.11,0.4,4,0,0,1,2,0.0,0.0,0,0,1352,4,347267.04,0.2,0.0,0,0,402491.26,0,no_listado
8,LTE190316GO7,Construccion,8,148864.06,18608.01,19875.16,924.6,0.5,5,0,0,1,4,0.25,0.0,0,0,1893,7,131009.43,0.0,0.0,0,0,148864.06,0,no_listado
8,DDM21112820A,Mantenimiento,9,519997.23,57777.47,128541.29,40049.44,0.6667,3,1,1,1,9,0.2222,0.1111,0,0,1736,7,385761.71,0.2222,0.0,0,0,519997.23,0,no_listado
8,WKP190316RD4,Seguridad,6,420243.89,70040.65,165931.5,54000.39,0.6667,5,1,1,1,6,0.0,0.0,0,0,1616,5,400783.46,0.1667,0.0,0,0,420243.89,0,no_listado
8,DCO140130PM7,Consultoria,7,474855.38,67836.48,151900.77,50371.97,0.4286,4,0,0,0,0,0.0,0.0,1,1,772,7,474855.38,0.0,1.0,0,0,474855.38,1,definitivo
8,EPN200525FTI,Publicidad,1,1275901.18,1275901.18,1275901.18,0.0,0.0,1,1,1,0,0,0.0,0.0,0,0,292,1,1275901.18,0.0,0.0,0,0,1275901.18,1,no_listado
8,WHG0508066TT,Tecnologia,12,574108.67,47842.39,49535.83,928.04,0.5833,6,0,0,1,12,1.0,1.0,0,0,195,12,574108.67,0.0,1.0,0,0,574108.67,1,no_listado
8,FUA120404BM2,Papeleria,5,466449.01,93289.8,125560.53,30007.39,0.6,4,0,0,1,5,1.0,0.2,0,0,228,4,355110.25,0.2,0.0,0,0,466449.01,1,no_listado
8,PTP140121EU3,Mantenimiento,3,167108.59,55702.86,84311.85,20484.95,0.0,2,1,1,1,1,0.0,0.0,1,0,113,2,121761.3,0.3333,0.0,0,0,167108.59,0,desvirtuado
8,CBM140913566,Publicidad,7,605683.66,86526.24,156602.06,60766.48,0.1429,5,1,1,1,2,0.5,0.0,1,0,787,7,605683.66,0.0,0.0,0,0,605683.66,0,desvirtuado
8,ROAL840918G64,Seguridad,5,314001.51,62800.3,148747.55,48430.9,0.4,4,1,1,1,2,0.5,0.0,1,0,246,4,262154.03,0.2,0.0,0,0,314001.51,0,favorable
8,ZBR051109MP8,Transporte,7,283926.03,40560.86,62987.15,17022.11,0.5714,4,1,1,1,2,0.0,0.0,1,0,956,5,188760.98,0.2857,0.0,0,0,283926.03,0,favorable
8,ZANR930320RC2,Seguridad,5,276532.28,55306.46,98969.52,31238.45,0.6,3,1,1,1,2,0.0,0.0,1,0,225,2,118924.44,0.6,0.0,0,0,276532.28,0,presunto
8,HEHC010912JE2,Consultoria,6,525339.07,87556.51,164673.58,57928.59,0.0,4,0,0,1,3,0.0,0.0,1,0,2177,4,215936.77,0.3333,0.0,0,0,525339.07,0,presunto
8,NLK120324V0F,Transporte,10,450171.86,45017.19,47796.91,2395.22,0.0,6,1,1,1,10,0.0,0.6,0,0,1725,9,402466.55,0.0,0.0,0,0,450171.86,0,no_listado
8,WET1507082YS,Mantenimiento,1,9860.0,9860.0,9860.0,0.0,0.0,1,0,0,0,0,0.0,0.0,0,0,1102,1,9860.0,0.0,0.0,0,0,9860.0,0,no_listado
8,BJY090522IKH,Seguridad,8,556800.0,69600.0,69600.0,0.0,0.0,4,1,1,0,0,0.0,0.0,0,0,1249,8,556800.0,0.0,0.0,0,0,556800.0,0,no_listado
8,LMR040122TRQ,Papeleria,4,54749.2,13687.3,16431.13,1924.92,0.0,2,1,1,0,0,0.0,0.0,0,0,2136,4,54749.2,0.0,0.0,0,0,54749.2,0,no_listado
8,GKD080427ETT,Consultoria,6,340571.02,56761.84,61597.73,4866.49,0.0,3,1,1,0,0,0.0,0.0,0,0,2187,5,283940.78,0.0,0.0,0,0,340571.02,0,no_listado
8,CLY020510R7J,Construccion,9,509219.69,56579.97,79170.95,12112.35,0.0,5,1,1,1,9,0.0,0.2222,0,0,55,8,450820.14,0.1111,0.0,0,0,509219.69,0,no_listado
8,IMA100826GZ4,Consultoria,5,166891.58,33378.32,39104.93,4206.39,0.0,3,1,1,0,0,0.0,0.0,1,0,2638,4,127786.65,0.2,0.0,0,0,166891.58,0,favorable
8,SPF241104K7H,Limpieza,8,30548.08,3818.51,6103.58,1161.65,0.0,1,0,0,0,0,0.0,0.0,0,0,2434,8,30548.08,0.0,0.0,0,0,30548.08,0,no_listado
8,BQQ250718E04,Mantenimiento,6,39782.37,6630.4,8086.12,1164.49,0.5,4,1,1,1,6,1.0,0.0,0,0,1718,5,33208.66,0.1667,0.0,0,0,39782.37,0,no_listado
9,LTP170916BEV,Construccion,8,635480.95,79435.12,134461.18,32808.33,0.5,5,1,1,1,8,0.0,0.0,0,0,202,7,524823.17,0.125,0.0,0,0,635480.95,0,no_listado
9,UQG111103PAQ,Papeleria,3,247748.05,82582.68,147473.69,46187.16,0.6667,3,0,0,1,2,0.0,0.0,0,0,1766,2,100274.36,0.3333,0.0,0,0,247748.05,0,no_listado
9,JDA1008080U5,Consultoria,3,293456.28,97818.76,139579.88,56363.87,0.6667,3,1,1,1,3,0.0,0.0,0,0,984,2,153876.4,0.3333,0.0,0,0,293456.28,0,no_listado
9,VEU020615YN8,Logistica,5,187044.82,37408.96,73741.22,22766.1,0.4,3,1,1,1,5,0.4,0.0,0,0,2265,3,93625.17,0.2,0.0,0,0,187044.82,0,no_listado
9,QZM2007136I6,Seguridad,5,398425.26,79685.05,155297.9,43835.78,0.4,4,1,1,1,5,0.2,0.0,0,0,1104,4,331774.55,0.2,0.0,0,0,398425.26,0,no_listado
9,HFK041222WD8,Limpieza,6,394547.58,65757.93,148539.15,45467.21,0.3333,4,1,1,1,6,0.1667,0.0,0,0,1184,5,313631.04,0.1667,0.0,0,0,394547.58,0,no_listado
9,ZMO131124M9G,Tecnologia,6,547990.09,91331.68,134329.48,21998.67,0.6667,4,1,1,1,6,0.0,0.0,0,0,2230,5,485337.26,0.1667,0.0,0,0,547990.09,0,no_listado
9,YHO141202ULJ,Construccion,8,577477.79,72184.72,159091.61,48458.33,0.25,4,1,1,1,8,0.25,0.0,0,0,1767,6,366234.63,0.25,0.0,0,0,577477.79,0,no_listado
9,XBU160810GNA,Consultoria,6,608269.13,101378.19,168032.46,55783.03,0.6667,4,1,1,1,6,0.0,0.0,0,0,100,5,496513.33,0.1667,0.0,0,0,608269.13,0,no_listado
9,OLL171203G01,Seguridad,8,446572.34,55821.54,171820.45,52049.27,0.375,4,1,1,1,8,0.125,0.0,0,0,2316,7,274751.89,0.125,0.0,0,0,446572.34,0,no_listado
9,BLX2111080QX,Tecnologia,5,430346.28,86069.26,164075.59,52311.94,0.2,3,0,0,1,2,0.0,0.0,0,0,2305,5,430346.28,0.0,0.0,0,0,430346.28,0,no_listado
9,QDS1801072GY,Mantenimiento,5,324768.73,64953.75,103105.56,32578.44,0.8,5,1,1,1,5,0.0,0.0,0,0,1801,5,324768.73,0.0,0.0,0,0,324768.73,0,no_listado
9,SIM1212075E2,Consultoria,5,528822.71,105764.54,155571.83,50913.5,0.6,5,0,0,0,0,0.0,0.0,1,1,273,5,528822.71,0.0,1.0,0,0,528822.71,1,definitivo
9,CNC150619ZO2,Mantenimiento,1,1018205.9,1018205.9,1018205.9,0.0,1.0,1,0,0,0,0,0.0,0.0,0,0,459,1,1018205.9,0.0,0.0,0,0,1018205.9,1,no_listado
9,XDQ150104UWY,Logistica,10,486946.51,48694.65,49792.22,899.52,0.4,6,0,0,1,10,1.0,1.0,0,0,1985,8,389948.22,0.0,1.0,0,0,486946.51,1,no_listado
9,JRI180305NKD,Logistica,6,393928.67,65654.78,133113.26,48394.28,0.3333,2,0,0,1,6,1.0,0.0,0,0,249,6,393928.67,0.0,0.0,0,0,393928.67,1,no_listado
9,CRE090310NA8,Mantenimiento,5,478039.78,95607.96,148137.68,47957.96,0.0,4,1,1,1,3,0.0,0.0,1,0,1904,5,478039.78,0.0,0.0,0,0,478039.78,0,desvirtuado
9,HGE0704133L6,Consultoria,3,56711.67,18903.89,19234.44,295.78,0.6667,3,1,1,1,1,0.0,0.0,1,0,317,3,56711.67,0.0,0.0,0,0,56711.67,0,desvirtuado
9,GTE150901MX2,Mantenimiento,3,175235.38,58411.79,138789.7,56836.52,0.6667,3,1,1,1,2,0.0,0.0,1,0,1493,1,18583.08,0.6667,0.0,0,0,175235.38,0,favorable
9,DPA110707RX3,Logistica,3,419225.06,139741.69,165521.84,18308.78,0.3333,3,1,1,1,1,0.0,0.0,1,0,2458,2,294460.24,0.3333,0.0,0,0,419225.06,0,favorable
9,MAR220407S79,Construccion,6,401034.15,66839.03,125049.71,39067.51,0.8333,4,1,1,1,2,0.0,0.0,1,0,470,4,245719.44,0.3333,0.0,0,0,401034.15,0,presunto
9,COC140804C80,Limpieza,3,191073.88,63691.29,84311.85,27118.32,0.3333,3,1,1,0,0,0.0,0.0,1,0,295,1,81384.58,0.6667,0.0,0,0,191073.88,0,presunto
9,UCY061205XGG,Transporte,10,455171.64,45517.16,48529.45,2898.58,0.0,6,1,1,1,10,0.0,0.6,0,0,1709,7,314419.26,0.1,0.0,0,0,455171.64,0,no_listado
9,YKH050212XWR,Mantenimiento,1,9860.0,9860.0,9860.0,0.0,0.0,1,0,0,0,0,0.0,0.0,0,0,1091,1,9860.0,0.0,0.0,0,0,9860.0,0,no_listado
9,XLO130110940,Seguridad,8,556800.0,69600.0,69600.0,0.0,0.0,5,1,1,0,0,0.0,0.0,0,0,1249,8,556800.0,0.0,0.0,0,0,556800.0,0,no_listado
9,SOC120205NFC,Papeleria,4,53002.96,13250.74,15820.73,1761.73,0.0,2,1,1,0,0,0.0,0.0,0,0,2155,4,53002.96,0.0,0.0,0,0,53002.96,0,no_listado
9,WGK240608THJ,Consultoria,6,310281.47,51713.58,62465.78,7231.15,0.0,3,1,1,0,0,0.0,0.0,0,0,2232,6,310281.47,0.0,0.0,0,0,310281.47,0,no_listado
9,WCN100917P6Z,Construccion,9,510638.15,56737.57,72264.36,10918.13,0.0,4,1,1,1,9,0.0,0.1111,0,0,60,9,510638.15,0.0,0.0,0,0,510638.15,0,no_listado
9,LMR1507247I1,Consultoria,5,177403.67,35480.73,42673.11,5522.7,0.0,3,1,1,0,0,0.0,0.0,1,0,2572,5,177403.67,0.0,0.0,0,0,177403.67,0,favorable
9,EJA2111205GA,Limpieza,8,33647.51,4205.94,6012.18,1414.17,0.0,1,0,0,0,0,0.0,0.0,0,0,2443,8,33647.51,0.0,0.0,0,0,33647.51,0,no_listado
9,BTF18062785P,Mantenimiento,6,46097.83,7682.97,9235.94,1260.99,0.6667,5,1,1,1,6,1.0,0.0,0,0,1639,6,46097.83,0.0,0.0,0,0,46097.83,0,no_listado
10,XJA180621UEZ,Publicidad,4,177287.26,44321.82,124108.88,46065.45,0.75,4,1,1,1,4,0.25,0.0,0,0,1479,4,177287.26,0.0,0.0,0,0,177287.26,0,no_listado
10,YYK011123DCX,Transporte,3,148837.14,49612.38,85715.91,27299.6,0.0,2,1,1,1,3,0.3333,0.0,0,0,956,3,148837.14,0.0,0.0,0,0,148837.14,0,no_listado
10,TFL260727V96,Transporte,9,404694.52,44966.06,113049.66,34084.51,0.4444,4,1,1,1,9,0.1111,0.1111,0,0,1761,7,254896.15,0.2222,0.0,0,0,404694.52,0,no_listado
10,BMT240703WM5,Construccion,7,661656.27,94522.32,155699.6,47128.73,0.5714,3,0,0,1,2,0.0,0.0,0,0,172,6,608182.61,0.1429,0.0,0,0,661656.27,0,no_listado
10,QTP190418SAK,Papeleria,5,332919.66,66583.93,164325.48,53197.06,0.4,3,1,1,1,5,0.0,0.0,0,0,1029,5,332919.66,0.0,0.0,0,0,332919.66,0,no_listado
10,XBL101116KBN,Papeleria,7,433504.92,61929.27,112607.42,38424.45,0.5714,6,0,0,1,3,0.0,0.0,0,0,79,7,433504.92,0.0,0.0,0,0,433504.92,0,no_listado
10,FTN010906DY3,Mantenimiento,9,642499.94,71388.88,151787.33,51910.88,0.7778,6,1,1,1,9,0.0,0.0,0,0,1818,8,548363.32,0.1111,0.0,0,1,642499.94,0,no_listado
10,KZA180521716,Consultoria,6,574852.39,95808.73,135670.27,39584.14,0.5,5,1,1,1,6,0.3333,0.0,0,0,262,4,456322.17,0.3333,0.0,0,0,574852.39,0,no_listado
10,VWY0506174JC,Papeleria,7,568734.7,81247.81,159887.5,47273.17,0.4286,4,0,0,1,6,0.0,0.0,0,0,1003,5,322464.19,0.2857,0.0,0,0,568734.7,0,no_listado
10,ZCW230105CAX,Publicidad,3,163255.44,54418.48,122348.56,48083.98,0.3333,3,0,0,1,2,0.0,0.0,0,0,610,2,145491.21,0.3333,0.0,0,0,163255.44,0,no_listado
10,RXX0410198IE,Consultoria,5,174747.68,34949.54,65674.28,20254.95,0.6,4,1,1,1,5,0.0,0.0,0,0,751,3,90506.27,0.4,0.0,0,0,174747.68,0,no_listado
10,YWS010723S3K,Publicidad,5,269276.39,53855.28,114162.7,41229.57,1.0,3,1,1,1,5,0.2,0.0,0,0,2156,5,269276.39,0.0,0.0,0,0,269276.39,0,no_listado
10,BSE121023G2A,Consultoria,5,467038.96,93407.79,148792.14,48197.07,0.6,3,0,0,0,0,0.0,0.0,1,1,935,4,362306.69,0.2,1.0,0,0,467038.96,1,definitivo
10,ITI190207GML,Construccion,1,1322267.67,1322267.67,1322267.67,0.0,0.0,1,1,1,0,0,0.0,0.0,0,0,2293,1,1322267.67,0.0,0.0,0,0,1322267.67,1,no_listado
10,GIU1608125O0,Construccion,14,673365.2,48097.51,49599.89,936.49,0.5,6,0,0,1,14,1.0,1.0,0,0,104,13,624974.99,0.0,1.0,0,0,673365.2,1,no_listado
10,DCR200711VYA,Limpieza,4,367241.82,91810.45,144779.24,34428.83,0.25,3,0,0,1,4,1.0,0.0,0,0,716,4,367241.82,0.0,0.0,0,0,367241.82,1,no_listado
10,ESE0501142S4,Transporte,3,81494.61,27164.87,43464.39,11534.99,0.3333,3,1,1,1,1,0.0,0.0,1,0,2146,2,61906.57,0.3333,0.0,0,0,81494.61,0,desvirtuado
10,PFR080919LR2,Logistica,5,690321.71,138064.34,171078.19,40629.76,0.6,4,1,1,1,4,0.0,0.0,1,0,2410,4,521758.82,0.2,0.0,0,0,690321.71,0,desvirtuado
10,MDI020128HP8,Papeleria,3,348466.53,116155.51,163150.22,45303.43,1.0,2,1,1,1,1,0.0,0.0,1,0,89,3,348466.53,0.0,0.0,0,0,348466.53,0,favorable
10,APO170112FG0,Papeleria,6,602661.63,100443.6,170181.74,38219.32,0.5,5,1,1,1,3,0.0,0.3333,1,0,1778,6,602661.63,0.0,0.0,0,0,602661.63,0,favorable
10,CUR190527LS2,Consultoria,5,153677.78,30735.56,58780.38,16067.31,0.6,4,1,1,1,3,0.0,0.0,1,0,1390,5,153677.78,0.0,0.0,0,0,153677.78,0,presunto
10,RAL1710172W6,Tecnologia,3,219774.45,73258.15,141009.05,50483.47,0.0,3,1,1,1,1,0.0,0.0,1,0,2080,2,78765.4,0.3333,0.0,0,0,219774.45,0,presunto
10,NTZ1002031KY,Transporte,10,459763.28,45976.33,47618.37,1777.79,0.0,5,1,1,1,10,0.0,0.7,0,0,1716,10,459763.28,0.0,0.0,0,0,459763.28,0,no_listado
10,OCM161006R67,Mantenimiento,1,9860.0,9860.0,9860.0,0.0,0.0,1,0,0,0,0,0.0,0.0,0,0,1085,1,9860.0,0.0,0.0,0,0,9860.0,0,no_listado
10,QHX0404188D8,Seguridad,8,556800.0,69600.0,69600.0,0.0,0.0,4,1,1,0,0,0.0,0.0,0,0,1249,6,417600.0,0.0,0.0,0,0,556800.0,0,no_listado
10,WQH110128AS2,Papeleria,4,61483.19,15370.8,16648.9,1741.2,0.0,2,1,1,0,0,0.0,0.0,0,0,2173,4,61483.19,0.0,0.0,0,1,61483.19,0,no_listado
10,GUU150816LQE,Consultoria,6,307104.24,51184.04,58419.62,4956.55,0.0,5,1,1,0,0,0.0,0.0,0,0,2202,5,254649.47,0.1667,0.0,0,0,307104.24,0,no_listado
10,ELK110318QHQ,Construccion,9,533051.39,59227.93,78888.44,15788.1,0.0,5,1,1,1,9,0.0,0.1111,0,0,57,9,533051.39,0.0,0.0,0,0,533051.39,0,no_listado
10,ITS11061541A,Consultoria,5,166295.1,33259.02,46266.15,7112.82,0.0,4,1,1,0,0,0.0,0.0,1,0,2570,5,166295.1,0.0,0.0,0,0,166295.1,0,favorable
10,DNY020826YFW,Limpieza,8,37847.95,4730.99,6380.2,1077.9,0.0,1,0,0,0,0,0.0,0.0,0,0,2431,8,37847.95,0.0,0.0,0,0,37847.95,0,no_listado
10,QPV160310379,Mantenimiento,6,50052.89,8342.15,9438.8,843.67,0.5,2,1,1,1,6,1.0,0.0,0,0,1593,5,42704.46,0.0,0.0,0,0,50052.89,0,no_listado
11,AHW0308255QA,Limpieza,6,585050.65,97508.44,171760.17,64629.05,0.6667,5,1,1,1,6,0.1667,0.0,0,0,1978,4,421929.43,0.3333,0.0,0,0,585050.65,0,no_listado
11,BWC08030424R,Limpieza,6,457685.48,76280.91,129100.82,45377.32,0.3333,5,1,1,1,6,0.1667,0.0,0,0,872,5,437892.74,0.1667,0.0,0,0,457685.48,0,no_listado
11,IHY040121H2G,Publicidad,4,339722.26,84930.57,138664.44,46929.0,0.75,2,1,1,1,4,0.25,0.0,0,0,1091,4,339722.26,0.0,0.0,0,0,339722.26,0,no_listado
11,XME140807AY9,Seguridad,8,810383.16,101297.89,172767.74,43394.18,0.375,4,1,1,1,8,0.0,0.125,0,0,537,6,649533.29,0.25,0.0,0,0,810383.16,0,no_listado
11,AGZ020726CL8,Transporte,6,472603.08,78767.18,148668.63,39947.71,0.6667,3,1,1,1,6,0.0,0.0,0,0,1986,5,323934.45,0.1667,0.0,0,0,472603.08,0,no_listado
11,RQI18080708H,Construccion,7,607555.47,86793.64,156910.46,44542.8,0.4286,5,1,1,1,7,0.1429,0.1429,0,0,1062,6,450645.01,0.1429,0.0,0,0,607555.47,0,no_listado
11,PQK030414BQI,Consultoria,5,434721.38,86944.28,147522.91,53877.27,0.6,4,1,1,1,5,0.0,0.0,0,0,2470,4,415760.77,0.2,0.0,0,0,434721.38,0,no_listado
11,QTF1704288N7,Logistica,4,275365.64,68841.41,107872.44,24091.28,0.5,4,1,1,1,4,0.0,0.0,0,0,2007,3,214263.44,0.25,0.0,0,0,275365.64,0,no_listado
11,ZAD061022WXH,Transporte,6,465837.61,77639.6,160725.57,54344.7,0.5,4,1,1,1,6,0.0,0.1667,0,0,1200,5,445962.45,0.1667,0.0,0,0,465837.61,0,no_listado
11,OCY030613316,Publicidad,5,468247.12,93649.42,164976.97,58783.51,0.2,4,1,1,1,5,0.2,0.2,0,0,1702,5,468247.12,0.0,0.0,0,0,468247.12,0,no_listado
11,ZYI080224KZI,Transporte,9,800940.75,88993.42,172303.77,45993.54,0.2222,5,1,1,1,9,0.0,0.0,0,0,1073,8,628636.98,0.1111,0.0,0,0,800940.75,0,no_listado
11,QPU061204ZBH,Mantenimiento,5,288189.11,57637.82,93101.21,24057.67,0.2,4,1,1,1,5,0.2,0.0,0,0,1587,3,138156.68,0.4,0.0,0,0,288189.11,0,no_listado
11,SNM1407076C8,Consultoria,5,329583.68,65916.74,135277.99,37954.54,0.6,5,1,1,0,0,0.0,0.0,1,1,359,5,329583.68,0.0,1.0,0,0,329583.68,1,definitivo
11,SZQ2107153WJ,Seguridad,1,1383874.03,1383874.03,1383874.03,0.0,1.0,1,1,1,0,0,0.0,0.0,0,0,1110,1,1383874.03,0.0,0.0,0,0,1383874.03,1,no_listado
11,DGL090628JDE,Publicidad,14,671312.34,47950.88,49797.76,1167.29,0.3571,6,1,1,1,14,1.0,1.0,0,0,245,11,527322.02,0.0,1.0,0,0,671312.34,1,no_listado
11,SDI16091827Q,Publicidad,6,411021.55,68503.59,156946.0,50653.51,0.5,5,1,1,1,6,1.0,0.0,0,0,240,5,254075.55,0.1667,0.0,0,0,411021.55,1,no_listado
11,APC030624DA3,Tecnologia,5,225851.95,45170.39,111668.49,35319.29,0.8,4,0,0,1,1,0.0,0.0,1,0,167,5,225851.95,0.0,0.0,0,0,225851.95,0,desvirtuado
11,CMI991213SG9,Tecnologia,7,640166.98,91452.43,164501.82,58719.04,0.4286,3,1,1,1,5,0.2,0.0,1,0,244,7,640166.98,0.0,0.0,0,0,640166.98,0,desvirtuado
11,STO040909P91,Tecnologia,7,358743.45,51249.06,110315.7,33540.4,0.8571,5,1,1,1,1,0.0,0.0,1,0,1330,6,341261.03,0.1429,0.0,0,0,358743.45,0,favorable
11,GCF150401Q76,Construccion,5,176243.07,35248.61,61868.55,16545.37,0.4,4,1,1,1,4,0.25,0.25,1,0,307,5,176243.07,0.0,0.0,0,0,176243.07,0,favorable
11,IDE990526C42,Publicidad,3,180987.57,60329.19,86818.19,29158.36,0.3333,3,1,1,0,0,0.0,0.0,1,0,716,1,86818.19,0.6667,0.0,0,0,180987.57,0,presunto
11,CUR190527LS2,Publicidad,5,195779.27,39155.85,62157.99,15142.15,0.2,3,0,0,1,3,0.3333,0.3333,1,0,1912,3,114663.33,0.4,0.0,0,0,195779.27,0,presunto
11,EDI070916DHH,Transporte,10,433110.09,43311.01,46482.21,1885.96,0.0,5,1,1,1,10,0.0,0.2,0,0,1704,8,347621.46,0.1,0.0,0,0,433110.09,0,no_listado
11,DNN1810056Y9,Mantenimiento,1,9860.0,9860.0,9860.0,0.0,0.0,1,0,0,0,0,0.0,0.0,0,0,1228,1,9860.0,0.0,0.0,0,1,9860.0,0,no_listado
11,WJG040103TQV,Seguridad,8,556800.0,69600.0,69600.0,0.0,0.0,5,1,1,0,0,0.0,0.0,0,0,1249,7,487200.0,0.0,0.0,0,0,556800.0,0,no_listado
11,DCT220825SRY,Papeleria,4,54058.11,13514.53,17329.43,2703.73,0.0,3,1,1,0,0,0.0,0.0,0,0,2139,4,54058.11,0.0,0.0,0,0,54058.11,0,no_listado
11,XEO2007257UF,Consultoria,6,320144.49,53357.42,61710.38,5869.84,0.0,5,1,1,0,0,0.0,0.0,0,0,2193,3,148329.89,0.5,0.0,0,0,320144.49,0,no_listado
11,BAJ231102UZ0,Construccion,9,529334.65,58814.96,69233.45,7858.01,0.0,6,1,1,1,9,0.0,0.1111,0,0,116,9,529334.65,0.0,0.0,0,0,529334.65,0,no_listado
11,MRR151222779,Consultoria,5,176715.7,35343.14,44120.58,4653.34,0.0,4,1,1,0,0,0.0,0.0,1,0,2581,5,176715.7,0.0,0.0,0,0,176715.7,0,favorable
11,NZU020401CE7,Limpieza,8,38851.44,4856.43,6897.29,1485.58,0.0,1,0,0,0,0,0.0,0.0,0,0,2417,8,38851.44,0.0,0.0,0,0,38851.44,0,no_listado
11,PBF110904JH2,Mantenimiento,6,51419.32,8569.89,9891.42,1730.72,0.1667,2,1,1,1,6,1.0,0.0,0,0,1659,5,41546.46,0.0,0.0,0,0,51419.32,0,no_listado
12,QWK050915Y6P,Seguridad,5,633232.5,126646.5,173872.39,33714.33,0.4,3,1,1,1,5,0.0,0.0,0,0,2361,4,510017.58,0.2,0.0,0,0,633232.5,0,no_listado
12,NZL090721SYU,Consultoria,7,574984.05,82140.58,147096.02,40460.63,0.2857,4,0,0,1,3,0.0,0.0,0,0,241,5,332734.26,0.2857,0.0,0,0,574984.05,0,no_listado
12,UXW111210ITN,Seguridad,3,266038.52,88679.51,135884.87,50590.59,0.6667,2,1,1,1,3,0.3333,0.0,0,0,2477,2,154401.49,0.3333,0.0,0,0,266038.52,0,no_listado
12,MQP200515WY0,Publicidad,5,433670.45,86734.09,146250.45,39584.42,0.2,3,1,1,1,5,0.0,0.0,0,0,2547,5,433670.45,0.0,0.0,0,0,433670.45,0,no_listado
12,STX201228BO4,Mantenimiento,6,274051.62,45675.27,76936.87,22247.26,0.6667,5,1,1,1,6,0.1667,0.1667,0,0,674,6,274051.62,0.0,0.0,0,0,274051.62,0,no_listado
12,MYK1010135VM,Logistica,4,226657.81,56664.45,82537.25,23013.94,0.5,3,1,1,1,4,0.0,0.0,0,0,1096,4,226657.81,0.0,0.0,0,0,226657.81,0,no_listado
12,MKJ11061163E,Limpieza,8,537162.05,67145.26,155069.53,44567.26,0.5,5,0,0,1,3,0.0,0.3333,0,0,170,8,537162.05,0.0,0.0,0,0,537162.05,0,no_listado
12,VJF250808SEO,Seguridad,6,525567.47,87594.58,150261.6,52385.5,0.8333,3,0,0,1,3,0.0,0.0,0,0,204,4,368263.19,0.3333,0.0,0,0,525567.47,0,no_listado
12,WTW100613TIB,Logistica,6,290301.81,48383.64,144720.75,45833.67,0.6667,4,1,1,1,6,0.1667,0.0,0,0,111,6,290301.81,0.0,0.0,0,0,290301.81,0,no_listado
12,RMQ150520FMJ,Consultoria,9,445209.63,49467.74,107870.62,30376.93,0.5556,5,1,1,1,9,0.1111,0.0,0,0,1032,8,384107.43,0.1111,0.0,0,1,445209.63,0,no_listado
12,PML260703E87,Consultoria,4,441224.85,110306.21,153042.26,39917.08,0.5,3,0,0,1,3,0.0,0.0,0,0,983,4,441224.85,0.0,0.0,0,0,441224.85,0,no_listado
12,ULW090603HCH,Consultoria,3,141262.68,47087.56,60246.13,17847.52,0.6667,3,1,1,1,3,0.0,0.0,0,0,2019,2,82101.26,0.3333,0.0,0,0,141262.68,0,no_listado
12,MAS051108CL1,Consultoria,7,420146.22,60020.89,134692.47,44099.12,0.7143,5,0,0,0,0,0.0,0.0,1,1,157,6,370401.59,0.1429,1.0,0,0,420146.22,1,definitivo
12,GMM0002200EM,Tecnologia,1,1673417.47,1673417.47,1673417.47,0.0,0.0,1,0,0,0,0,0.0,0.0,0,0,410,1,1673417.47,0.0,0.0,0,0,1673417.47,1,no_listado
12,EZG060414S30,Consultoria,10,482501.31,48250.13,49716.85,946.3,0.4,5,0,0,1,10,1.0,1.0,0,0,1898,10,482501.31,0.0,1.0,0,0,482501.31,1,no_listado
12,GDZ040422W7I,Tecnologia,4,393894.5,98473.62,157110.37,55607.44,0.75,3,0,0,1,4,1.0,0.0,0,0,250,4,393894.5,0.0,0.0,0,0,393894.5,1,no_listado
12,ZIT150707U64,Publicidad,3,273529.78,91176.59,157399.08,48618.96,0.3333,2,1,1,1,2,0.5,0.0,1,0,832,3,273529.78,0.0,0.0,0,0,273529.78,0,desvirtuado
12,AMO590630LA9,Consultoria,5,299049.16,59809.83,98237.64,29004.47,0.8,4,0,0,1,1,0.0,0.0,1,0,2514,3,181335.14,0.4,0.0,0,0,299049.16,0,desvirtuado
12,HETL621030P28,Tecnologia,7,403841.73,57691.68,109830.98,34741.31,0.5714,3,0,0,1,3,0.0,0.0,1,0,1868,6,294010.75,0.1429,0.0,0,0,403841.73,0,favorable
12,ICE151203V34,Publicidad,4,328689.79,82172.45,137571.67,32338.16,0.5,3,0,0,1,3,0.0,0.0,1,0,1156,3,263125.0,0.25,0.0,0,0,328689.79,0,favorable
12,SLM1703174M0,Transporte,5,291792.13,58358.43,106404.89,37427.27,0.8,4,0,0,1,2,0.5,0.0,1,0,1188,3,88845.79,0.4,0.0,0,0,291792.13,0,presunto
12,HDI210319D1A,Papeleria,3,193835.84,64611.95,88621.08,32256.85,0.0,2,1,1,1,2,0.0,0.0,1,0,2391,2,105214.76,0.3333,0.0,0,0,193835.84,0,presunto
12,FJU241016FS9,Transporte,10,439660.3,43966.03,46702.16,1767.86,0.0,6,1,1,1,10,0.0,0.4,0,0,1698,10,439660.3,0.0,0.0,0,0,439660.3,0,no_listado
12,YNT110226NE3,Mantenimiento,1,9860.0,9860.0,9860.0,0.0,0.0,1,0,0,0,0,0.0,0.0,0,0,1279,1,9860.0,0.0,0.0,0,0,9860.0,0,no_listado
12,DQB1004069OM,Seguridad,8,556800.0,69600.0,69600.0,0.0,0.0,5,1,1,0,0,0.0,0.0,0,0,1249,7,487200.0,0.0,0.0,0,0,556800.0,0,no_listado
12,ZZQ051028IB7,Papeleria,4,55469.23,13867.31,15187.35,1304.96,0.0,3,1,1,0,0,0.0,0.0,0,0,2235,4,55469.23,0.0,0.0,0,0,55469.23,0,no_listado
12,BFL260103XP7,Consultoria,6,305882.41,50980.4,60556.67,7890.39,0.0,3,1,1,0,0,0.0,0.0,0,0,2193,5,252424.88,0.1667,0.0,0,0,305882.41,0,no_listado
12,HQK121225RSH,Construccion,9,546338.75,60704.31,81142.41,13343.6,0.0,6,1,1,1,9,0.0,0.0,0,0,63,9,546338.75,0.0,0.0,0,0,546338.75,0,no_listado
12,GSE100527SY9,Consultoria,5,183093.85,36618.77,43425.85,5439.12,0.0,4,1,1,0,0,0.0,0.0,1,0,2594,3,100580.74,0.4,0.0,0,0,183093.85,0,favorable
12,RUV09031640X,Limpieza,8,37305.74,4663.22,6794.51,1198.01,0.0,1,0,0,0,0,0.0,0.0,0,0,2408,8,37305.74,0.0,0.0,0,0,37305.74,0,no_listado
12,TJN14061731X,Mantenimiento,6,46379.24,7729.87,9435.76,973.22,0.8333,4,1,1,1,6,1.0,0.0,0,0,1647,6,46379.24,0.0,0.0,0,0,46379.24,0,no_listado
13,DQW0802111KS,Construccion,6,339412.13,56568.69,150039.76,45689.5,0.3333,3,1,1,1,6,0.1667,0.1667,0,0,2449,3,228504.74,0.5,0.0,0,0,339412.13,0,no_listado
13,YZP130505383,Papeleria,6,299516.62,49919.44,107500.23,34112.54,0.3333,5,1,1,1,6,0.0,0.0,0,0,199,5,281497.17,0.0,0.0,0,0,299516.62,0,no_listado
13,YVE091005D61,Mantenimiento,4,227917.75,56979.44,113243.12,40509.92,0.25,4,1,1,1,4,0.25,0.0,0,0,1539,4,227917.75,0.0,0.0,0,0,227917.75,0,no_listado
13,OLE210624OSF,Limpieza,7,474400.95,67771.56,129667.71,39639.87,0.5714,4,1,1,1,7,0.1429,0.0,0,0,2032,5,308270.52,0.2857,0.0,0,0,474400.95,0,no_listado
13,MVD061111YE4,Consultoria,5,317920.29,63584.06,165447.66,59668.1,0.2,2,1,1,1,5,0.0,0.0,0,0,1355,5,317920.29,0.0,0.0,0,0,317920.29,0,no_listado
13,CXD2003039YN,Logistica,6,527884.78,87980.8,168119.67,48114.55,0.3333,5,1,1,1,6,0.3333,0.0,0,0,2504,3,306363.57,0.5,0.0,0,0,527884.78,0,no_listado
13,JNJ07051090S,Logistica,5,466492.87,93298.57,168541.82,46219.16,0.4,2,0,0,1,1,0.0,0.0,0,0,1746,4,297951.05,0.2,0.0,0,0,466492.87,0,no_listado
13,HPK260604A5F,Transporte,3,211243.1,70414.37,157689.7,62099.52,0.3333,3,1,1,1,3,0.0,0.0,0,0,1482,3,211243.1,0.0,0.0,0,0,211243.1,0,no_listado
13,BZT13021609N,Logistica,8,780570.16,97571.27,172601.14,62765.84,0.5,5,0,0,1,2,0.0,0.0,0,0,1024,6,639675.74,0.125,0.0,0,0,780570.16,0,no_listado
13,RBR230401P1C,Consultoria,8,754358.32,94294.79,159978.5,43890.19,0.5,5,1,1,1,8,0.25,0.0,0,0,819,8,754358.32,0.0,0.0,0,0,754358.32,0,no_listado
13,QXV1907136I3,Tecnologia,3,330323.18,110107.73,139200.13,35498.62,0.3333,3,0,0,1,2,0.0,0.0,0,0,261,3,330323.18,0.0,0.0,0,0,330323.18,0,no_listado
13,PQE040326BLE,Publicidad,9,748927.43,83214.16,148834.47,45518.29,0.4444,6,0,0,1,3,0.0,0.0,0,0,616,8,687556.71,0.1111,0.0,0,0,748927.43,0,no_listado
13,CSP160513SM2,Consultoria,6,420675.49,70112.58,149208.99,38851.25,0.3333,4,0,0,0,0,0.0,0.0,1,1,214,5,353876.4,0.1667,1.0,0,0,420675.49,1,definitivo
13,OFC2105032CR,Papeleria,1,1453857.99,1453857.99,1453857.99,0.0,0.0,1,0,0,0,0,0.0,0.0,0,0,403,1,1453857.99,0.0,0.0,0,0,1453857.99,1,no_listado
13,SUC200525JX4,Construccion,14,674704.88,48193.21,49710.05,962.74,0.4286,6,0,0,1,14,1.0,1.0,0,0,1507,14,674704.88,0.0,1.0,0,0,674704.88,1,no_listado
13,YXZ151223X5Q,Construccion,4,282622.69,70655.67,103135.24,32714.94,0.5,3,0,0,1,4,1.0,0.0,0,0,2470,4,282622.69,0.0,0.0,0,0,282622.69,1,no_listado
13,CGE071217570,Mantenimiento,4,306333.05,76583.26,147892.51,46873.94,0.75,4,1,1,1,3,0.3333,0.0,1,0,1971,4,306333.05,0.0,0.0,0,0,306333.05,0,desvirtuado
13,GJC0311102W6,Seguridad,4,132405.33,33101.33,64372.04,18821.83,0.5,4,0,0,1,2,0.0,0.0,1,0,959,4,132405.33,0.0,0.0,0,0,132405.33,0,desvirtuado
13,HENS9203206M3,Seguridad,6,589260.89,98210.15,165633.55,50284.15,0.5,4,1,1,1,3,0.0,0.0,1,0,404,4,260087.56,0.3333,0.0,0,0,589260.89,0,favorable
13,JCO1109083L9,Construccion,5,434549.28,86909.86,148255.53,49820.3,0.4,4,1,1,1,1,0.0,0.0,1,0,1211,5,434549.28,0.0,0.0,0,0,434549.28,0,favorable
13,ROGA970530671,Seguridad,6,631463.83,105243.97,165948.97,46415.04,0.6667,3,1,1,1,3,0.0,0.0,1,0,856,2,196263.44,0.6667,0.0,0,0,631463.83,0,presunto
13,BCA200124FKA,Papeleria,4,386077.4,96519.35,156602.06,37469.12,0.75,4,0,0,1,2,0.0,0.0,1,0,2211,2,160335.7,0.5,0.0,0,0,386077.4,0,presunto
13,GID180923MLS,Transporte,10,445558.33,44555.83,47619.23,2190.98,0.0,6,1,1,1,10,0.0,0.5,0,0,1700,10,445558.33,0.0,0.0,0,0,445558.33,0,no_listado
13,EAE240216AVD,Mantenimiento,1,9860.0,9860.0,9860.0,0.0,0.0,1,0,0,0,0,0.0,0.0,0,0,1143,1,9860.0,0.0,0.0,0,0,9860.0,0,no_listado
13,YQA151221Q9J,Seguridad,8,556800.0,69600.0,69600.0,0.0,0.0,4,1,1,0,0,0.0,0.0,0,0,1249,7,487200.0,0.0,0.0,0,1,556800.0,0,no_listado
13,QBJ030207QE3,Papeleria,4,60828.85,15207.21,16668.39,1259.44,0.0,3,1,1,0,0,0.0,0.0,0,0,2214,4,60828.85,0.0,0.0,0,0,60828.85,0,no_listado
13,OIG2303035SX,Consultoria,6,321056.17,53509.36,61001.18,5243.21,0.0,3,1,1,0,0,0.0,0.0,0,0,2189,6,321056.17,0.0,0.0,0,0,321056.17,0,no_listado
13,QOF180628J68,Construccion,9,548398.33,60933.15,80948.19,11495.83,0.0,5,1,1,1,9,0.0,0.0,0,0,133,7,436441.22,0.2222,0.0,0,0,548398.33,0,no_listado
13,FIN150130325,Consultoria,5,182369.96,36473.99,44088.34,5441.64,0.0,5,1,1,0,0,0.0,0.0,1,0,2639,4,144717.95,0.0,0.0,0,0,182369.96,0,favorable
13,ZPG0206215LA,Limpieza,8,29887.45,3735.93,5321.12,974.58,0.0,1,0,0,0,0,0.0,0.0,0,0,2426,8,29887.45,0.0,0.0,0,0,29887.45,0,no_listado
13,HQO1701264VB,Mantenimiento,6,45168.9,7528.15,10161.05,1672.59,0.6667,5,1,1,1,6,1.0,0.0,0,0,1619,5,35834.38,0.1667,0.0,0,0,45168.9,0,no_listado
14,KAI040519TN7,Publicidad,5,232543.49,46508.7,126668.8,41783.23,0.6,4,1,1,1,5,0.2,0.2,0,0,754,5,232543.49,0.0,0.0,0,0,232543.49,0,no_listado
14,HZC141118DBM,Logistica,9,870609.87,96734.43,169476.29,56273.58,0.2222,5,0,0,1,6,0.0,0.0,0,0,1402,9,870609.87,0.0,0.0,0,0,870609.87,0,no_listado
14,OEI150518DJD,Publicidad,6,214268.87,35711.48,60033.45,18154.67,0.3333,3,0,0,1,3,0.0,0.0,0,0,1327,5,196650.86,0.1667,0.0,0,0,214268.87,0,no_listado
14,RUL100914HAC,Seguridad,4,378504.48,94626.12,161395.53,51074.71,1.0,3,1,1,1,4,0.0,0.0,0,0,1466,4,378504.48,0.0,0.0,0,0,378504.48,0,no_listado
14,YSM060903IX4,Limpieza,8,608174.5,76021.81,170548.87,57926.13,0.875,5,1,1,1,8,0.125,0.0,0,0,2299,6,460770.81,0.25,0.0,0,0,608174.5,0,no_listado
14,DUL010915UAD,Tecnologia,9,865275.0,96141.67,145087.57,39925.65,0.5556,5,0,0,1,4,0.0,0.0,0,0,1761,7,685530.89,0.2222,0.0,0,0,865275.0,0,no_listado
14,ZJG051221HQP,Logistica,5,400509.95,80101.99,141514.99,40175.26,0.0,4,1,1,1,5,0.0,0.0,0,0,2311,5,400509.95,0.0,0.0,0,0,400509.95,0,no_listado
14,NUQ080815PD5,Consultoria,9,809944.81,89993.87,167390.7,66450.07,0.6667,4,0,0,1,7,0.0,0.0,0,0,697,8,791361.73,0.1111,0.0,0,0,809944.81,0,no_listado
14,CHF06080925Y,Tecnologia,7,513875.46,73410.78,147201.04,48213.25,0.7143,5,1,1,1,7,0.0,0.0,0,0,2574,6,366674.42,0.1429,0.0,0,0,513875.46,0,no_listado
14,XJD1512275DO,Seguridad,8,501033.38,62629.17,170413.54,47350.33,0.625,5,0,0,1,3,0.3333,0.3333,0,0,2533,8,501033.38,0.0,0.0,0,0,501033.38,0,no_listado
14,AYH170705DVV,Seguridad,3,302899.1,100966.37,104695.8,2666.53,0.6667,3,0,0,1,1,1.0,0.0,0,0,911,3,302899.1,0.0,0.0,0,0,302899.1,0,no_listado
14,OYV100308SR4,Papeleria,7,519906.83,74272.4,172554.16,53624.13,0.5714,6,0,0,1,1,0.0,0.0,0,0,573,7,519906.83,0.0,0.0,0,0,519906.83,0,no_listado
14,SPD1005173ZA,Consultoria,6,517721.84,86286.97,157987.7,52243.51,0.5,4,0,0,0,0,0.0,0.0,1,1,158,6,517721.84,0.0,1.0,0,0,517721.84,1,definitivo
14,JEB111223QH7,Tecnologia,1,1666297.0,1666297.0,1666297.0,0.0,1.0,1,0,0,0,0,0.0,0.0,0,0,291,1,1666297.0,0.0,0.0,0,0,1666297.0,1,no_listado
14,SQX0802110JH,Consultoria,12,581158.58,48429.88,49361.05,724.81,0.75,5,0,0,1,12,1.0,1.0,0,0,2153,11,533094.05,0.0,1.0,0,0,581158.58,1,no_listado
14,CLK211008Y3O,Logistica,5,409538.09,81907.62,133028.87,40718.81,0.8,4,0,0,1,5,1.0,0.0,0,0,981,4,350879.15,0.2,0.0,0,0,409538.09,1,no_listado
14,AME931004D80,Logistica,7,532082.96,76011.85,159288.97,64044.77,0.4286,4,0,0,1,3,0.0,0.0,1,0,2273,6,397083.71,0.1429,0.0,0,0,532082.96,0,desvirtuado
14,DEN1405273G6,Limpieza,7,486395.91,69485.13,165843.39,47245.27,0.5714,4,0,0,1,4,0.0,0.0,1,0,2406,6,404307.86,0.1429,0.0,0,0,486395.91,0,desvirtuado
14,SRU150717347,Seguridad,6,433420.42,72236.74,163405.21,52321.75,0.6667,4,1,1,1,4,0.0,0.25,1,0,958,6,433420.42,0.0,0.0,0,0,433420.42,0,favorable
14,GSO1302205C6,Tecnologia,3,177573.12,59191.04,120695.56,44113.2,0.6667,2,1,1,1,2,0.0,0.0,1,0,1956,3,177573.12,0.0,0.0,0,0,177573.12,0,favorable
14,MAR220726T23,Construccion,3,132457.59,44152.53,87692.51,31044.9,0.3333,3,0,0,1,3,0.3333,0.0,1,0,1744,1,27269.37,0.6667,0.0,0,0,132457.59,0,presunto
14,PBA191227V30,Construccion,5,348286.64,69657.33,159855.1,52833.49,1.0,4,1,1,1,2,0.0,0.0,1,0,1986,3,310216.55,0.4,0.0,0,0,348286.64,0,presunto
14,OJG250608DOL,Transporte,10,440629.23,44062.92,47967.32,2757.66,0.0,4,1,1,1,10,0.0,0.4,0,0,1706,9,392661.91,0.0,0.0,0,0,440629.23,0,no_listado
14,QMH130901N0G,Mantenimiento,1,9860.0,9860.0,9860.0,0.0,0.0,1,0,0,0,0,0.0,0.0,0,0,1218,1,9860.0,0.0,0.0,0,0,9860.0,0,no_listado
14,WRJ090724BY2,Seguridad,8,556800.0,69600.0,69600.0,0.0,0.0,4,1,1,0,0,0.0,0.0,0,0,1249,8,556800.0,0.0,0.0,0,0,556800.0,0,no_listado
14,HLF1708253IX,Papeleria,4,53686.36,13421.59,14878.94,867.65,0.0,3,1,1,0,0,0.0,0.0,0,0,2166,4,53686.36,0.0,0.0,0,0,53686.36,0,no_listado
14,ACN251123JQ5,Consultoria,6,311442.65,51907.11,61403.99,6804.19,0.0,4,1,1,0,0,0.0,0.0,0,0,2201,3,145056.24,0.3333,0.0,0,0,311442.65,0,no_listado
14,UCT1501038LH,Construccion,9,532178.82,59130.98,80496.26,11955.05,0.0,5,1,1,1,9,0.0,0.2222,0,0,38,8,478312.31,0.1111,0.0,0,0,532178.82,0,no_listado
14,SOP140721J94,Consultoria,5,174031.68,34806.34,43381.47,6073.25,0.0,3,1,1,0,0,0.0,0.0,1,0,2625,5,174031.68,0.0,0.0,0,0,174031.68,0,favorable
14,RWE261005J12,Limpieza,8,46490.85,5811.36,6708.49,777.39,0.0,1,0,0,0,0,0.0,0.0,0,0,2431,8,46490.85,0.0,0.0,0,0,46490.85,0,no_listado
14,HEI210501FNS,Mantenimiento,6,50485.92,8414.32,10216.6,1287.09,0.3333,4,1,1,1,6,1.0,0.0,0,0,1593,5,40269.32,0.1667,0.0,0,0,50485.92,0,no_listado
15,IMO2508136HK,Tecnologia,7,568249.24,81178.46,125627.7,38609.46,0.4286,5,0,0,1,3,0.0,0.0,0,0,1310,7,568249.24,0.0,0.0,0,0,568249.24,0,no_listado
15,DJW220409KQS,Construccion,5,177030.64,35406.13,90628.7,28258.28,0.2,3,1,1,1,5,0.0,0.0,0,0,111,3,141260.24,0.2,0.0,0,0,177030.64,0,no_listado
15,DYE150422OEL,Tecnologia,7,481876.62,68839.52,128192.61,44477.29,0.5714,3,0,0,1,4,0.25,0.0,0,0,1323,6,353684.01,0.1429,0.0,0,0,481876.62,0,no_listado
15,HBL120617SUU,Publicidad,9,951681.47,105742.39,173968.32,49428.59,0.3333,4,1,1,1,9,0.3333,0.0,0,0,1044,7,792549.79,0.2222,0.0,0,0,951681.47,0,no_listado
15,CEB11090976D,Transporte,9,865276.55,96141.84,163671.3,52529.67,0.5556,4,1,1,1,9,0.0,0.0,0,0,2439,9,865276.55,0.0,0.0,0,0,865276.55,0,no_listado
15,YYZ200209J7A,Publicidad,3,339743.77,113247.92,150636.2,41790.56,0.6667,3,1,1,1,3,0.0,0.0,0,0,765,2,284829.15,0.3333,0.0,0,0,339743.77,0,no_listado
15,NES150423BI7,Transporte,7,552787.22,78969.6,135737.31,44766.66,0.7143,5,0,0,1,5,0.0,0.0,0,0,2412,5,398341.87,0.2857,0.0,0,0,552787.22,0,no_listado
15,MVY260613EJR,Logistica,8,569263.97,71158.0,150779.71,46507.88,0.375,4,1,1,1,8,0.25,0.0,0,0,1583,5,471613.15,0.375,0.0,0,0,569263.97,0,no_listado
15,PKF16072338C,Limpieza,9,539242.8,59915.87,162553.07,41230.45,0.4444,6,0,0,1,3,0.0,0.0,0,0,2158,8,488878.72,0.1111,0.0,0,0,539242.8,0,no_listado
15,IQF090810OAX,Construccion,7,659884.36,94269.19,171554.08,46858.53,0.4286,4,0,0,1,3,0.0,0.0,0,0,1630,5,515423.02,0.2857,0.0,0,0,659884.36,0,no_listado
15,KCV081021J7D,Seguridad,4,381306.49,95326.62,172908.08,68417.57,0.25,3,1,1,1,4,0.25,0.0,0,0,1703,2,190339.98,0.5,0.0,0,0,381306.49,0,no_listado
15,CRY100919I8N,Logistica,5,550838.08,110167.62,167425.84,37194.53,0.6,3,1,1,1,5,0.0,0.0,0,0,2138,3,406090.03,0.4,0.0,0,0,550838.08,0,no_listado
15,ATE14013197A,Consultoria,7,605029.28,86432.75,153724.78,51612.59,0.2857,5,0,0,0,0,0.0,0.0,1,1,1816,6,454300.07,0.1429,1.0,0,0,605029.28,1,definitivo
15,PRU060422SGC,Tecnologia,1,1658993.92,1658993.92,1658993.92,0.0,1.0,1,0,0,0,0,0.0,0.0,0,0,2264,1,1658993.92,0.0,0.0,0,0,1658993.92,1,no_listado
15,KBK110401KBH,Consultoria,13,629465.22,48420.4,49552.42,826.84,0.3846,5,0,0,1,13,1.0,1.0,0,0,239,12,581899.12,0.0,1.0,0,0,629465.22,1,no_listado
15,FWG0910269U3,Construccion,5,535868.74,107173.75,152768.36,26432.38,0.6,4,0,0,1,5,1.0,0.0,0,0,1036,4,383100.38,0.2,0.0,0,0,535868.74,1,no_listado
15,ORG120712SI0,Papeleria,6,693146.88,115524.48,167853.06,53360.55,0.5,3,1,1,1,4,0.25,0.0,1,0,1966,6,693146.88,0.0,0.0,0,0,693146.88,0,desvirtuado
15,OIM140704175,Publicidad,3,189288.75,63096.25,89379.16,31564.25,0.6667,3,1,1,1,1,0.0,0.0,1,0,1981,2,99909.59,0.3333,0.0,0,0,189288.75,0,desvirtuado
15,HNE150313AH6,Mantenimiento,6,617307.75,102884.62,173480.09,42404.79,0.6667,3,1,1,1,2,0.0,0.0,1,0,546,6,617307.75,0.0,0.0,0,0,617307.75,0,favorable
15,CSE080628138,Papeleria,6,389667.44,64944.57,149870.47,50037.07,0.8333,4,0,0,1,3,0.0,0.0,1,0,152,6,389667.44,0.0,0.0,0,0,389667.44,0,favorable
15,AAFJ990811247,Mantenimiento,6,394394.12,65732.35,110965.04,34924.57,0.5,5,1,1,1,4,0.0,0.0,1,0,961,5,283429.08,0.1667,0.0,0,0,394394.12,0,presunto
15,RSC190712GR0,Transporte,7,469487.91,67069.7,141564.53,46048.44,0.2857,3,0,0,1,3,0.0,0.0,1,0,1659,5,309451.96,0.1429,0.0,0,0,469487.91,0,presunto
15,PDK0012276I9,Transporte,10,455450.37,45545.04,47244.17,1683.47,0.0,3,1,1,1,10,0.0,0.6,0,0,1699,10,455450.37,0.0,0.0,0,0,455450.37,0,no_listado
15,MXK2509258PU,Mantenimiento,1,9860.0,9860.0,9860.0,0.0,0.0,1,0,0,0,0,0.0,0.0,0,0,1264,1,9860.0,0.0,0.0,0,0,9860.0,0,no_listado
15,ZEB0911183QC,Seguridad,8,556800.0,69600.0,69600.0,0.0,0.0,6,1,1,0,0,0.0,0.0,0,0,1249,8,556800.0,0.0,0.0,0,0,556800.0,0,no_listado
15,KOE24051271U,Papeleria,4,53804.26,13451.07,16174.7,2192.34,0.0,2,1,1,0,0,0.0,0.0,0,0,2155,4,53804.26,0.0,0.0,0,0,53804.26,0,no_listado
15,TNH050116G6V,Consultoria,6,324106.54,54017.76,62223.77,6853.15,0.0,4,1,1,0,0,0.0,0.0,0,0,2227,5,277890.86,0.1667,0.0,0,0,324106.54,0,no_listado
15,ZDF1311242X0,Construccion,9,455882.89,50653.65,70561.05,10076.86,0.0,4,1,1,1,9,0.0,0.2222,0,0,31,9,455882.89,0.0,0.0,0,0,455882.89,0,no_listado
15,BFO1406074MA,Consultoria,5,172685.74,34537.15,44094.63,8573.85,0.0,4,1,1,0,0,0.0,0.0,1,0,2572,5,172685.74,0.0,0.0,0,0,172685.74,0,favorable
15,FZI050625PTW,Limpieza,8,33952.24,4244.03,5746.58,804.72,0.0,1,0,0,0,0,0.0,0.0,0,0,2461,8,33952.24,0.0,0.0,0,0,33952.24,0,no_listado
15,SCR230214H0M,Mantenimiento,6,51059.14,8509.86,9459.92,1274.52,0.3333,4,1,1,1,6,1.0,0.0,0,0,1597,5,41599.22,0.1667,0.0,0,0,51059.14,0,no_listado
16,SEE211225KN0,Consultoria,7,521043.0,74434.71,136835.51,36384.76,0.2857,6,1,1,1,7,0.1429,0.1429,0,0,233,6,384207.49,0.1429,0.0,0,1,521043.0,0,no_listado
16,XVR100117ZWB,Consultoria,6,386326.32,64387.72,149153.76,46319.99,0.6667,3,1,1,1,6,0.0,0.1667,0,0,921,6,386326.32,0.0,0.0,0,0,386326.32,0,no_listado
16,RAE101020F8T,Mantenimiento,8,546671.33,68333.92,154940.43,44567.51,0.5,5,1,1,1,8,0.375,0.0,0,0,805,6,348074.49,0.25,0.0,0,0,546671.33,0,no_listado
16,MIO090409A4A,Consultoria,5,323245.38,64649.08,90180.44,18762.93,0.8,4,1,1,1,5,0.2,0.0,0,0,2263,4,268447.18,0.2,0.0,0,0,323245.38,0,no_listado
16,WAR031227RMG,Construccion,8,642979.78,80372.47,173153.13,60220.37,0.625,6,0,0,1,5,0.0,0.2,0,0,153,7,610631.0,0.125,0.0,0,0,642979.78,0,no_listado
16,EAU0603250FQ,Logistica,3,107866.66,35955.55,71506.05,25146.07,0.6667,2,0,0,0,0,0.0,0.0,0,0,1371,3,107866.66,0.0,0.0,0,0,107866.66,0,no_listado
16,RHA050106QOX,Logistica,4,253217.62,63304.4,153223.81,54772.84,0.25,3,1,1,1,4,0.0,0.0,0,0,2418,4,253217.62,0.0,0.0,0,0,253217.62,0,no_listado
16,QGT070709A3D,Seguridad,6,708762.21,118127.03,158865.11,30615.53,0.6667,4,1,1,1,6,0.0,0.0,0,0,1342,5,596965.67,0.1667,0.0,0,0,708762.21,0,no_listado
16,QBL120107WFU,Limpieza,9,736427.13,81825.24,172795.65,56637.7,0.3333,5,1,1,1,9,0.0,0.0,0,0,823,7,641290.02,0.1111,0.0,0,0,736427.13,0,no_listado
16,NTJ010208X9S,Seguridad,4,406579.01,101644.75,163172.99,36718.61,0.5,3,0,0,1,2,0.5,0.0,0,0,2344,4,406579.01,0.0,0.0,0,0,406579.01,0,no_listado
16,RJN220312G0Y,Construccion,4,369697.66,92424.41,152829.16,40713.82,0.5,4,0,0,1,2,0.5,0.0,0,0,1981,3,263268.84,0.25,0.0,0,0,369697.66,0,no_listado
16,ZOC190923LSF,Construccion,3,182844.45,60948.15,114920.41,40064.46,0.3333,2,1,1,1,3,0.3333,0.3333,0,0,222,1,48894.8,0.6667,0.0,0,0,182844.45,0,no_listado
16,EOAL7705208X3,Consultoria,8,406670.77,50833.85,124328.82,37366.82,0.25,5,0,0,0,0,0.0,0.0,1,1,458,8,406670.77,0.0,1.0,0,0,406670.77,1,definitivo
16,PBW130318DLM,Seguridad,1,1668123.05,1668123.05,1668123.05,0.0,0.0,1,0,0,0,0,0.0,0.0,0,0,233,1,1668123.05,0.0,0.0,0,0,1668123.05,1,no_listado
16,DYB000324D4D,Transporte,10,480405.53,48040.55,49587.75,984.99,0.4,5,0,0,1,10,1.0,1.0,0,0,2234,9,433751.39,0.0,1.0,0,0,480405.53,1,no_listado
16,HIJ2302270EQ,Limpieza,4,372336.42,93084.11,147133.73,46104.33,0.75,3,0,0,1,4,1.0,0.0,0,0,167,4,372336.42,0.0,0.0,0,0,372336.42,1,no_listado
16,PVP121107HN5,Construccion,5,201738.42,40347.68,63837.91,18357.65,0.6,4,0,0,1,2,0.0,0.0,1,0,138,5,201738.42,0.0,0.0,0,0,201738.42,0,desvirtuado
16,NEC080911KC1,Logistica,4,184813.76,46203.44,126668.8,46466.87,0.25,3,1,1,1,1,0.0,0.0,1,0,2091,3,165659.07,0.25,0.0,0,0,184813.76,0,desvirtuado
16,ICK131119C46,Construccion,4,291801.76,72950.44,174000.0,59946.29,0.5,4,0,0,1,3,0.3333,0.0,1,0,218,4,291801.76,0.0,0.0,0,0,291801.76,0,favorable
16,ZBR051109MP8,Publicidad,7,547322.85,78188.98,143399.66,45017.76,0.4286,3,0,0,1,2,0.0,0.0,1,0,504,5,421678.68,0.2857,0.0,0,0,547322.85,0,favorable
16,SEY230111G62,Consultoria,6,268315.82,44719.3,81847.33,22636.35,0.6667,4,0,0,1,4,0.0,0.5,1,0,67,4,204622.07,0.3333,0.0,0,0,268315.82,0,presunto
16,DGI180516ID5,Limpieza,4,310742.94,77685.74,158509.37,48225.93,1.0,3,0,0,1,1,0.0,0.0,1,0,1842,4,310742.94,0.0,0.0,0,0,310742.94,0,presunto
16,NQS01050752N,Transporte,10,429084.7,42908.47,47010.93,1693.85,0.0,6,1,1,1,10,0.0,0.1,0,0,1720,9,386742.0,0.0,0.0,0,0,429084.7,0,no_listado
16,BJX141104L32,Mantenimiento,1,9860.0,9860.0,9860.0,0.0,0.0,1,0,0,0,0,0.0,0.0,0,0,1163,1,9860.0,0.0,0.0,0,0,9860.0,0,no_listado
16,JFG19110597D,Seguridad,8,556800.0,69600.0,69600.0,0.0,0.0,5,1,1,0,0,0.0,0.0,0,0,1249,7,487200.0,0.0,0.0,0,0,556800.0,0,no_listado
16,EFD190525J46,Papeleria,4,54138.1,13534.53,16556.77,2474.94,0.0,3,1,1,0,0,0.0,0.0,0,0,2136,3,43490.65,0.25,0.0,0,0,54138.1,0,no_listado
16,VES0001017M5,Consultoria,6,317666.97,52944.49,62145.29,6302.22,0.0,4,1,1,0,0,0.0,0.0,0,0,2183,6,317666.97,0.0,0.0,0,0,317666.97,0,no_listado
16,XTV030121ZFF,Construccion,9,491397.48,54599.72,79387.88,15107.15,0.0,5,1,1,1,9,0.0,0.1111,0,0,19,8,449408.39,0.1111,0.0,0,0,491397.48,0,no_listado
16,GUS140404KS4,Consultoria,5,200423.24,40084.65,45493.41,5124.09,0.0,4,1,1,0,0,0.0,0.0,1,0,2604,5,200423.24,0.0,0.0,0,0,200423.24,0,favorable
16,MKM150302M2W,Limpieza,8,34702.9,4337.86,6731.28,1626.23,0.0,1,0,0,0,0,0.0,0.0,0,0,2420,8,34702.9,0.0,0.0,0,0,34702.9,0,no_listado
16,HPE240709KRF,Mantenimiento,6,38210.29,6368.38,8449.73,1126.05,0.5,5,1,1,1,6,1.0,0.0,0,0,1597,5,32729.12,0.1667,0.0,0,0,38210.29,0,no_listado
17,YQT2403229JK,Seguridad,5,544323.73,108864.75,161416.54,35808.53,0.2,4,1,1,1,5,0.2,0.0,0,0,1300,5,544323.73,0.0,0.0,0,0,544323.73,0,no_listado
17,DKP0207036YP,Seguridad,6,555649.76,92608.29,149679.06,43570.27,0.3333,5,0,0,1,2,0.0,0.0,0,0,47,6,555649.76,0.0,0.0,0,0,555649.76,0,no_listado
17,XNM080210ZNU,Construccion,3,114568.0,38189.33,76176.23,26866.34,0.6667,3,0,0,1,3,0.0,0.0,0,0,104,2,96040.75,0.3333,0.0,0,0,114568.0,0,no_listado
17,ZES151215FIP,Tecnologia,8,593679.22,74209.9,167082.04,51910.79,0.25,4,1,1,1,8,0.0,0.0,0,0,957,8,593679.22,0.0,0.0,0,0,593679.22,0,no_listado
17,IEB030515DFS,Mantenimiento,7,187963.23,26851.89,73741.22,19173.72,0.7143,5,1,1,1,7,0.2857,0.0,0,0,1562,4,131762.9,0.0,0.0,0,0,187963.23,0,no_listado
17,OKZ240812OAH,Publicidad,8,551613.87,68951.73,119814.9,43157.73,0.25,6,1,1,1,8,0.125,0.125,0,0,2002,6,340101.5,0.25,0.0,0,0,551613.87,0,no_listado
17,JTK170114FYA,Papeleria,9,394784.35,43864.93,122323.35,38073.35,0.2222,6,0,0,1,4,0.0,0.0,0,0,2223,6,234816.28,0.2222,0.0,0,0,394784.35,0,no_listado
17,DYM250116600,Construccion,8,537717.71,67214.71,170413.54,64562.6,0.625,5,0,0,1,2,0.5,0.0,0,0,1562,8,537717.71,0.0,0.0,0,0,537717.71,0,no_listado
17,TBG030401QDQ,Limpieza,3,144111.4,48037.13,107596.6,42115.48,0.0,2,0,0,1,1,0.0,0.0,0,0,1095,3,144111.4,0.0,0.0,0,0,144111.4,0,no_listado
17,DEA040817J2A,Logistica,8,467005.39,58375.67,159281.87,47270.59,0.25,4,1,1,1,8,0.0,0.25,0,0,1854,7,357647.32,0.125,0.0,0,0,467005.39,0,no_listado
17,JDI161219QU2,Transporte,6,300950.9,50158.48,94491.66,27405.72,0.1667,4,0,0,1,4,0.0,0.25,0,0,1030,5,254407.48,0.0,0.0,0,0,300950.9,0,no_listado
17,PBW24111500V,Tecnologia,4,318349.08,79587.27,154162.5,59331.46,0.5,4,0,0,1,1,0.0,0.0,0,0,681,4,318349.08,0.0,0.0,0,0,318349.08,0,no_listado
17,CSP1003189P6,Consultoria,6,447549.16,74591.53,173080.51,61152.53,0.6667,3,0,0,0,0,0.0,0.0,1,1,1014,6,447549.16,0.0,1.0,0,0,447549.16,1,definitivo
17,EPR240509NK0,Mantenimiento,1,1510859.98,1510859.98,1510859.98,0.0,1.0,1,1,1,0,0,0.0,0.0,0,0,1861,1,1510859.98,0.0,0.0,0,0,1510859.98,1,no_listado
17,XYS001225VJU,Publicidad,10,480649.15,48064.91,49536.29,801.72,0.5,5,0,0,1,10,1.0,1.0,0,0,342,9,433426.01,0.0,1.0,0,0,480649.15,1,no_listado
17,EWD030316ZM2,Publicidad,5,535863.7,107172.74,168308.47,45864.04,0.2,3,0,0,1,5,1.0,0.2,0,0,1127,5,535863.7,0.0,0.0,0,0,535863.7,1,no_listado
17,GLI040729JX2,Seguridad,6,595768.0,99294.67,166050.67,61744.37,0.5,3,1,1,1,3,0.0,0.0,1,0,222,6,595768.0,0.0,0.0,0,0,595768.0,0,desvirtuado
17,MER990813SCA,Papeleria,5,312970.98,62594.2,167179.51,59020.41,0.6,3,1,1,1,4,0.0,0.0,1,0,2284,4,145791.47,0.2,0.0,0,0,312970.98,0,desvirtuado
17,QAE160811830,Construccion,7,247528.24,35361.18,77058.78,20455.71,0.4286,3,1,1,1,4,0.0,0.25,1,0,2003,5,204705.42,0.2857,0.0,0,0,247528.24,0,favorable
17,CCG1110042T0,Mantenimiento,3,238579.95,79526.65,142838.08,50805.74,0.6667,2,0,0,1,1,0.0,0.0,1,0,1686,2,95741.87,0.3333,0.0,0,0,238579.95,0,favorable
17,SACI601205RD0,Transporte,7,434284.24,62040.61,170453.67,56767.03,0.5714,4,1,1,1,1,0.0,0.0,1,0,2402,5,288505.96,0.1429,0.0,0,0,434284.24,0,presunto
17,SFA220628934,Limpieza,7,627751.03,89678.72,167263.1,44517.64,0.5714,4,1,1,1,3,0.0,0.0,1,0,260,4,346780.66,0.2857,0.0,0,0,627751.03,0,presunto
17,CAR1308138OD,Transporte,10,447320.72,44732.07,48332.44,2052.72,0.0,4,1,1,1,10,0.0,0.4,0,0,1724,8,361998.49,0.0,0.0,0,0,447320.72,0,no_listado
17,TDU1901282DP,Mantenimiento,1,9860.0,9860.0,9860.0,0.0,0.0,1,0,0,0,0,0.0,0.0,0,0,1154,1,9860.0,0.0,0.0,0,0,9860.0,0,no_listado
17,TYP140805P24,Seguridad,8,556800.0,69600.0,69600.0,0.0,0.0,5,1,1,0,0,0.0,0.0,0,0,1249,8,556800.0,0.0,0.0,0,0,556800.0,0,no_listado
17,AKB180122GLA,Papeleria,4,52185.08,13046.27,15652.44,1964.78,0.0,2,1,1,0,0,0.0,0.0,0,0,2269,4,52185.08,0.0,0.0,0,0,52185.08,0,no_listado
17,GFP23071412S,Consultoria,6,312267.49,52044.58,62806.6,5832.83,0.0,5,1,1,0,0,0.0,0.0,0,0,2210,5,261887.24,0.1667,0.0,0,0,312267.49,0,no_listado
17,RWK160913GSW,Construccion,9,531794.37,59088.26,79447.15,14931.37,0.0,6,1,1,1,9,0.0,0.1111,0,0,57,9,531794.37,0.0,0.0,0,0,531794.37,0,no_listado
17,DPR120412MN9,Consultoria,5,181432.24,36286.45,45864.51,7298.79,0.0,2,1,1,0,0,0.0,0.0,1,0,2570,4,141482.63,0.2,0.0,0,0,181432.24,0,favorable
17,IXW1112224LZ,Limpieza,8,38474.11,4809.26,6770.66,1290.41,0.0,1,0,0,0,0,0.0,0.0,0,0,2429,8,38474.11,0.0,0.0,0,0,38474.11,0,no_listado
17,AWA251205R6I,Mantenimiento,6,40455.48,6742.58,9137.77,1370.17,0.8333,4,1,1,1,6,1.0,0.0,0,0,1607,6,40455.48,0.0,0.0,0,0,40455.48,0,no_listado
18,LQB190810SAM,Construccion,3,177375.59,59125.2,120136.57,44098.02,0.3333,3,0,0,1,1,0.0,0.0,0,0,453,3,177375.59,0.0,0.0,0,0,177375.59,0,no_listado
18,NJE060727V98,Construccion,4,226028.25,56507.06,97149.11,28284.47,0.75,3,1,1,1,4,0.0,0.0,0,0,1067,3,128879.14,0.25,0.0,0,0,226028.25,0,no_listado
18,GHF190312MBC,Papeleria,9,714678.36,79408.71,171486.76,58496.62,0.3333,5,1,1,1,9,0.0,0.0,0,0,68,7,385090.14,0.2222,0.0,0,0,714678.36,0,no_listado
18,ZDI140322N5X,Construccion,5,316059.6,63211.92,125499.45,43439.31,0.8,5,1,1,1,5,0.0,0.0,0,0,1400,5,316059.6,0.0,0.0,0,0,316059.6,0,no_listado
18,YNY020720W4W,Transporte,3,197871.75,65957.25,98668.34,34339.42,0.3333,2,1,1,1,3,0.3333,0.0,0,0,1785,3,197871.75,0.0,0.0,0,0,197871.75,0,no_listado
18,FJF010601MYP,Consultoria,5,354413.64,70882.73,120493.57,43200.35,0.8,3,0,0,1,3,0.0,0.0,0,0,580,5,354413.64,0.0,0.0,0,0,354413.64,0,no_listado
18,ZTV171019KKA,Limpieza,5,462715.59,92543.12,163324.37,56646.61,0.8,4,0,0,1,2,0.0,0.0,0,0,267,5,462715.59,0.0,0.0,0,0,462715.59,0,no_listado
18,KOV1908020FC,Mantenimiento,5,267745.37,53549.07,99964.0,37753.43,0.8,4,1,1,1,5,0.0,0.0,0,0,1652,5,267745.37,0.0,0.0,0,0,267745.37,0,no_listado
18,NCE081117UP9,Limpieza,4,315223.47,78805.87,139712.12,56528.15,0.75,3,1,1,1,4,0.0,0.0,0,0,176,4,315223.47,0.0,0.0,0,0,315223.47,0,no_listado
18,WBE160612R6L,Limpieza,3,235172.42,78390.81,119554.37,43212.37,0.3333,3,1,1,1,3,0.0,0.0,0,0,793,3,235172.42,0.0,0.0,0,0,235172.42,0,no_listado
18,DZJ220102F4P,Consultoria,9,819273.68,91030.41,160522.69,47507.92,0.7778,6,0,0,1,6,0.3333,0.0,0,0,2204,7,590655.95,0.2222,0.0,0,0,819273.68,0,no_listado
18,SIM040807XJJ,Papeleria,5,450931.29,90186.26,143210.58,41846.83,0.6,3,1,1,1,5,0.2,0.0,0,0,1541,4,344526.4,0.2,0.0,0,0,450931.29,0,no_listado
18,TEVC660317GV3,Consultoria,5,343880.42,68776.08,163490.32,50745.21,0.8,3,0,0,0,0,0.0,0.0,1,1,52,4,299724.18,0.2,1.0,0,0,343880.42,1,definitivo
18,CKD1111129BZ,Papeleria,1,1185713.15,1185713.15,1185713.15,0.0,0.0,1,0,0,0,0,0.0,0.0,0,0,1627,1,1185713.15,0.0,0.0,0,0,1185713.15,1,no_listado
18,GHP2205214C6,Tecnologia,13,629308.21,48408.32,49652.08,1020.44,0.5385,6,0,0,1,13,1.0,1.0,0,0,181,9,438073.86,0.0,1.0,0,0,629308.21,1,no_listado
18,QXR200909KQG,Publicidad,4,309897.36,77474.34,134723.53,54136.58,0.5,4,0,0,1,4,1.0,0.0,0,0,111,4,309897.36,0.0,0.0,0,0,309897.36,1,no_listado
18,NCO1012101Z7,Construccion,7,584815.53,83545.08,149736.63,49208.67,0.7143,4,1,1,1,2,0.0,0.0,1,0,1482,7,584815.53,0.0,0.0,0,0,584815.53,0,desvirtuado
18,ERE071024FQ2,Limpieza,4,290634.12,72658.53,172861.52,61473.6,0.25,3,1,1,1,3,0.0,0.0,1,0,1269,4,290634.12,0.0,0.0,0,0,290634.12,0,desvirtuado
18,CATM750421TMA,Mantenimiento,6,581077.06,96846.18,167813.27,48145.48,0.5,3,1,1,1,3,0.0,0.3333,1,0,1410,5,548678.19,0.1667,0.0,0,0,581077.06,0,favorable
18,FCF090122NJ9,Mantenimiento,7,476497.19,68071.03,167440.58,56358.88,0.5714,3,0,0,1,4,0.0,0.0,1,0,844,7,476497.19,0.0,0.0,0,0,476497.19,0,favorable
18,SER151111QW4,Publicidad,7,337699.44,48242.78,161128.4,48262.92,0.2857,4,0,0,1,4,0.0,0.0,1,0,2489,5,237021.57,0.2857,0.0,0,0,337699.44,0,presunto
18,ATC190830MW4,Seguridad,4,313279.59,78319.9,106878.78,30300.31,0.75,3,0,0,1,4,0.0,0.0,1,0,1492,2,128570.64,0.5,0.0,0,0,313279.59,0,presunto
18,QJQ030106BYY,Transporte,10,440138.59,44013.86,46404.78,2028.03,0.0,5,1,1,1,10,0.0,0.4,0,0,1713,8,353495.73,0.1,0.0,0,0,440138.59,0,no_listado
18,MGJ191111SLF,Mantenimiento,1,9860.0,9860.0,9860.0,0.0,0.0,1,0,0,0,0,0.0,0.0,0,0,1266,1,9860.0,0.0,0.0,0,0,9860.0,0,no_listado
18,BOM2602262XY,Seguridad,8,556800.0,69600.0,69600.0,0.0,0.0,5,1,1,0,0,0.0,0.0,0,0,1249,7,487200.0,0.0,0.0,0,0,556800.0,0,no_listado
18,IIM100418A0N,Papeleria,4,53546.49,13386.62,15796.38,2044.94,0.0,2,1,1,0,0,0.0,0.0,0,0,2134,4,53546.49,0.0,0.0,0,0,53546.49,0,no_listado
18,MIO240528BQ1,Consultoria,6,331955.79,55325.96,61038.07,5877.8,0.0,4,1,1,0,0,0.0,0.0,0,0,2200,5,280354.77,0.1667,0.0,0,0,331955.79,0,no_listado
18,YWP120107CFS,Construccion,9,484435.65,53826.18,80041.54,14825.31,0.0,5,1,1,1,9,0.0,0.2222,0,0,76,9,484435.65,0.0,0.0,0,0,484435.65,0,no_listado
18,ETS921119SA2,Consultoria,5,161547.43,32309.49,45769.98,7526.44,0.0,2,1,1,0,0,0.0,0.0,1,0,2607,4,137836.23,0.2,0.0,0,0,161547.43,0,desvirtuado
18,TJY050713A3Y,Limpieza,8,38997.16,4874.65,6395.82,936.62,0.0,1,0,0,0,0,0.0,0.0,0,0,2412,8,38997.16,0.0,0.0,0,0,38997.16,0,no_listado
18,GHI130501F37,Mantenimiento,6,44896.95,7482.83,9414.94,1384.14,0.5,4,1,1,1,6,1.0,0.0,0,0,1604,6,44896.95,0.0,0.0,0,0,44896.95,0,no_listado
19,HVJ170404Z0I,Tecnologia,6,649966.84,108327.81,173606.53,51033.74,0.6667,4,0,0,1,4,0.0,0.0,0,0,1665,6,649966.84,0.0,0.0,0,0,649966.84,0,no_listado
19,NZA0402061BR,Construccion,3,292257.65,97419.22,157516.95,57779.65,0.3333,2,1,1,1,3,0.0,0.0,0,0,566,3,292257.65,0.0,0.0,0,0,292257.65,0,no_listado
19,TBB110304V5W,Logistica,6,768162.17,128027.03,173606.76,36226.28,1.0,4,1,1,1,6,0.0,0.0,0,0,648,4,513798.26,0.3333,0.0,0,0,768162.17,0,no_listado
19,WRC250409GK5,Logistica,6,686799.31,114466.55,172158.12,45928.56,0.5,5,0,0,1,3,0.0,0.0,0,0,527,6,686799.31,0.0,0.0,0,0,686799.31,0,no_listado
19,WRC2211136B2,Logistica,7,515138.44,73591.21,143318.67,46339.54,0.7143,5,1,1,1,7,0.1429,0.0,0,0,431,5,315891.22,0.2857,0.0,0,0,515138.44,0,no_listado
19,DQS1501059B4,Consultoria,4,183315.03,45828.76,107591.21,36551.33,0.75,4,0,0,1,3,0.0,0.0,0,0,201,4,183315.03,0.0,0.0,0,0,183315.03,0,no_listado
19,VTB230503W7V,Construccion,7,547633.88,78233.41,146724.99,43797.57,0.1429,4,0,0,1,3,0.0,0.0,0,0,1150,6,478384.95,0.1429,0.0,0,0,547633.88,0,no_listado
19,QBN1405216F2,Logistica,6,642488.12,107081.35,150903.16,32879.92,0.3333,6,0,0,1,5,0.2,0.0,0,0,1332,6,642488.12,0.0,0.0,0,0,642488.12,0,no_listado
19,XZO180411RTA,Seguridad,8,602039.38,75254.92,164589.55,56896.01,0.5,4,1,1,1,8,0.0,0.0,0,0,2054,6,565285.31,0.25,0.0,0,0,602039.38,0,no_listado
19,VNJ250515L43,Mantenimiento,4,198386.79,49596.7,112872.51,38483.5,0.0,3,1,1,1,4,0.0,0.25,0,0,583,4,198386.79,0.0,0.0,0,0,198386.79,0,no_listado
19,KYQ041105Y85,Seguridad,3,94184.39,31394.8,58214.6,18968.62,0.6667,3,1,1,1,3,0.3333,0.0,0,0,1603,3,94184.39,0.0,0.0,0,0,94184.39,0,no_listado
19,ZLF130407LZ8,Logistica,3,93567.94,31189.31,56228.97,17729.22,0.3333,2,1,1,1,3,0.0,0.0,0,0,629,3,93567.94,0.0,0.0,0,0,93567.94,0,no_listado
19,DPI1407252J5,Consultoria,6,313670.68,52278.45,129164.33,40519.23,0.6667,3,1,1,0,0,0.0,0.0,1,1,100,6,313670.68,0.0,1.0,0,0,313670.68,1,definitivo
19,QAN000313LZN,Mantenimiento,1,1189090.14,1189090.14,1189090.14,0.0,0.0,1,1,1,0,0,0.0,0.0,0,0,2121,1,1189090.14,0.0,0.0,0,0,1189090.14,1,no_listado
19,XUD000811679,Logistica,12,577301.2,48108.43,49773.59,1014.23,0.5833,5,0,0,1,12,1.0,1.0,0,0,193,10,480386.46,0.0,1.0,0,0,577301.2,1,no_listado
19,IRY221025TJX,Logistica,4,298123.18,74530.79,121227.4,33441.2,0.5,3,0,0,1,4,1.0,0.25,0,0,1641,4,298123.18,0.0,0.0,0,0,298123.18,1,no_listado
19,CBA830727EF6,Tecnologia,5,353348.47,70669.69,136265.55,51684.68,0.8,4,0,0,1,4,0.0,0.0,1,0,974,4,217082.92,0.2,0.0,0,0,353348.47,0,desvirtuado
19,MEX180413KG7,Logistica,3,243502.73,81167.58,104254.07,23492.41,0.3333,3,0,0,0,0,0.0,0.0,1,0,1630,3,243502.73,0.0,0.0,0,0,243502.73,0,desvirtuado
19,ODA100617QY1,Transporte,6,269291.15,44881.86,92534.84,27878.62,0.8333,4,1,1,1,1,0.0,0.0,1,0,1000,6,269291.15,0.0,0.0,0,0,269291.15,0,favorable
19,PDE1511109N5,Papeleria,6,589081.06,98180.18,167643.88,49768.44,0.8333,5,0,0,1,4,0.0,0.0,1,0,2040,5,530289.19,0.1667,0.0,0,0,589081.06,0,favorable
19,MSE180913PZ9,Seguridad,6,345637.03,57606.17,133630.69,43600.91,0.6667,5,1,1,1,3,0.0,0.0,1,0,1709,2,81972.97,0.5,0.0,0,0,345637.03,0,presunto
19,STA111031N20,Transporte,7,316974.92,45282.13,99955.62,33033.24,0.5714,6,0,0,1,6,0.0,0.0,1,0,1642,4,155545.35,0.2857,0.0,0,0,316974.92,0,presunto
19,ZQX100803J3W,Transporte,10,443899.03,44389.9,47933.13,2560.81,0.0,5,1,1,1,10,0.0,0.6,0,0,1713,8,350416.85,0.1,0.0,0,0,443899.03,0,no_listado
19,OKI110917F6B,Mantenimiento,1,9860.0,9860.0,9860.0,0.0,0.0,1,0,0,0,0,0.0,0.0,0,0,1127,1,9860.0,0.0,0.0,0,1,9860.0,0,no_listado
19,UQL151027BG7,Seguridad,8,556800.0,69600.0,69600.0,0.0,0.0,4,1,1,0,0,0.0,0.0,0,0,1249,8,556800.0,0.0,0.0,0,0,556800.0,0,no_listado
19,WGY100716H47,Papeleria,4,55292.57,13823.14,16724.08,2015.95,0.0,3,1,1,0,0,0.0,0.0,0,0,2178,4,55292.57,0.0,0.0,0,0,55292.57,0,no_listado
19,KKG15041473O,Consultoria,6,282061.54,47010.26,56258.19,4796.63,0.0,4,1,1,0,0,0.0,0.0,0,0,2236,6,282061.54,0.0,0.0,0,1,282061.54,0,no_listado
19,EAJ1706203HG,Construccion,9,524866.18,58318.46,76460.09,12696.7,0.0,5,1,1,1,9,0.0,0.2222,0,0,80,9,524866.18,0.0,0.0,0,0,524866.18,0,no_listado
19,CEP1105261S7,Consultoria,5,171628.72,34325.74,44973.91,7125.64,0.0,4,1,1,0,0,0.0,0.0,1,0,2569,4,137998.31,0.2,0.0,0,0,171628.72,0,favorable
19,YVF220116TAR,Limpieza,8,33623.2,4202.9,6412.11,1549.52,0.0,1,0,0,0,0,0.0,0.0,0,0,2448,8,33623.2,0.0,0.0,0,0,33623.2,0,no_listado
19,BJP000421CY1,Mantenimiento,6,49820.71,8303.45,10206.43,1974.58,0.5,5,1,1,1,6,1.0,0.0,0,0,1587,6,49820.71,0.0,0.0,0,0,49820.71,0,no_listado
20,UXW2311228HR,Logistica,3,329167.14,109722.38,171295.63,45163.92,0.3333,2,1,1,1,3,0.0,0.0,0,0,389,2,235526.95,0.3333,0.0,0,0,329167.14,0,no_listado
20,JCP01090244Z,Limpieza,8,450937.35,56367.17,163652.57,48848.94,0.75,4,1,1,1,8,0.125,0.0,0,0,487,8,450937.35,0.0,0.0,0,0,450937.35,0,no_listado
20,YJU170226NNT,Mantenimiento,7,453511.14,64787.31,144471.28,44840.45,0.4286,6,1,1,1,7,0.0,0.0,0,0,1771,7,453511.14,0.0,0.0,0,0,453511.14,0,no_listado
20,QBD080719F8M,Construccion,6,380881.83,63480.31,154379.33,50440.51,0.5,3,0,0,1,3,0.0,0.0,0,0,768,4,285247.55,0.1667,0.0,0,0,380881.83,0,no_listado
20,RXF160115F6B,Seguridad,7,525442.4,75063.2,116899.19,32094.77,0.5714,4,0,0,1,4,0.0,0.0,0,0,1549,4,353370.42,0.4286,0.0,0,0,525442.4,0,no_listado
20,RZO02052537S,Construccion,6,312982.56,52163.76,106900.84,35313.41,0.6667,5,0,0,1,5,0.0,0.0,0,0,739,6,312982.56,0.0,0.0,0,0,312982.56,0,no_listado
20,TRE100101F66,Tecnologia,3,130445.5,43481.83,65927.58,19347.46,0.3333,3,1,1,1,3,0.0,0.3333,0,0,1841,3,130445.5,0.0,0.0,0,0,130445.5,0,no_listado
20,AIW000801US4,Transporte,4,352674.13,88168.53,116595.34,21057.36,0.5,3,0,0,0,0,0.0,0.0,0,0,1309,4,352674.13,0.0,0.0,0,0,352674.13,0,no_listado
20,VAK2302161GV,Consultoria,5,533204.66,106640.93,145196.64,36940.26,0.2,4,0,0,1,2,0.5,0.5,0,0,2511,4,389393.39,0.0,0.0,0,0,533204.66,0,no_listado
20,ZZZ241115FLK,Transporte,7,656949.46,93849.92,173872.39,67599.05,0.5714,4,1,1,1,7,0.1429,0.0,0,0,1673,7,656949.46,0.0,0.0,0,0,656949.46,0,no_listado
20,SXQ050128OQL,Publicidad,9,617992.91,68665.88,127070.44,41444.79,0.4444,4,1,1,1,9,0.1111,0.1111,0,0,512,6,461322.89,0.3333,0.0,0,0,617992.91,0,no_listado
20,XPO261111J38,Publicidad,3,174302.94,58100.98,126043.59,48175.25,0.3333,3,1,1,1,3,0.0,0.0,0,0,2403,3,174302.94,0.0,0.0,0,0,174302.94,0,no_listado
20,PAR1604304X5,Consultoria,7,629223.74,89889.11,158588.04,46979.26,0.4286,3,0,0,0,0,0.0,0.0,1,1,167,7,629223.74,0.0,1.0,0,0,629223.74,1,definitivo
20,AOO131025UOO,Mantenimiento,1,1236469.43,1236469.43,1236469.43,0.0,1.0,1,0,0,0,0,0.0,0.0,0,0,142,1,1236469.43,0.0,0.0,0,0,1236469.43,1,no_listado
20,MDU0205201E2,Consultoria,11,529069.14,48097.19,49565.69,1094.51,0.4545,4,0,0,1,11,1.0,1.0,0,0,359,9,432538.68,0.1818,1.0,0,0,529069.14,1,no_listado
20,SUX130505UG4,Limpieza,6,502412.81,83735.47,171829.7,60624.28,0.3333,5,1,1,1,6,1.0,0.0,0,0,55,6,502412.81,0.0,0.0,0,0,502412.81,1,no_listado
20,LTA151203V38,Seguridad,4,380876.32,95219.08,127416.74,44942.45,0.25,3,1,1,1,3,0.0,0.0,1,0,1843,3,253459.58,0.25,0.0,0,0,380876.32,0,desvirtuado
20,PFR080919LR2,Consultoria,7,571291.82,81613.12,161018.8,50997.84,0.4286,4,1,1,1,4,0.0,0.0,1,0,274,6,493544.07,0.1429,0.0,0,0,571291.82,0,desvirtuado
20,SAM14022451A,Logistica,7,538234.73,76890.68,166975.96,61894.09,0.4286,6,1,1,1,5,0.0,0.2,1,0,598,7,538234.73,0.0,0.0,0,0,538234.73,0,favorable
20,CDT991103QR3,Seguridad,5,466397.44,93279.49,160547.57,56876.35,0.6,3,0,0,1,3,0.0,0.0,1,0,1861,5,466397.44,0.0,0.0,0,0,466397.44,0,favorable
20,MPI0504087Q4,Limpieza,5,234709.12,46941.82,129078.27,43179.66,0.6,4,1,1,1,3,0.0,0.0,1,0,1594,2,35624.17,0.6,0.0,0,0,234709.12,0,presunto
20,SPR201102KW2,Construccion,6,500956.29,83492.72,146254.95,34382.28,0.6667,4,1,1,1,3,0.0,0.0,1,0,1759,3,305206.09,0.5,0.0,0,0,500956.29,0,presunto
20,BXU140501KK8,Transporte,10,448781.2,44878.12,46241.71,991.25,0.0,5,1,1,1,10,0.0,0.6,0,0,1719,9,405445.47,0.0,0.0,0,0,448781.2,0,no_listado
20,BYV211103YQ1,Mantenimiento,1,9860.0,9860.0,9860.0,0.0,0.0,1,0,0,0,0,0.0,0.0,0,0,1249,1,9860.0,0.0,0.0,0,0,9860.0,0,no_listado
20,EBB250608U4D,Seguridad,8,556800.0,69600.0,69600.0,0.0,0.0,4,1,1,0,0,0.0,0.0,0,0,1249,8,556800.0,0.0,0.0,0,0,556800.0,0,no_listado
20,OUT040720WM3,Papeleria,4,55618.25,13904.56,16720.16,1636.26,0.0,3,1,1,0,0,0.0,0.0,0,0,2143,4,55618.25,0.0,0.0,0,0,55618.25,0,no_listado
20,AYG150824RX5,Consultoria,6,337203.87,56200.64,63232.04,4092.83,0.0,5,1,1,0,0,0.0,0.0,0,0,2206,6,337203.87,0.0,0.0,0,0,337203.87,0,no_listado
20,OEP260711CCB,Construccion,9,511420.02,56824.45,75749.68,11946.4,0.0,5,1,1,1,9,0.0,0.2222,0,0,90,8,465364.4,0.1111,0.0,0,0,511420.02,0,no_listado
20,AME1311081A5,Consultoria,5,130328.7,26065.74,35068.66,4512.2,0.0,4,1,1,0,0,0.0,0.0,1,0,2580,4,95260.04,0.2,0.0,0,0,130328.7,0,favorable
20,PZP251015D7U,Limpieza,8,38791.37,4848.92,6926.01,1365.4,0.0,1,0,0,0,0,0.0,0.0,0,0,2412,8,38791.37,0.0,0.0,0,0,38791.37,0,no_listado
20,MGR230913WYP,Mantenimiento,6,42637.17,7106.19,10067.16,1764.51,0.8333,3,1,1,1,6,1.0,0.0,0,0,1611,6,42637.17,0.0,0.0,0,0,42637.17,0,no_listado
21,MMC0701021CP,Limpieza,4,314464.45,78616.11,150779.71,48301.35,0.5,2,0,0,1,1,0.0,1.0,0,0,965,4,314464.45,0.0,0.0,0,0,314464.45,0,no_listado
21,MJT120923AKU,Construccion,7,476791.37,68113.05,161321.8,50625.34,0.8571,5,1,1,1,7,0.0,0.0,0,0,982,7,476791.37,0.0,0.0,0,0,476791.37,0,no_listado
21,EVQ060420RYK,Transporte,6,253359.65,42226.61,114920.41,33945.2,0.8333,5,1,1,1,6,0.1667,0.1667,0,0,705,5,227482.44,0.1667,0.0,0,0,253359.65,0,no_listado
21,ARE0305073XA,Limpieza,3,297841.74,99280.58,145021.77,56895.15,0.3333,3,0,0,1,1,0.0,0.0,0,0,2098,3,297841.74,0.0,0.0,0,0,297841.74,0,no_listado
21,TRT150822VJR,Mantenimiento,3,356307.27,118769.09,164583.96,44430.2,0.6667,3,1,1,1,3,0.0,0.0,0,0,319,3,356307.27,0.0,0.0,0,0,356307.27,0,no_listado
21,ING22042471F,Tecnologia,9,491033.75,54559.31,154144.34,43368.59,0.3333,6,1,1,1,9,0.1111,0.2222,0,0,1749,7,352244.32,0.2222,0.0,0,0,491033.75,0,no_listado
21,WZL000606QBY,Logistica,4,350655.13,87663.78,150271.88,50087.18,0.75,3,0,0,0,0,0.0,0.0,0,0,1929,3,200383.25,0.25,0.0,0,0,350655.13,0,no_listado
21,NSY001124NGN,Consultoria,5,314622.86,62924.57,116595.34,28060.13,0.6,3,1,1,1,5,0.2,0.4,0,0,444,3,221137.99,0.4,0.0,0,0,314622.86,0,no_listado
21,BZK180826TIO,Papeleria,9,794506.3,88278.48,159574.39,29473.04,0.3333,6,1,1,1,9,0.2222,0.0,0,0,1037,9,794506.3,0.0,0.0,0,0,794506.3,0,no_listado
21,WWC080212Q3H,Construccion,4,275480.7,68870.18,162215.13,59111.1,0.25,2,1,1,1,4,0.0,0.0,0,0,1799,4,275480.7,0.0,0.0,0,0,275480.7,0,no_listado
21,JBI220702H6B,Publicidad,4,86381.97,21595.49,31496.77,5720.43,0.75,3,0,0,1,1,0.0,0.0,0,0,1668,4,86381.97,0.0,0.0,0,0,86381.97,0,no_listado
21,SXC110805KAR,Publicidad,3,216403.97,72134.66,170993.45,69942.34,0.3333,3,1,1,1,3,0.0,0.0,0,0,1237,3,216403.97,0.0,0.0,0,0,216403.97,0,no_listado
21,BOME930108PU3,Consultoria,5,374843.72,74968.74,107522.86,36162.58,0.2,4,0,0,0,0,0.0,0.0,1,1,569,4,330761.93,0.2,1.0,0,0,374843.72,1,definitivo
21,OEO240225XFR,Papeleria,1,1312851.3,1312851.3,1312851.3,0.0,0.0,1,0,0,0,0,0.0,0.0,0,0,298,1,1312851.3,0.0,0.0,0,0,1312851.3,1,no_listado
21,VZK010726CEU,Mantenimiento,10,481337.29,48133.73,49543.92,1019.63,0.7,5,0,0,1,10,1.0,1.0,0,0,339,10,481337.29,0.0,1.0,0,0,481337.29,1,no_listado
21,BYC151225297,Consultoria,4,219425.22,54856.31,156499.06,58742.94,0.75,2,0,0,1,4,1.0,0.0,0,0,2004,4,219425.22,0.0,0.0,0,0,219425.22,1,no_listado
21,CAI991014B39,Logistica,6,292004.7,48667.45,116066.27,42648.11,0.5,4,0,0,1,2,0.0,0.0,1,0,526,6,292004.7,0.0,0.0,0,0,292004.7,0,desvirtuado
21,GCE1008262I0,Transporte,4,331123.51,82780.88,141153.22,54025.49,0.75,3,1,1,1,4,0.0,0.0,1,0,2096,2,272545.94,0.5,0.0,0,0,331123.51,0,desvirtuado
21,CGC130712JI9,Seguridad,4,298750.65,74687.66,114412.61,33194.65,0.25,3,1,1,1,3,0.3333,0.0,1,0,1210,4,298750.65,0.0,0.0,0,0,298750.65,0,favorable
21,INM1209131C5,Tecnologia,5,536673.29,107334.66,173695.88,56783.78,0.4,2,1,1,1,3,0.0,0.0,1,0,2011,4,376705.45,0.2,0.0,0,0,536673.29,0,favorable
21,GAHM9101194AA,Seguridad,6,598354.49,99725.75,165633.36,58160.99,0.6667,4,1,1,1,2,0.0,0.0,1,0,444,5,432721.13,0.1667,0.0,0,0,598354.49,0,presunto
21,SRO161110TX8,Limpieza,7,453223.79,64746.26,111902.89,31842.77,0.2857,4,0,0,1,4,0.0,0.0,1,0,202,5,374353.34,0.2857,0.0,0,0,453223.79,0,presunto
21,XGK110726A03,Transporte,10,445868.53,44586.85,48420.07,2511.94,0.0,5,1,1,1,10,0.0,0.5,0,0,1706,9,397448.46,0.1,0.0,0,0,445868.53,0,no_listado
21,CNN2611234K0,Mantenimiento,1,9860.0,9860.0,9860.0,0.0,0.0,1,0,0,0,0,0.0,0.0,0,0,1148,1,9860.0,0.0,0.0,0,0,9860.0,0,no_listado
21,SUZ140222DL5,Seguridad,8,556800.0,69600.0,69600.0,0.0,0.0,3,1,1,0,0,0.0,0.0,0,0,1249,8,556800.0,0.0,0.0,0,0,556800.0,0,no_listado
21,KZS18011347W,Papeleria,4,54691.02,13672.76,16816.81,2561.72,0.0,3,1,1,0,0,0.0,0.0,0,0,2155,4,54691.02,0.0,0.0,0,0,54691.02,0,no_listado
21,MAK150512UWH,Consultoria,6,293395.09,48899.18,55115.22,5595.99,0.0,4,1,1,0,0,0.0,0.0,0,0,2235,5,245978.19,0.1667,0.0,0,0,293395.09,0,no_listado
21,QEN160707GLR,Construccion,9,528471.06,58719.01,71895.88,7613.7,0.0,5,1,1,1,9,0.0,0.1111,0,0,73,7,426601.58,0.1111,0.0,0,0,528471.06,0,no_listado
21,ZBR051109MP8,Consultoria,5,202158.9,40431.78,45669.12,4511.73,0.0,4,1,1,0,0,0.0,0.0,1,0,2566,5,202158.9,0.0,0.0,0,0,202158.9,0,favorable
21,ETN0507144U6,Limpieza,8,31451.97,3931.5,5749.6,1172.77,0.0,1,0,0,0,0,0.0,0.0,0,0,2407,8,31451.97,0.0,0.0,0,0,31451.97,0,no_listado
21,VCO080808252,Mantenimiento,6,38879.72,6479.95,8921.98,1401.23,0.3333,3,1,1,1,6,1.0,0.0,0,0,1656,6,38879.72,0.0,0.0,0,0,38879.72,0,no_listado
22,ZUC031003LQ6,Mantenimiento,9,695425.03,77269.45,135617.68,51672.37,0.4444,5,1,1,1,9,0.2222,0.0,0,0,1276,8,559807.35,0.1111,0.0,0,0,695425.03,0,no_listado
22,KFF150514ZWI,Logistica,4,217498.38,54374.6,98617.82,36819.69,0.75,3,1,1,1,4,0.0,0.0,0,0,1304,3,134571.66,0.25,0.0,0,0,217498.38,0,no_listado
22,ZFQ120222VNY,Consultoria,8,581154.1,72644.26,164537.43,47057.29,0.125,5,0,0,1,2,0.0,0.0,0,0,108,8,581154.1,0.0,0.0,0,0,581154.1,0,no_listado
22,FSZ090908MVZ,Construccion,4,313465.83,78366.46,160786.72,52776.81,0.5,4,0,0,1,1,0.0,0.0,0,0,1952,4,313465.83,0.0,0.0,0,0,313465.83,0,no_listado
22,DSX070614XII,Transporte,7,539536.58,77076.65,143448.51,40453.7,0.4286,4,1,1,1,7,0.0,0.0,0,0,127,6,472598.73,0.1429,0.0,0,0,539536.58,0,no_listado
22,LDP050323F6Q,Consultoria,5,355115.05,71023.01,154940.43,45336.29,0.8,4,1,1,1,5,0.0,0.2,0,0,711,3,152432.78,0.4,0.0,0,0,355115.05,0,no_listado
22,IEX100717GBW,Limpieza,9,558686.2,62076.24,151162.94,45768.38,0.6667,3,0,0,1,5,0.0,0.0,0,0,1912,8,457482.13,0.1111,0.0,0,0,558686.2,0,no_listado
22,KMF140406EBH,Consultoria,8,667289.44,83411.18,149679.06,50983.47,0.375,4,0,0,1,2,0.0,0.0,0,0,220,8,667289.44,0.0,0.0,0,0,667289.44,0,no_listado
22,ZOQ190916MBN,Logistica,3,434678.91,144892.97,170825.39,27983.28,0.6667,3,1,1,1,3,0.0,0.0,0,0,209,3,434678.91,0.0,0.0,0,0,434678.91,0,no_listado
22,JHX210612RET,Transporte,6,284316.57,47386.1,111637.03,40936.52,0.3333,4,1,1,1,6,0.0,0.0,0,0,1674,6,284316.57,0.0,0.0,0,0,284316.57,0,no_listado
22,QVE240925PLU,Tecnologia,3,130378.73,43459.58,75799.99,23639.25,0.6667,3,0,0,1,2,0.0,0.0,0,0,1326,3,130378.73,0.0,0.0,0,0,130378.73,0,no_listado
22,QMM03061466G,Construccion,7,375475.39,53639.34,165427.45,54785.27,0.5714,5,0,0,1,3,0.0,0.0,0,0,550,6,210047.94,0.1429,0.0,0,0,375475.39,0,no_listado
22,HECA920220D45,Consultoria,8,493970.62,61746.33,139427.46,46601.03,0.5,6,0,0,0,0,0.0,0.0,1,1,237,8,493970.62,0.0,1.0,0,0,493970.62,1,definitivo
22,DNH1208166KH,Limpieza,1,1032047.28,1032047.28,1032047.28,0.0,0.0,1,1,1,0,0,0.0,0.0,0,0,578,1,1032047.28,0.0,0.0,0,0,1032047.28,1,no_listado
22,DKB0606171D4,Logistica,13,621992.86,47845.6,49201.71,740.86,0.4615,6,0,0,1,13,1.0,1.0,0,0,155,13,621992.86,0.0,1.0,0,0,621992.86,1,no_listado
22,LGO2301190CN,Consultoria,5,310933.43,62186.69,130785.21,37687.2,0.6,3,0,0,1,5,1.0,0.0,0,0,360,5,310933.43,0.0,0.0,0,0,310933.43,1,no_listado
22,CALL680723GY6,Mantenimiento,4,163800.9,40950.22,71043.83,23467.79,1.0,2,1,1,1,1,0.0,0.0,1,0,1413,3,92757.07,0.25,0.0,0,0,163800.9,0,desvirtuado
22,DEN1405273G6,Limpieza,3,69250.15,23083.38,30669.61,5364.47,0.3333,3,1,1,1,1,0.0,0.0,1,0,1718,2,49904.05,0.0,0.0,0,0,69250.15,0,desvirtuado
22,PCO1608257Z5,Construccion,4,313828.01,78457.0,144021.25,45284.03,0.25,2,0,0,1,2,0.0,0.0,1,0,217,3,169806.76,0.25,0.0,0,1,313828.01,0,favorable
22,CNB150508CD5,Construccion,6,477762.14,79627.02,163385.65,62212.06,0.1667,5,1,1,1,3,0.0,0.0,1,0,2072,5,370747.28,0.1667,0.0,0,0,477762.14,0,favorable
22,MAV210909KV4,Publicidad,6,433865.82,72310.97,142907.7,45801.64,0.0,5,0,0,1,3,0.3333,0.0,1,0,1299,3,179054.62,0.5,0.0,0,0,433865.82,0,presunto
22,RODE9401212S0,Seguridad,6,255575.52,42595.92,99807.97,30087.55,0.3333,5,1,1,1,3,0.0,0.0,1,0,275,3,177746.54,0.3333,0.0,0,0,255575.52,0,presunto
22,CXM220814F3T,Transporte,10,449861.73,44986.17,47781.14,2130.2,0.0,6,1,1,1,10,0.0,0.5,0,0,1697,8,360934.77,0.1,0.0,0,0,449861.73,0,no_listado
22,DTH060526ZOH,Mantenimiento,1,9860.0,9860.0,9860.0,0.0,0.0,1,0,0,0,0,0.0,0.0,0,0,1124,1,9860.0,0.0,0.0,0,0,9860.0,0,no_listado
22,GYV031115715,Seguridad,8,556800.0,69600.0,69600.0,0.0,0.0,3,1,1,0,0,0.0,0.0,0,0,1249,7,487200.0,0.0,0.0,0,0,556800.0,0,no_listado
22,DGW0412213LY,Papeleria,4,64523.54,16130.89,16561.04,346.75,0.0,4,1,1,0,0,0.0,0.0,0,0,2169,4,64523.54,0.0,0.0,0,0,64523.54,0,no_listado
22,IYD060124MS6,Consultoria,6,331106.6,55184.43,63313.79,7138.62,0.0,4,1,1,0,0,0.0,0.0,0,0,2230,6,331106.6,0.0,0.0,0,0,331106.6,0,no_listado
22,CXU250514CWQ,Construccion,9,440550.52,48950.06,70345.24,10260.29,0.0,5,1,1,1,9,0.0,0.3333,0,0,26,7,338839.39,0.2222,0.0,0,0,440550.52,0,no_listado
22,IFO050531BI6,Consultoria,5,159583.23,31916.65,38828.81,6221.98,0.0,3,1,1,0,0,0.0,0.0,1,0,2605,5,159583.23,0.0,0.0,0,0,159583.23,0,desvirtuado
22,YWQ030601GL4,Limpieza,8,39780.72,4972.59,6618.58,1179.44,0.0,1,0,0,0,0,0.0,0.0,0,0,2417,8,39780.72,0.0,0.0,0,0,39780.72,0,no_listado
22,VFN1708180JK,Mantenimiento,6,41635.96,6939.33,9577.63,1341.97,0.3333,5,1,1,1,6,1.0,0.0,0,0,1602,5,32058.33,0.1667,0.0,0,0,41635.96,0,no_listado
23,TVE230516SDC,Logistica,5,423098.05,84619.61,163462.49,54943.66,0.6,4,1,1,1,5,0.0,0.0,0,0,2156,4,404581.43,0.2,0.0,0,0,423098.05,0,no_listado
23,JBP120624N8K,Seguridad,3,210653.51,70217.84,143088.82,53150.29,0.6667,3,0,0,1,1,0.0,1.0,0,0,915,3,210653.51,0.0,0.0,0,0,210653.51,0,no_listado
23,UNT0508071E3,Tecnologia,8,562352.14,70294.02,149290.21,49469.22,0.5,5,1,1,1,8,0.125,0.0,0,0,996,5,344883.17,0.375,0.0,0,0,562352.14,0,no_listado
23,QTG171107WTR,Limpieza,6,446225.97,74370.99,149596.64,43945.04,0.6667,5,0,0,1,4,0.25,0.0,0,0,838,5,352476.64,0.1667,0.0,0,0,446225.97,0,no_listado
23,UBQ0805180AM,Seguridad,4,290657.95,72664.49,156602.06,58833.01,0.5,2,1,1,1,4,0.0,0.0,0,0,2302,4,290657.95,0.0,0.0,0,0,290657.95,0,no_listado
23,APC140610CKN,Mantenimiento,7,578210.31,82601.47,141744.14,47264.09,0.7143,4,1,1,1,7,0.0,0.0,0,0,2088,7,578210.31,0.0,0.0,0,0,578210.31,0,no_listado
23,GVQ120625GPJ,Tecnologia,5,495654.06,99130.81,152465.48,44719.77,0.6,4,1,1,1,5,0.2,0.0,0,0,935,4,411693.14,0.2,0.0,0,0,495654.06,0,no_listado
23,WYV10050314G,Transporte,8,640176.62,80022.08,166702.75,53582.24,0.375,5,0,0,1,5,0.0,0.0,0,0,1072,8,640176.62,0.0,0.0,0,0,640176.62,0,no_listado
23,TST200913LRZ,Publicidad,6,607275.62,101212.6,164097.72,50869.92,0.3333,4,0,0,1,4,0.25,0.0,0,0,2005,5,509491.67,0.1667,0.0,0,0,607275.62,0,no_listado
23,UQW080507NL8,Papeleria,3,248561.81,82853.94,148215.73,46534.56,0.0,3,1,1,1,3,0.0,0.0,0,0,1963,3,248561.81,0.0,0.0,0,0,248561.81,0,no_listado
23,FDV1106103NZ,Mantenimiento,7,285711.46,40815.92,91136.04,24847.13,0.8571,4,1,1,1,7,0.0,0.0,0,0,1419,6,194575.42,0.1429,0.0,0,0,285711.46,0,no_listado
23,YAZ08051674L,Logistica,3,386817.74,128939.25,163150.22,25065.06,0.6667,1,1,1,1,3,0.0,0.0,0,0,877,3,386817.74,0.0,0.0,0,0,386817.74,0,no_listado
23,TSI151117871,Consultoria,5,412290.52,82458.1,118597.11,33470.25,0.4,3,0,0,0,0,0.0,0.0,1,1,329,3,309962.55,0.4,1.0,0,0,412290.52,1,definitivo
23,VJZ04081851D,Publicidad,1,1643671.66,1643671.66,1643671.66,0.0,0.0,1,0,0,0,0,0.0,0.0,0,0,2519,1,1643671.66,0.0,0.0,0,0,1643671.66,1,no_listado
23,VMB210314IDH,Logistica,12,577173.8,48097.82,49082.51,833.19,0.75,6,0,0,1,12,1.0,1.0,0,0,273,10,482563.29,0.0,1.0,0,0,577173.8,1,no_listado
23,KOO0204265Q3,Limpieza,6,517462.23,86243.71,158390.95,53521.57,0.6667,4,1,1,1,6,1.0,0.0,0,0,1754,6,517462.23,0.0,0.0,0,0,517462.23,1,no_listado
23,BNO060417AR2,Publicidad,7,540323.0,77189.0,139739.78,34954.3,0.1429,5,1,1,1,3,0.0,0.0,1,0,537,6,482748.77,0.1429,0.0,0,0,540323.0,0,desvirtuado
23,GEX040107SRA,Construccion,5,400025.11,80005.02,149565.81,42717.89,0.4,3,0,0,1,3,0.0,0.0,1,0,2569,4,328206.05,0.2,0.0,0,0,400025.11,0,desvirtuado
23,GJM130517HD1,Publicidad,5,369393.5,73878.7,126336.47,27716.67,0.4,4,1,1,1,4,0.0,0.25,1,0,1896,5,369393.5,0.0,0.0,0,0,369393.5,0,favorable
23,RMA160401R70,Papeleria,4,421317.78,105329.44,166723.2,47841.22,0.5,3,1,1,1,3,0.0,0.0,1,0,1686,4,421317.78,0.0,0.0,0,0,421317.78,0,favorable
23,CAG1902018W7,Mantenimiento,7,528926.85,75560.98,132480.58,41189.13,0.5714,4,0,0,1,5,0.0,0.0,1,0,1312,7,528926.85,0.0,0.0,0,0,528926.85,0,presunto
23,EXT181210RU7,Limpieza,7,891859.07,127408.44,171670.8,49967.88,0.4286,5,0,0,1,2,0.5,0.0,1,0,279,6,753948.19,0.1429,0.0,0,0,891859.07,0,presunto
23,HXZ260506MGQ,Transporte,10,458014.1,45801.41,48560.87,1958.84,0.0,6,1,1,1,10,0.0,0.6,0,0,1706,9,414794.17,0.0,0.0,0,0,458014.1,0,no_listado
23,BET240213HJT,Mantenimiento,1,9860.0,9860.0,9860.0,0.0,0.0,1,0,0,0,0,0.0,0.0,0,0,1167,1,9860.0,0.0,0.0,0,0,9860.0,0,no_listado
23,MWG091012LXA,Seguridad,8,556800.0,69600.0,69600.0,0.0,0.0,5,1,1,0,0,0.0,0.0,0,0,1249,8,556800.0,0.0,0.0,0,0,556800.0,0,no_listado
23,WLG210207RM4,Papeleria,4,54929.64,13732.41,17384.68,2307.74,0.0,4,1,1,0,0,0.0,0.0,0,0,2168,4,54929.64,0.0,0.0,0,0,54929.64,0,no_listado
23,CSN050423PES,Consultoria,6,307204.09,51200.68,57593.91,4825.29,0.0,4,1,1,0,0,0.0,0.0,0,0,2196,3,156910.28,0.5,0.0,0,0,307204.09,0,no_listado
23,HFR070306YMC,Construccion,9,496999.16,55222.13,75032.14,13367.79,0.0,4,1,1,1,9,0.0,0.3333,0,0,77,7,399279.46,0.2222,0.0,0,0,496999.16,0,no_listado
23,PPI110509I95,Consultoria,5,198539.55,39707.91,45979.2,6217.8,0.0,4,1,1,0,0,0.0,0.0,1,0,2688,5,198539.55,0.0,0.0,0,0,198539.55,0,favorable
23,AGE011220AOT,Limpieza,8,34072.23,4259.03,5880.81,1389.58,0.0,1,0,0,0,0,0.0,0.0,0,0,2464,8,34072.23,0.0,0.0,0,0,34072.23,0,no_listado
23,OEM0001256CJ,Mantenimiento,6,44903.19,7483.87,9446.74,1499.91,0.5,3,1,1,1,6,1.0,0.0,0,0,1617,6,44903.19,0.0,0.0,0,0,44903.19,0,no_listado
24,VTG1103047N7,Seguridad,7,530857.35,75836.76,153812.74,44709.19,0.7143,5,0,0,1,3,0.3333,0.0,0,0,1059,6,484491.81,0.1429,0.0,0,0,530857.35,0,no_listado
24,TLD191121HVL,Tecnologia,6,428734.96,71455.83,120449.39,41120.96,0.3333,5,0,0,1,2,0.0,0.0,0,0,1650,5,311972.13,0.1667,0.0,0,0,428734.96,0,no_listado
24,ERC160917P2U,Tecnologia,5,223616.29,44723.26,88882.0,32752.54,0.6,3,1,1,1,5,0.0,0.0,0,0,1866,5,223616.29,0.0,0.0,0,0,223616.29,0,no_listado
24,XZT0712267HR,Construccion,3,103126.22,34375.41,53290.5,14048.45,0.3333,2,0,0,1,2,0.0,0.0,0,0,295,2,72944.99,0.3333,0.0,0,0,103126.22,0,no_listado
24,HMH2603205HC,Transporte,8,458696.44,57337.05,153200.9,45900.99,0.375,3,0,0,1,4,0.25,0.0,0,0,41,7,439959.16,0.125,0.0,0,0,458696.44,0,no_listado
24,YUO200109ELS,Papeleria,8,764718.83,95589.85,166126.94,50123.62,0.5,4,1,1,1,8,0.125,0.125,0,0,1884,7,660885.56,0.125,0.0,0,0,764718.83,0,no_listado
24,SDN080702TZN,Seguridad,4,310519.06,77629.76,130065.5,47306.79,0.25,4,1,1,1,4,0.5,0.0,0,0,1548,4,310519.06,0.0,0.0,0,0,310519.06,0,no_listado
24,OYH150522M8Z,Papeleria,9,560065.07,62229.45,170945.85,48655.23,0.3333,6,1,1,1,9,0.0,0.1111,0,0,2344,7,306638.68,0.2222,0.0,0,0,560065.07,0,no_listado
24,KER040502YEZ,Papeleria,4,542005.47,135501.37,166114.03,23552.25,0.25,3,0,0,1,3,0.3333,0.0,0,0,1046,3,375891.44,0.25,0.0,0,0,542005.47,0,no_listado
24,UIN080623HHD,Consultoria,7,565705.67,80815.1,130315.03,40857.65,0.7143,5,0,0,1,3,0.3333,0.0,0,0,178,5,415781.34,0.2857,0.0,0,0,565705.67,0,no_listado
24,CXO220324MFO,Construccion,8,842638.02,105329.75,160168.82,21422.94,0.5,3,0,0,1,5,0.0,0.0,0,0,2008,5,545510.36,0.25,0.0,0,0,842638.02,0,no_listado
24,DLF260701GP1,Transporte,3,351233.02,117077.67,143086.85,30718.43,0.6667,2,1,1,1,3,0.0,0.0,0,0,238,2,208146.17,0.3333,0.0,0,0,351233.02,0,no_listado
24,LET1202152A1,Consultoria,6,352135.94,58689.32,103798.95,40203.86,0.3333,3,0,0,0,0,0.0,0.0,1,1,112,6,352135.94,0.0,1.0,0,0,352135.94,1,definitivo
24,IZT2007175WY,Publicidad,1,1514980.4,1514980.4,1514980.4,0.0,1.0,1,1,1,0,0,0.0,0.0,0,0,129,1,1514980.4,0.0,0.0,0,1,1514980.4,1,no_listado
24,CLE24082762V,Papeleria,10,483722.75,48372.28,49682.54,876.24,0.4,5,0,0,1,10,1.0,1.0,0,0,184,9,435692.61,0.0,1.0,0,1,483722.75,1,no_listado
24,SJU130816DXB,Construccion,4,316111.23,79027.81,129343.54,39400.06,0.5,4,0,0,1,4,1.0,0.0,0,0,227,4,316111.23,0.0,0.0,0,0,316111.23,1,no_listado
24,BTM0409096G7,Transporte,4,174181.66,43545.42,86047.92,27707.15,0.5,3,1,1,1,2,0.0,0.0,1,0,1378,3,156162.21,0.25,0.0,0,0,174181.66,0,desvirtuado
24,BSO090625C67,Tecnologia,5,504373.46,100874.69,163624.25,54785.55,0.2,4,0,0,0,0,0.0,0.0,1,0,2346,4,434503.17,0.2,0.0,0,0,504373.46,0,desvirtuado
24,PPC130527NN4,Tecnologia,7,584610.26,83515.75,152211.37,52189.13,0.8571,4,0,0,1,6,0.0,0.0,1,0,1933,6,555201.24,0.1429,0.0,0,0,584610.26,0,favorable
24,ACI091013EN3,Construccion,4,226286.09,56571.52,113471.47,40272.52,0.75,3,0,0,1,2,0.0,0.0,1,0,2447,4,226286.09,0.0,0.0,0,0,226286.09,0,favorable
24,CEE2105102M4,Seguridad,6,312376.49,52062.75,142735.87,45358.55,0.3333,3,1,1,1,2,0.0,0.0,1,0,2003,5,294644.16,0.1667,0.0,0,0,312376.49,0,presunto
24,GMF190412V75,Publicidad,3,220240.8,73413.6,156566.36,59647.53,0.6667,3,1,1,1,2,0.0,0.0,1,0,219,2,200689.99,0.3333,0.0,0,0,220240.8,0,presunto
24,XLL150719CW8,Transporte,10,432886.0,43288.6,47225.26,1916.45,0.0,4,1,1,1,10,0.0,0.2,0,0,1705,10,432886.0,0.0,0.0,0,0,432886.0,0,no_listado
24,FEL130118YBV,Mantenimiento,1,9860.0,9860.0,9860.0,0.0,0.0,1,0,0,0,0,0.0,0.0,0,0,1066,1,9860.0,0.0,0.0,0,0,9860.0,0,no_listado
24,OXI05090809Q,Seguridad,8,556800.0,69600.0,69600.0,0.0,0.0,5,1,1,0,0,0.0,0.0,0,0,1249,6,417600.0,0.0,0.0,0,0,556800.0,0,no_listado
24,ZGR170616RSC,Papeleria,4,57062.32,14265.58,16692.99,2134.61,0.0,4,1,1,0,0,0.0,0.0,0,0,2181,2,27580.51,0.5,0.0,0,0,57062.32,0,no_listado
24,IVK0306125WO,Consultoria,6,304605.94,50767.66,60778.22,5312.24,0.0,4,1,1,0,0,0.0,0.0,0,0,2186,5,243827.72,0.1667,0.0,0,0,304605.94,0,no_listado
24,AOH260813O6S,Construccion,9,536122.05,59569.12,80341.29,14627.93,0.0,4,1,1,1,9,0.0,0.1111,0,0,42,8,469046.62,0.1111,0.0,0,0,536122.05,0,no_listado
24,IRT100517PC6,Consultoria,5,168262.79,33652.56,40342.57,5356.13,0.0,3,1,1,0,0,0.0,0.0,1,0,2577,4,135888.79,0.2,0.0,0,0,168262.79,0,favorable
24,AIK090305TZK,Limpieza,8,31893.63,3986.7,6293.58,1474.06,0.0,1,0,0,0,0,0.0,0.0,0,0,2472,8,31893.63,0.0,0.0,0,0,31893.63,0,no_listado
24,UGY210927P3X,Mantenimiento,6,39337.47,6556.24,8625.03,1656.97,0.5,4,1,1,1,6,1.0,0.0,0,0,1616,6,39337.47,0.0,0.0,0,0,39337.47,0,no_listado
25,GJP131207E3Z,Seguridad,4,175719.04,43929.76,90084.38,29138.04,0.75,3,1,1,1,4,0.0,0.25,0,0,294,4,175719.04,0.0,0.0,0,0,175719.04,0,no_listado
25,RMI251005BW0,Mantenimiento,3,391796.79,130598.93,172659.3,59146.86,0.6667,2,1,1,1,3,0.0,0.3333,0,0,1514,3,391796.79,0.0,0.0,0,0,391796.79,0,no_listado
25,DDU200926RG7,Consultoria,7,680509.9,97215.7,161055.24,45523.65,0.8571,6,1,1,1,7,0.0,0.0,0,0,796,6,596131.58,0.1429,0.0,0,0,680509.9,0,no_listado
25,ORI1107198D6,Seguridad,7,545002.37,77857.48,119870.73,30074.78,0.5714,5,0,0,1,2,0.0,0.0,0,0,55,7,545002.37,0.0,0.0,0,0,545002.37,0,no_listado
25,GLW2501050BO,Transporte,6,427802.72,71300.45,150729.21,54599.26,0.8333,4,0,0,1,2,0.0,0.0,0,0,1407,6,427802.72,0.0,0.0,0,0,427802.72,0,no_listado
25,ATR2009273XS,Publicidad,4,361422.64,90355.66,119870.73,17099.47,0.5,3,1,1,1,4,0.0,0.0,0,0,1375,2,201901.5,0.25,0.0,0,0,361422.64,0,no_listado
25,YZK050502ZNV,Seguridad,5,394642.15,78928.43,159149.02,49056.5,0.2,5,1,1,1,5,0.2,0.0,0,0,2508,5,394642.15,0.0,0.0,0,0,394642.15,0,no_listado
25,HGY211023EQH,Papeleria,6,564369.78,94061.63,142244.0,42459.76,0.5,3,1,1,1,6,0.0,0.0,0,0,991,6,564369.78,0.0,0.0,0,0,564369.78,0,no_listado
25,QQW120325PGM,Limpieza,6,520222.49,86703.75,133113.17,39021.18,0.3333,5,1,1,1,6,0.0,0.0,0,0,1259,6,520222.49,0.0,0.0,0,0,520222.49,0,no_listado
25,FRU170318MVU,Consultoria,3,387801.04,129267.01,157396.6,32121.33,0.6667,2,1,1,1,3,0.0,0.0,0,0,331,2,303489.19,0.3333,0.0,0,0,387801.04,0,no_listado
25,DBB160410SKA,Logistica,9,799256.58,88806.29,164796.61,40474.83,0.5556,5,1,1,1,9,0.0,0.1111,0,0,1584,8,734240.91,0.1111,0.0,0,0,799256.58,0,no_listado
25,NIY120104DNE,Construccion,7,484336.4,69190.91,165602.33,63761.3,0.5714,5,1,1,1,7,0.0,0.0,0,0,1265,6,405626.24,0.1429,0.0,0,0,484336.4,0,no_listado
25,GCT061128BR1,Consultoria,7,390101.24,55728.75,111637.03,26208.69,0.7143,3,0,0,0,0,0.0,0.0,1,1,243,6,278464.21,0.1429,1.0,0,0,390101.24,1,definitivo
25,BLW030817G1M,Limpieza,1,1563267.65,1563267.65,1563267.65,0.0,1.0,1,0,0,0,0,0.0,0.0,0,0,229,1,1563267.65,0.0,0.0,0,0,1563267.65,1,no_listado
25,APK000612TQH,Seguridad,12,573569.0,47797.42,49794.71,1090.77,0.5833,6,0,0,1,12,1.0,1.0,0,0,318,11,526838.35,0.0,1.0,0,0,573569.0,1,no_listado
25,MPJ240107Q9V,Publicidad,5,415319.97,83063.99,147086.91,49768.97,0.4,4,0,0,1,5,1.0,0.0,0,0,108,5,415319.97,0.0,0.0,0,1,415319.97,1,no_listado
25,TRE040421KI8,Seguridad,6,439847.45,73307.91,154763.52,46916.2,0.5,5,1,1,1,4,0.0,0.0,1,0,1963,4,353291.24,0.3333,0.0,0,0,439847.45,0,desvirtuado
25,APC030624DA3,Transporte,5,455534.44,91106.89,147615.92,45058.57,0.8,5,0,0,1,1,0.0,1.0,1,0,2545,5,455534.44,0.0,0.0,0,0,455534.44,0,desvirtuado
25,LOPM870909LX2,Consultoria,4,179307.65,44826.91,104008.7,35090.31,0.5,3,0,0,1,1,0.0,0.0,1,0,1026,4,179307.65,0.0,0.0,0,0,179307.65,0,favorable
25,EEA131021JM9,Tecnologia,4,327255.12,81813.78,158454.28,63217.7,0.75,4,1,1,1,2,0.0,0.0,1,0,2006,4,327255.12,0.0,0.0,0,0,327255.12,0,favorable
25,SER151111QW4,Papeleria,7,509493.04,72784.72,137365.61,42541.7,0.8571,6,1,1,1,5,0.0,0.0,1,0,432,4,313282.4,0.4286,0.0,0,0,509493.04,0,presunto
25,TCO200902154,Limpieza,4,299478.78,74869.69,158890.79,51762.82,0.25,4,1,1,1,3,0.0,0.0,1,0,935,4,299478.78,0.0,0.0,0,0,299478.78,0,presunto
25,XBN110423JRL,Transporte,10,444030.5,44403.05,47466.47,2022.94,0.0,4,1,1,1,10,0.0,0.4,0,0,1767,9,397059.92,0.1,0.0,0,0,444030.5,0,no_listado
25,CQA130927NG9,Mantenimiento,1,9860.0,9860.0,9860.0,0.0,0.0,1,0,0,0,0,0.0,0.0,0,0,1052,1,9860.0,0.0,0.0,0,0,9860.0,0,no_listado
25,CZW0703282XS,Seguridad,8,556800.0,69600.0,69600.0,0.0,0.0,5,1,1,0,0,0.0,0.0,0,0,1249,7,487200.0,0.0,0.0,0,0,556800.0,0,no_listado
25,SXD260617AY3,Papeleria,4,54072.04,13518.01,15077.17,1035.66,0.0,3,1,1,0,0,0.0,0.0,0,0,2227,4,54072.04,0.0,0.0,0,0,54072.04,0,no_listado
25,QWU030202I2O,Consultoria,6,322919.97,53819.99,61407.09,6502.15,0.0,5,1,1,0,0,0.0,0.0,0,0,2243,6,322919.97,0.0,0.0,0,0,322919.97,0,no_listado
25,SYW041020OHG,Construccion,9,539789.81,59976.65,78037.9,13372.56,0.0,4,1,1,1,9,0.0,0.1111,0,0,27,9,539789.81,0.0,0.0,0,0,539789.81,0,no_listado
25,SMA140819PR6,Consultoria,5,175206.8,35041.36,42361.47,4780.38,0.0,4,1,1,0,0,0.0,0.0,1,0,2579,5,175206.8,0.0,0.0,0,0,175206.8,0,favorable
25,KDT260320DUJ,Limpieza,8,35203.34,4400.42,6941.61,1546.84,0.0,1,0,0,0,0,0.0,0.0,0,0,2417,8,35203.34,0.0,0.0,0,0,35203.34,0,no_listado
25,SHI1412220UE,Mantenimiento,6,49414.36,8235.73,9839.72,1458.38,0.6667,3,1,1,1,6,1.0,0.0,0,0,1620,5,40811.03,0.1667,0.0,0,0,49414.36,0,no_listado
26,UZP2002123OR,Logistica,5,423907.64,84781.53,141886.68,44437.47,0.4,3,1,1,1,5,0.2,0.0,0,0,249,3,313769.83,0.4,0.0,0,0,423907.64,0,no_listado
26,HSX261126MCG,Limpieza,6,281660.88,46943.48,99559.44,32076.99,1.0,3,0,0,1,3,0.0,0.0,0,0,1592,5,229059.03,0.1667,0.0,0,0,281660.88,0,no_listado
26,QBJ041021X56,Logistica,8,692429.51,86553.69,172665.06,54791.05,0.5,4,0,0,1,3,0.0,0.0,0,0,1139,7,666666.59,0.125,0.0,0,0,692429.51,0,no_listado
26,AHQ2210165KJ,Transporte,9,789261.06,87695.67,146362.42,45566.88,0.5556,5,1,1,1,9,0.1111,0.0,0,0,2181,8,673407.86,0.1111,0.0,0,0,789261.06,0,no_listado
26,PTD050612VY5,Transporte,6,339805.72,56634.29,173906.72,55210.08,0.3333,3,1,1,1,6,0.0,0.0,0,0,840,6,339805.72,0.0,0.0,0,0,339805.72,0,no_listado
26,CCT1103074VD,Tecnologia,6,371169.01,61861.5,172178.06,55460.5,1.0,4,1,1,1,6,0.0,0.0,0,0,573,6,371169.01,0.0,0.0,0,0,371169.01,0,no_listado
26,VKL1802156AR,Mantenimiento,4,342443.9,85610.97,166725.18,54335.8,0.25,3,0,0,1,2,0.0,0.0,0,0,116,4,342443.9,0.0,0.0,0,0,342443.9,0,no_listado
26,BCW011228YP5,Transporte,6,446236.82,74372.8,118281.14,44210.39,0.5,5,0,0,1,2,0.0,0.0,0,0,926,6,446236.82,0.0,0.0,0,0,446236.82,0,no_listado
26,TVK250501NLD,Consultoria,3,191769.82,63923.27,86696.63,16441.18,0.3333,3,0,0,1,1,0.0,1.0,0,0,840,2,135171.3,0.3333,0.0,0,0,191769.82,0,no_listado
26,MSJ040720W8A,Construccion,8,601021.82,75127.73,155594.58,44981.83,0.75,3,1,1,1,8,0.125,0.125,0,0,1259,6,525901.01,0.25,0.0,0,0,601021.82,0,no_listado
26,QEE201005RTF,Tecnologia,8,649084.03,81135.5,165192.28,57088.52,0.5,4,1,1,1,8,0.125,0.0,0,0,1168,5,408561.52,0.375,0.0,0,0,649084.03,0,no_listado
26,GRZ250902UG2,Publicidad,4,382652.42,95663.1,160356.63,44667.95,0.5,4,1,1,1,4,0.0,0.0,0,0,1263,2,118499.0,0.5,0.0,0,0,382652.42,0,no_listado
26,MEGA780131F75,Consultoria,5,378156.82,75631.36,166228.21,69670.7,0.4,2,0,0,0,0,0.0,0.0,1,1,100,5,378156.82,0.0,1.0,0,0,378156.82,1,definitivo
26,HIN210306TLX,Transporte,1,1565637.78,1565637.78,1565637.78,0.0,0.0,1,0,0,0,0,0.0,0.0,0,0,332,1,1565637.78,0.0,0.0,0,0,1565637.78,1,no_listado
26,QRM020815Q5Y,Transporte,10,485821.03,48582.1,49780.08,944.19,0.5,6,0,0,1,10,1.0,1.0,0,0,1517,8,388109.37,0.0,1.0,0,0,485821.03,1,no_listado
26,GDB260717LAB,Consultoria,5,397902.24,79580.45,146272.66,42339.17,0.6,3,0,0,1,5,1.0,0.0,0,0,644,4,340861.75,0.2,0.0,0,0,397902.24,1,no_listado
26,EDI1403258S1,Mantenimiento,7,568971.06,81281.58,150169.9,48948.89,0.5714,4,1,1,1,3,0.0,0.0,1,0,397,6,418801.16,0.1429,0.0,0,0,568971.06,0,desvirtuado
26,OIN160708L48,Papeleria,3,158682.83,52894.28,116249.09,44903.3,1.0,3,0,0,1,1,0.0,0.0,1,0,1013,2,141219.02,0.3333,0.0,0,0,158682.83,0,desvirtuado
26,CJA120220B41,Mantenimiento,3,197681.02,65893.67,131485.64,47739.23,0.6667,3,0,0,1,1,0.0,1.0,1,0,150,3,197681.02,0.0,0.0,0,0,197681.02,0,favorable
26,VCO130722L80,Consultoria,5,387374.59,77474.92,149620.15,53191.7,0.4,3,0,0,1,4,0.25,0.0,1,0,228,5,387374.59,0.0,0.0,0,0,387374.59,0,favorable
26,GCE200401FF1,Construccion,3,352115.04,117371.68,136127.35,14975.27,0.6667,3,0,0,1,1,0.0,0.0,1,0,530,3,352115.04,0.0,0.0,0,0,352115.04,0,presunto
26,COBC660311RG4,Seguridad,3,199065.11,66355.04,161667.65,67399.72,0.0,2,0,0,1,2,0.5,0.0,1,0,1491,1,161667.65,0.6667,0.0,0,0,199065.11,0,presunto
26,XFA081224IDM,Transporte,10,448742.09,44874.21,47769.07,1891.99,0.0,6,1,1,1,10,0.0,0.4,0,0,1760,10,448742.09,0.0,0.0,0,0,448742.09,0,no_listado
26,LFC1507187VM,Mantenimiento,1,9860.0,9860.0,9860.0,0.0,0.0,1,0,0,0,0,0.0,0.0,0,0,1238,1,9860.0,0.0,0.0,0,0,9860.0,0,no_listado
26,JPO021119D15,Seguridad,8,556800.0,69600.0,69600.0,0.0,0.0,4,1,1,0,0,0.0,0.0,0,0,1249,8,556800.0,0.0,0.0,0,0,556800.0,0,no_listado
26,FDB22040906R,Papeleria,4,57750.84,14437.71,16842.47,1929.26,0.0,2,1,1,0,0,0.0,0.0,0,0,2144,4,57750.84,0.0,0.0,0,0,57750.84,0,no_listado
26,LBD251017UY9,Consultoria,6,309928.69,51654.78,62432.93,6966.84,0.0,3,1,1,0,0,0.0,0.0,0,0,2372,5,259107.87,0.1667,0.0,0,0,309928.69,0,no_listado
26,UBS000215TZH,Construccion,9,520266.72,57807.41,81025.83,11564.61,0.0,5,1,1,1,9,0.0,0.1111,0,0,34,9,520266.72,0.0,0.0,0,0,520266.72,0,no_listado
26,SEM1610118K2,Consultoria,5,198924.31,39784.86,45881.14,6287.54,0.0,3,1,1,0,0,0.0,0.0,1,0,2588,5,198924.31,0.0,0.0,0,0,198924.31,0,favorable
26,DKN130618MPV,Limpieza,8,36946.49,4618.31,6839.24,1726.51,0.0,1,0,0,0,0,0.0,0.0,0,0,2437,8,36946.49,0.0,0.0,0,0,36946.49,0,no_listado
26,PDZ220425DYU,Mantenimiento,6,42237.79,7039.63,8967.61,1520.33,0.6667,4,1,1,1,6,1.0,0.0,0,0,1586,5,33270.18,0.1667,0.0,0,0,42237.79,0,no_listado
27,YBO070504HJP,Consultoria,5,638833.4,127766.68,173127.76,48015.16,0.4,3,1,1,1,5,0.0,0.0,0,0,823,5,638833.4,0.0,0.0,0,0,638833.4,0,no_listado
27,ALJ210204LJL,Logistica,5,507513.16,101502.63,159978.5,52529.36,0.4,5,1,1,1,5,0.0,0.0,0,0,197,2,235504.67,0.6,0.0,0,0,507513.16,0,no_listado
27,NMU211013V11,Seguridad,3,258646.26,86215.42,121332.97,48411.5,0.3333,2,1,1,1,3,0.0,0.0,0,0,2315,2,240887.34,0.3333,0.0,0,0,258646.26,0,no_listado
27,UUF0809235BT,Seguridad,8,492628.15,61578.52,148796.22,38876.55,0.5,5,1,1,1,8,0.0,0.0,0,0,577,6,407107.22,0.25,0.0,0,0,492628.15,0,no_listado
27,VRN1701179RM,Seguridad,6,386176.04,64362.67,149696.24,55920.37,0.6667,4,1,1,1,6,0.1667,0.1667,0,0,2033,6,386176.04,0.0,0.0,0,0,386176.04,0,no_listado
27,OSV240404TR7,Seguridad,3,216140.46,72046.82,144720.75,53054.94,0.6667,3,0,0,1,1,0.0,0.0,0,0,2013,3,216140.46,0.0,0.0,0,0,216140.46,0,no_listado
27,RYW151223A5F,Transporte,4,226943.94,56735.99,117281.44,39195.55,0.25,2,1,1,1,4,0.0,0.0,0,0,1545,2,91932.83,0.5,0.0,0,0,226943.94,0,no_listado
27,MRK2202266QS,Limpieza,5,240837.02,48167.4,130674.64,43715.93,0.4,3,1,1,1,5,0.0,0.0,0,0,1140,5,240837.02,0.0,0.0,0,0,240837.02,0,no_listado
27,HNL12091629A,Limpieza,3,143018.06,47672.69,105272.32,40735.28,0.3333,3,1,1,1,3,0.0,0.0,0,0,474,3,143018.06,0.0,0.0,0,0,143018.06,0,no_listado
27,CVX250919OAI,Consultoria,6,405615.89,67602.65,144940.02,46765.42,0.6667,3,0,0,1,1,0.0,0.0,0,0,1431,6,405615.89,0.0,0.0,0,0,405615.89,0,no_listado
27,RYF070110BHD,Transporte,3,244079.98,81359.99,118879.32,44547.44,1.0,3,1,1,1,3,0.0,0.0,0,0,1424,3,244079.98,0.0,0.0,0,0,244079.98,0,no_listado
27,VXF231203WVA,Logistica,4,352068.49,88017.12,126089.0,41055.53,0.5,2,1,1,1,4,0.25,0.0,0,0,1411,4,352068.49,0.0,0.0,0,0,352068.49,0,no_listado
27,GDI111004AG2,Consultoria,8,733940.25,91742.53,167390.7,49395.43,0.5,4,0,0,0,0,0.0,0.0,1,1,98,8,733940.25,0.0,1.0,0,1,733940.25,1,definitivo
27,OEV080911BWS,Mantenimiento,1,1405635.73,1405635.73,1405635.73,0.0,0.0,1,0,0,0,0,0.0,0.0,0,0,370,1,1405635.73,0.0,0.0,0,0,1405635.73,1,no_listado
27,ANI021119TEW,Mantenimiento,13,623748.18,47980.63,49682.34,972.93,0.6923,5,0,0,1,13,1.0,1.0,0,0,2068,12,574774.34,0.0,1.0,0,0,623748.18,1,no_listado
27,AOI091125Z6H,Publicidad,4,365546.21,91386.55,168485.77,53263.92,0.25,3,1,1,1,4,1.0,0.0,0,0,863,4,365546.21,0.0,0.0,0,0,365546.21,1,no_listado
27,ESE0501142S4,Consultoria,5,427932.52,85586.5,156658.48,57044.66,0.2,5,1,1,1,1,0.0,0.0,1,0,2465,5,427932.52,0.0,0.0,0,0,427932.52,0,desvirtuado
27,SSO941018H51,Publicidad,7,714893.37,102127.62,164415.81,43501.89,0.7143,4,1,1,1,4,0.0,0.0,1,0,2016,6,586914.63,0.1429,0.0,0,0,714893.37,0,desvirtuado
27,SAN1305162X7,Limpieza,5,458321.33,91664.27,155945.99,61217.76,0.2,4,1,1,1,2,0.0,0.0,1,0,258,4,439647.86,0.2,0.0,0,0,458321.33,0,favorable
27,TSP1402204Q2,Publicidad,7,478078.16,68296.88,150055.72,44200.77,0.5714,3,1,1,0,0,0.0,0.0,1,0,56,3,186910.35,0.5714,0.0,0,0,478078.16,0,favorable
27,SIP1804057A7,Logistica,6,488908.55,81484.76,164367.89,55564.86,0.5,4,1,1,1,2,0.0,0.0,1,0,1437,2,284331.87,0.5,0.0,0,0,488908.55,0,presunto
27,MPR1611247A4,Papeleria,4,266807.68,66701.92,126801.72,49112.21,0.75,4,0,0,1,1,0.0,0.0,1,0,572,3,248213.97,0.25,0.0,0,0,266807.68,0,presunto
27,FPY150102X1I,Transporte,10,455461.72,45546.17,48321.06,1403.43,0.0,5,1,1,1,10,0.0,0.6,0,0,1702,10,455461.72,0.0,0.0,0,0,455461.72,0,no_listado
27,JVK230423N5D,Mantenimiento,1,9860.0,9860.0,9860.0,0.0,0.0,1,0,0,0,0,0.0,0.0,0,0,1149,1,9860.0,0.0,0.0,0,0,9860.0,0,no_listado
27,NFE1612061X0,Seguridad,8,556800.0,69600.0,69600.0,0.0,0.0,6,1,1,0,0,0.0,0.0,0,0,1249,8,556800.0,0.0,0.0,0,0,556800.0,0,no_listado
27,XQH050310C5Z,Papeleria,4,55879.94,13969.99,17207.1,2731.97,0.0,3,1,1,0,0,0.0,0.0,0,0,2268,4,55879.94,0.0,0.0,0,0,55879.94,0,no_listado
27,YKZ130710BDT,Consultoria,6,326063.36,54343.89,63022.44,6852.36,0.0,5,1,1,0,0,0.0,0.0,0,0,2190,6,326063.36,0.0,0.0,0,0,326063.36,0,no_listado
27,OCV010611Y72,Construccion,9,478039.59,53115.51,77609.72,14066.65,0.0,6,1,1,1,9,0.0,0.0,0,0,101,8,427667.75,0.1111,0.0,0,0,478039.59,0,no_listado
27,ACS080612SL0,Consultoria,5,144610.87,28922.17,35511.65,5184.0,0.0,4,1,1,0,0,0.0,0.0,1,0,2609,5,144610.87,0.0,0.0,0,0,144610.87,0,favorable
27,WHB1701211KH,Limpieza,8,33480.92,4185.11,5751.2,1261.57,0.0,1,0,0,0,0,0.0,0.0,0,0,2407,8,33480.92,0.0,0.0,0,0,33480.92,0,no_listado
27,QVY140624E2Q,Mantenimiento,6,43066.39,7177.73,8045.41,946.48,0.6667,3,1,1,1,6,1.0,0.0,0,0,1637,5,35088.76,0.0,0.0,0,0,43066.39,0,no_listado
28,CPF020827SV7,Logistica,9,625079.37,69453.26,155589.11,51799.14,0.5556,5,1,1,1,9,0.1111,0.0,0,0,718,8,469490.26,0.1111,0.0,0,0,625079.37,0,no_listado
28,HXB200520O6K,Limpieza,5,313831.25,62766.25,148915.1,47878.19,0.8,3,0,0,1,1,0.0,0.0,0,0,599,4,243220.12,0.2,0.0,0,0,313831.25,0,no_listado
28,BHA040307UZQ,Limpieza,6,600745.1,100124.18,154402.88,35903.79,0.6667,4,1,1,1,6,0.1667,0.0,0,0,250,5,559287.76,0.1667,0.0,0,0,600745.1,0,no_listado
28,CKI000121GEJ,Seguridad,5,258540.3,51708.06,107872.44,35275.33,0.4,3,1,1,1,5,0.0,0.0,0,0,1888,5,258540.3,0.0,0.0,0,0,258540.3,0,no_listado
28,WBR1612219LZ,Mantenimiento,8,593755.42,74219.43,135103.85,37302.69,0.125,4,0,0,1,2,0.0,0.0,0,0,2291,7,508697.62,0.125,0.0,0,0,593755.42,0,no_listado
28,TVJ260217PZ5,Publicidad,8,535772.45,66971.56,132034.81,49249.81,0.5,5,1,1,1,8,0.0,0.0,0,0,2124,7,425125.08,0.125,0.0,0,0,535772.45,0,no_listado
28,ZYS000801WUA,Construccion,9,756090.66,84010.07,157702.86,46969.68,0.4444,6,0,0,1,5,0.0,0.0,0,0,1744,7,524279.59,0.2222,0.0,0,0,756090.66,0,no_listado
28,ZDC2201044LY,Consultoria,6,360027.05,60004.51,104775.16,36276.29,0.1667,4,1,1,1,6,0.0,0.0,0,0,935,5,341255.21,0.1667,0.0,0,0,360027.05,0,no_listado
28,NJK080306DSE,Transporte,6,403641.08,67273.51,163919.04,61864.1,0.6667,2,0,0,1,2,0.0,0.0,0,0,1965,6,403641.08,0.0,0.0,0,0,403641.08,0,no_listado
28,LJG190603JEX,Mantenimiento,3,322193.72,107397.91,162044.25,41411.1,0.3333,2,0,0,0,0,0.0,0.0,0,0,1338,3,322193.72,0.0,0.0,0,0,322193.72,0,no_listado
28,TSH191102225,Construccion,3,119134.02,39711.34,51746.56,11531.75,0.3333,3,1,1,1,3,0.3333,0.0,0,0,1052,2,75909.45,0.3333,0.0,0,0,119134.02,0,no_listado
28,MGB0605183NO,Logistica,9,636743.08,70749.23,160786.72,49090.84,0.4444,5,1,1,1,9,0.1111,0.1111,0,0,1341,8,617216.2,0.0,0.0,0,0,636743.08,0,no_listado
28,CFA131104UG1,Consultoria,7,613852.0,87693.14,167800.07,52487.49,0.4286,3,0,0,0,0,0.0,0.0,1,1,805,7,613852.0,0.0,1.0,0,0,613852.0,1,definitivo
28,IUP190715HXY,Tecnologia,1,1061190.57,1061190.57,1061190.57,0.0,1.0,1,0,0,0,0,0.0,0.0,0,0,1842,1,1061190.57,0.0,0.0,0,0,1061190.57,1,no_listado
28,RNU010907IY3,Seguridad,10,479955.78,47995.58,49441.9,1047.46,0.7,5,1,1,1,10,1.0,1.0,0,0,2122,8,383990.18,0.0,1.0,0,0,479955.78,1,no_listado
28,OHW121112NHL,Seguridad,6,555186.62,92531.1,155187.47,50133.57,0.5,3,1,1,1,6,1.0,0.1667,0,0,2029,6,555186.62,0.0,0.0,0,0,555186.62,1,no_listado
28,ICT071213S87,Transporte,7,808231.49,115461.64,164433.22,50075.1,0.5714,5,1,1,1,3,0.0,0.0,1,0,1369,6,740280.71,0.1429,0.0,0,0,808231.49,0,desvirtuado
28,AAA091014835,Tecnologia,6,244799.88,40799.98,114920.41,35272.38,0.6667,5,0,0,1,5,0.0,0.0,1,0,1040,6,244799.88,0.0,0.0,0,0,244799.88,0,desvirtuado
28,PML131219SP8,Papeleria,3,240416.74,80138.91,119937.77,44831.27,0.6667,3,1,1,1,2,0.0,0.0,1,0,972,3,240416.74,0.0,0.0,0,0,240416.74,0,favorable
28,ICO130905819,Tecnologia,4,341059.48,85264.87,111796.54,32979.98,0.5,3,0,0,0,0,0.0,0.0,1,0,2344,4,341059.48,0.0,0.0,0,0,341059.48,0,favorable
28,GOPJ940306PY0,Seguridad,3,223604.3,74534.77,172912.15,69737.75,0.6667,3,1,1,1,1,0.0,0.0,1,0,211,3,223604.3,0.0,0.0,0,0,223604.3,0,presunto
28,XMI100416SP6,Mantenimiento,7,496804.54,70972.08,146929.54,55066.25,0.5714,6,1,1,1,6,0.0,0.0,1,0,990,6,354101.79,0.1429,0.0,0,0,496804.54,0,presunto
28,JTK000105XFT,Transporte,10,459216.97,45921.7,48195.56,1778.24,0.0,6,1,1,1,10,0.0,0.8,0,0,1704,8,365894.15,0.1,0.0,0,0,459216.97,0,no_listado
28,WBP010304AB0,Mantenimiento,1,9860.0,9860.0,9860.0,0.0,0.0,1,0,0,0,0,0.0,0.0,0,0,1070,1,9860.0,0.0,0.0,0,0,9860.0,0,no_listado
28,NWZ120125J90,Seguridad,8,556800.0,69600.0,69600.0,0.0,0.0,4,1,1,0,0,0.0,0.0,0,0,1249,7,487200.0,0.0,0.0,0,0,556800.0,0,no_listado
28,JGJ091228L65,Papeleria,4,51896.8,12974.2,15474.11,1795.89,0.0,2,1,1,0,0,0.0,0.0,0,0,2134,4,51896.8,0.0,0.0,0,0,51896.8,0,no_listado
28,EWC030517MFM,Consultoria,6,299412.37,49902.06,56836.61,5034.88,0.0,5,1,1,0,0,0.0,0.0,0,0,2190,5,250664.4,0.1667,0.0,0,0,299412.37,0,no_listado
28,BKC100502R7Q,Construccion,9,550121.83,61124.65,80455.71,12923.46,0.0,5,1,1,1,9,0.0,0.1111,0,0,27,9,550121.83,0.0,0.0,0,0,550121.83,0,no_listado
28,AME1311081A5,Consultoria,5,166695.62,33339.12,45214.39,9331.41,0.0,4,1,1,0,0,0.0,0.0,1,0,2568,4,142750.78,0.2,0.0,0,0,166695.62,0,favorable
28,SNU0901200F1,Limpieza,8,34429.35,4303.67,5824.2,1002.08,0.0,1,0,0,0,0,0.0,0.0,0,0,2425,8,34429.35,0.0,0.0,0,0,34429.35,0,no_listado
28,PUF051118B3S,Mantenimiento,6,40647.77,6774.63,9792.93,1539.96,0.3333,4,1,1,1,6,1.0,0.0,0,0,1638,5,34927.43,0.1667,0.0,0,0,40647.77,0,no_listado
29,QJQ1704096OO,Consultoria,4,340961.8,85240.45,111902.89,25941.73,0.5,2,1,1,1,4,0.0,0.0,0,0,1626,2,211278.42,0.5,0.0,0,0,340961.8,0,no_listado
29,JFF121125UJ8,Tecnologia,6,524258.42,87376.4,172233.89,60642.77,0.5,3,0,0,1,3,0.0,0.0,0,0,2190,6,524258.42,0.0,0.0,0,0,524258.42,0,no_listado
29,USC101109FAQ,Transporte,5,306763.63,61352.73,101451.89,34875.48,0.6,3,0,0,1,4,0.0,0.0,0,0,2053,4,240888.82,0.2,0.0,0,0,306763.63,0,no_listado
29,AHY140820LHW,Construccion,7,680933.05,97276.15,153220.78,47354.76,0.5714,4,1,1,1,7,0.1429,0.0,0,0,1658,4,524992.87,0.4286,0.0,0,0,680933.05,0,no_listado
29,ABX1904248Q7,Tecnologia,4,320205.89,80051.47,134543.4,49406.86,0.25,4,1,1,1,4,0.25,0.25,0,0,287,4,320205.89,0.0,0.0,0,0,320205.89,0,no_listado
29,SPV261025RRU,Logistica,8,755342.77,94417.85,165940.38,55134.69,0.375,3,0,0,1,1,0.0,0.0,0,0,2249,5,418373.0,0.375,0.0,0,0,755342.77,0,no_listado
29,BNK130502ITW,Logistica,5,289194.56,57838.91,173488.45,59981.12,0.4,3,0,0,1,3,0.0,0.0,0,0,1499,5,289194.56,0.0,0.0,0,0,289194.56,0,no_listado
29,OHU000811QT5,Construccion,4,232584.18,58146.04,109680.24,33509.99,0.25,3,0,0,1,3,0.3333,0.0,0,0,1206,4,232584.18,0.0,0.0,0,0,232584.18,0,no_listado
29,UNJ260119DU5,Construccion,6,484771.18,80795.2,170195.73,54913.75,0.6667,4,0,0,1,2,0.0,0.0,0,0,158,4,312190.22,0.3333,0.0,0,0,484771.18,0,no_listado
29,RZY1104248XJ,Seguridad,3,158568.55,52856.18,85040.95,25740.37,1.0,2,1,1,1,3,0.0,0.0,0,0,2508,3,158568.55,0.0,0.0,0,0,158568.55,0,no_listado
29,BWL220709YPC,Construccion,5,259382.14,51876.43,117950.15,40279.65,0.6,3,0,0,1,3,0.3333,0.0,0,0,1464,3,215197.14,0.4,0.0,0,0,259382.14,0,no_listado
29,SJB240701EJX,Logistica,9,315621.76,35069.08,128747.51,34501.31,0.4444,5,1,1,1,9,0.0,0.0,0,0,143,7,136575.81,0.2222,0.0,0,1,315621.76,0,no_listado
29,EIGJ531225MR8,Consultoria,7,505640.84,72234.41,126668.8,37145.35,0.4286,5,1,1,0,0,0.0,0.0,1,1,128,7,505640.84,0.0,1.0,0,0,505640.84,1,definitivo
29,TTC161202LSO,Papeleria,1,1571049.43,1571049.43,1571049.43,0.0,0.0,1,0,0,0,0,0.0,0.0,0,0,2547,1,1571049.43,0.0,0.0,0,0,1571049.43,1,no_listado
29,WVI1503096EY,Transporte,10,478738.12,47873.81,49745.5,1120.47,0.9,6,0,0,1,10,1.0,1.0,0,0,1185,10,478738.12,0.0,1.0,0,0,478738.12,1,no_listado
29,LDY060521K47,Tecnologia,6,295894.15,49315.69,105056.97,32927.2,0.3333,3,1,1,1,6,1.0,0.0,0,0,865,6,295894.15,0.0,0.0,0,0,295894.15,1,no_listado
29,TRA121116HLA,Consultoria,7,271599.53,38799.93,88651.13,25220.22,0.4286,4,0,0,1,5,0.0,0.0,1,0,61,5,163971.84,0.2857,0.0,0,0,271599.53,0,desvirtuado
29,CASV600810FW0,Consultoria,4,258762.33,64690.58,118921.1,35405.28,0.25,3,1,1,1,3,0.0,0.0,1,0,2509,4,258762.33,0.0,0.0,0,0,258762.33,0,desvirtuado
29,DIE120216CA3,Transporte,7,325290.38,46470.05,99160.18,30979.18,0.5714,4,0,0,1,1,0.0,0.0,1,0,1826,7,325290.38,0.0,0.0,0,0,325290.38,0,favorable
29,VAL1105273AA,Publicidad,5,241274.68,48254.94,128613.21,43072.25,0.2,3,0,0,1,3,0.3333,0.0,1,0,80,5,241274.68,0.0,0.0,0,0,241274.68,0,favorable
29,TESM760601NQ4,Construccion,7,697773.94,99681.99,168209.23,45131.87,0.5714,4,1,1,1,4,0.0,0.0,1,0,2384,5,609854.95,0.2857,0.0,0,0,697773.94,0,presunto
29,SACL590929BX9,Transporte,6,650513.45,108418.91,152996.0,34087.07,0.5,3,1,1,1,4,0.0,0.0,1,0,989,3,371106.71,0.5,0.0,0,0,650513.45,0,presunto
29,EZH000224WBG,Transporte,10,439394.38,43939.44,48422.51,2587.59,0.0,5,1,1,1,10,0.0,0.3,0,0,1697,10,439394.38,0.0,0.0,0,0,439394.38,0,no_listado
29,OFA080410DV4,Mantenimiento,1,9860.0,9860.0,9860.0,0.0,0.0,1,0,0,0,0,0.0,0.0,0,0,1113,1,9860.0,0.0,0.0,0,0,9860.0,0,no_listado
29,DBQ170218MDI,Seguridad,8,556800.0,69600.0,69600.0,0.0,0.0,5,1,1,0,0,0.0,0.0,0,0,1249,7,487200.0,0.0,0.0,0,0,556800.0,0,no_listado
29,JEY020419M30,Papeleria,4,59692.17,14923.04,16611.41,1521.76,0.0,3,1,1,0,0,0.0,0.0,0,0,2165,4,59692.17,0.0,0.0,0,0,59692.17,0,no_listado
29,BMD23072364P,Consultoria,6,306422.78,51070.46,63711.89,8537.23,0.0,4,1,1,0,0,0.0,0.0,0,0,2225,6,306422.78,0.0,0.0,0,0,306422.78,0,no_listado
29,ILW101101J7E,Construccion,9,538073.23,59785.91,76793.02,11526.55,0.0,5,1,1,1,9,0.0,0.1111,0,0,65,9,538073.23,0.0,0.0,0,1,538073.23,0,no_listado
29,MTM140527GW0,Consultoria,5,189101.56,37820.31,42275.68,4937.6,0.0,4,1,1,0,0,0.0,0.0,1,0,2674,4,152774.62,0.2,0.0,0,0,189101.56,0,desvirtuado
29,ZMF140501FFG,Limpieza,8,36299.24,4537.41,6698.0,1110.92,0.0,1,0,0,0,0,0.0,0.0,0,0,2445,8,36299.24,0.0,0.0,0,0,36299.24,0,no_listado
29,EZE070624LW4,Mantenimiento,6,38706.7,6451.12,8428.44,1074.42,0.5,4,1,1,1,6,1.0,0.0,0,0,1661,4,27168.63,0.3333,0.0,0,0,38706.7,0,no_listado
30,MGB170901H1S,Logistica,7,335010.32,47858.62,106537.82,33336.22,0.5714,4,1,1,1,7,0.0,0.0,0,0,2127,7,335010.32,0.0,0.0,0,0,335010.32,0,no_listado
30,MVF161224L6X,Consultoria,7,465218.24,66459.75,126297.34,39836.75,0.5714,4,0,0,1,3,0.0,0.0,0,0,1207,6,380906.39,0.1429,0.0,0,0,465218.24,0,no_listado
30,YHB16011170G,Publicidad,9,585035.93,65003.99,137984.56,46758.23,0.3333,5,0,0,1,7,0.0,0.0,0,0,1545,9,585035.93,0.0,0.0,0,0,585035.93,0,no_listado
30,WVS161018EP4,Logistica,5,514701.61,102940.32,125272.27,27271.45,0.6,4,0,0,1,5,0.0,0.2,0,0,1369,5,514701.61,0.0,0.0,0,0,514701.61,0,no_listado
30,CAV090713P8N,Limpieza,8,414330.66,51791.33,155756.36,44733.77,0.375,5,1,1,1,8,0.125,0.0,0,0,245,8,414330.66,0.0,0.0,0,0,414330.66,0,no_listado
30,CJZ130405DH1,Mantenimiento,9,796361.08,88484.56,166899.25,57281.92,0.2222,5,0,0,1,4,0.25,0.0,0,0,1057,8,777653.04,0.1111,0.0,0,0,796361.08,0,no_listado
30,QMY210728AA9,Papeleria,6,441209.49,73534.91,130922.58,42197.3,0.3333,4,1,1,1,6,0.0,0.0,0,0,519,6,441209.49,0.0,0.0,0,1,441209.49,0,no_listado
30,CUX011221EON,Construccion,9,712973.75,79219.31,140736.95,36928.52,0.5556,6,0,0,1,5,0.4,0.2,0,0,2164,7,613616.3,0.2222,0.0,0,0,712973.75,0,no_listado
30,DDB120221G7R,Limpieza,4,244718.33,61179.58,106404.89,34306.4,0.0,4,0,0,1,1,0.0,0.0,0,0,900,4,244718.33,0.0,0.0,0,1,244718.33,0,no_listado
30,XZU260207JH5,Tecnologia,3,252414.18,84138.06,146451.13,50814.94,0.0,1,0,0,1,2,0.0,0.0,0,0,1176,3,252414.18,0.0,0.0,0,0,252414.18,0,no_listado
30,KAG220527CA0,Publicidad,4,406005.58,101501.39,171675.04,54415.12,0.75,3,0,0,1,3,0.0,0.0,0,0,1256,2,118716.31,0.5,0.0,0,0,406005.58,0,no_listado
30,IAZ1011094QB,Consultoria,5,372299.69,74459.94,122033.55,36317.43,0.2,3,1,1,1,5,0.2,0.2,0,0,148,4,250266.14,0.2,0.0,0,0,372299.69,0,no_listado
30,EPC150203S49,Consultoria,7,672681.87,96097.41,173606.53,61711.17,0.5714,3,0,0,0,0,0.0,0.0,1,1,411,7,672681.87,0.0,1.0,0,0,672681.87,1,definitivo
30,NJW220208BN5,Logistica,1,1596735.41,1596735.41,1596735.41,0.0,1.0,1,0,0,0,0,0.0,0.0,0,0,167,1,1596735.41,0.0,0.0,0,0,1596735.41,1,no_listado
30,DFK190115NYP,Tecnologia,13,621683.95,47821.84,49766.08,1101.13,0.5385,6,1,1,1,13,1.0,1.0,0,0,1170,11,527141.77,0.0,1.0,0,0,621683.95,1,no_listado
30,TVF040826D45,Papeleria,5,502115.45,100423.09,150512.06,52129.68,0.6,4,0,0,1,5,1.0,0.0,0,0,633,5,502115.45,0.0,0.0,0,0,502115.45,1,no_listado
30,ARI841214IK4,Seguridad,3,385898.68,128632.89,168380.52,28732.1,1.0,2,1,1,1,2,0.0,0.0,1,0,2131,3,385898.68,0.0,0.0,0,0,385898.68,0,desvirtuado
30,CDI120321K29,Logistica,5,295042.83,59008.57,106871.35,30048.74,0.0,4,0,0,1,5,0.2,0.0,1,0,2224,4,233331.54,0.2,0.0,0,0,295042.83,0,desvirtuado
30,BLS140528V50,Tecnologia,7,324034.51,46290.64,150496.08,43261.2,0.5714,3,0,0,1,4,0.0,0.0,1,0,787,6,304800.07,0.1429,0.0,0,0,324034.51,0,favorable
30,AMO120525MA1,Transporte,4,339944.79,84986.2,159932.2,56261.23,0.5,3,0,0,1,2,0.0,0.0,1,0,410,3,321805.7,0.25,0.0,0,0,339944.79,0,favorable
30,BOME6704206U7,Logistica,4,202445.18,50611.3,99321.08,33551.95,0.0,3,0,0,1,3,0.0,0.0,1,0,2389,2,163577.51,0.5,0.0,0,0,202445.18,0,presunto
30,CCL200807S82,Mantenimiento,4,160979.03,40244.76,106428.82,38211.94,0.5,3,0,0,1,1,0.0,0.0,1,0,2426,4,160979.03,0.0,0.0,0,0,160979.03,0,presunto
30,TVS12082471J,Transporte,10,435185.13,43518.51,47377.3,2581.34,0.0,5,1,1,1,10,0.0,0.4,0,0,1713,10,435185.13,0.0,0.0,0,0,435185.13,0,no_listado
30,XMW001227FHG,Mantenimiento,1,9860.0,9860.0,9860.0,0.0,0.0,1,0,0,0,0,0.0,0.0,0,0,1087,1,9860.0,0.0,0.0,0,0,9860.0,0,no_listado
30,MIG031118IOE,Seguridad,8,556800.0,69600.0,69600.0,0.0,0.0,5,1,1,0,0,0.0,0.0,0,0,1249,8,556800.0,0.0,0.0,0,0,556800.0,0,no_listado
30,PJA190220VWE,Papeleria,4,55503.91,13875.98,16901.33,1848.25,0.0,3,1,1,0,0,0.0,0.0,0,0,2207,4,55503.91,0.0,0.0,0,0,55503.91,0,no_listado
30,EAM110814043,Consultoria,6,339622.85,56603.81,63540.07,5342.85,0.0,3,1,1,0,0,0.0,0.0,0,0,2226,6,339622.85,0.0,0.0,0,0,339622.85,0,no_listado
30,YEX071102CCY,Construccion,9,473086.76,52565.2,68566.05,9368.63,0.0,5,1,1,1,9,0.0,0.1111,0,0,92,8,410240.38,0.1111,0.0,0,0,473086.76,0,no_listado
30,CVI060724QI7,Consultoria,5,169838.84,33967.77,46108.06,8506.05,0.0,4,1,1,0,0,0.0,0.0,1,0,2606,3,94650.36,0.4,0.0,0,0,169838.84,0,favorable
30,BXN220216CBR,Limpieza,8,39901.24,4987.66,6850.43,1195.83,0.0,1,0,0,0,0,0.0,0.0,0,0,2448,8,39901.24,0.0,0.0,0,0,39901.24,0,no_listado
30,BVY140810DU9,Mantenimiento,6,42962.76,7160.46,9036.24,1503.14,0.6667,5,1,1,1,6,1.0,0.0,0,0,1601,6,42962.76,0.0,0.0,0,0,42962.76,0,no_listado
31,NBS071208D0U,Tecnologia,5,307757.37,61551.47,109535.99,29225.91,0.6,3,1,1,1,5,0.0,0.0,0,0,2238,4,245554.5,0.2,0.0,0,0,307757.37,0,no_listado
31,VAV261221VPK,Seguridad,4,227402.76,56850.69,110142.94,40107.53,0.5,2,1,1,1,4,0.0,0.0,0,0,651,3,208809.05,0.25,0.0,0,0,227402.76,0,no_listado
31,BES091228MIY,Mantenimiento,5,276897.74,55379.55,94745.51,30113.8,0.2,2,1,1,1,5,0.2,0.0,0,0,1435,5,276897.74,0.0,0.0,0,0,276897.74,0,no_listado
31,RPP11032314J,Seguridad,8,351340.11,43917.51,96463.99,27417.41,0.5,4,1,1,1,8,0.125,0.125,0,0,149,7,333036.18,0.125,0.0,0,0,351340.11,0,no_listado
31,VIX021120KJJ,Tecnologia,4,550400.4,137600.1,171196.66,32961.14,0.25,3,1,1,1,4,0.0,0.0,0,0,444,4,550400.4,0.0,0.0,0,0,550400.4,0,no_listado
31,XOS150628IES,Seguridad,7,480529.46,68647.07,171078.19,49759.06,0.2857,4,1,1,1,7,0.0,0.1429,0,0,2323,6,461106.26,0.0,0.0,0,0,480529.46,0,no_listado
31,LCR040710GUP,Logistica,7,531069.84,75867.12,160650.0,48040.74,0.4286,5,1,1,1,7,0.0,0.1429,0,0,659,6,421065.08,0.1429,0.0,0,1,531069.84,0,no_listado
31,HIU1111093VY,Seguridad,9,417553.97,46394.89,149596.64,44614.9,0.5556,5,0,0,1,3,0.0,0.0,0,0,895,7,304367.22,0.2222,0.0,0,0,417553.97,0,no_listado
31,MJY1205032PK,Limpieza,9,648914.78,72101.64,140126.68,51709.13,0.3333,5,1,1,1,9,0.3333,0.0,0,0,1569,7,501654.84,0.1111,0.0,0,0,648914.78,0,no_listado
31,UVM240526KEV,Papeleria,8,670635.49,83829.44,168871.59,61679.89,0.625,5,1,1,1,8,0.125,0.0,0,0,1899,3,385083.42,0.625,0.0,0,0,670635.49,0,no_listado
31,BSG04050429F,Construccion,4,179970.04,44992.51,82803.22,24114.11,0.25,3,0,0,1,4,0.0,0.25,0,0,275,3,147230.75,0.25,0.0,0,0,179970.04,0,no_listado
31,TQH190405D3J,Consultoria,7,313529.99,44790.0,167774.71,51558.86,0.2857,5,0,0,1,3,0.0,0.0,0,0,2140,6,294494.95,0.0,0.0,0,0,313529.99,0,no_listado
31,GCS240206325,Consultoria,5,377354.14,75470.83,137777.2,38657.55,0.6,4,0,0,0,0,0.0,0.0,1,1,927,5,377354.14,0.0,1.0,0,0,377354.14,1,definitivo
31,EGB170307UQA,Limpieza,1,1409021.03,1409021.03,1409021.03,0.0,0.0,1,0,0,0,0,0.0,0.0,0,0,1846,1,1409021.03,0.0,0.0,0,0,1409021.03,1,no_listado
31,QJV161116MVV,Logistica,13,624483.76,48037.21,49543.11,985.75,0.3846,6,1,1,1,13,1.0,1.0,0,0,2442,13,624483.76,0.0,1.0,0,0,624483.76,1,no_listado
31,CXB181208ASJ,Papeleria,6,363314.01,60552.33,96585.4,31754.74,0.5,4,0,0,1,6,1.0,0.0,0,0,129,5,343725.97,0.1667,0.0,0,0,363314.01,1,no_listado
31,QULG920807TJ4,Limpieza,4,346841.67,86710.42,133807.83,28152.83,0.25,2,0,0,1,1,0.0,0.0,1,0,1425,3,213033.84,0.25,0.0,0,0,346841.67,0,desvirtuado
31,BTE100325K42,Mantenimiento,6,313478.71,52246.45,120791.57,38784.32,0.6667,3,1,1,1,2,0.0,0.0,1,0,1703,5,295055.15,0.0,0.0,0,0,313478.71,0,desvirtuado
31,CJA1112221G0,Seguridad,5,668526.21,133705.24,156286.32,21103.92,0.6,4,0,0,0,0,0.0,0.0,1,0,1782,5,668526.21,0.0,0.0,0,0,668526.21,0,favorable
31,MMN110103MC0,Publicidad,5,255604.38,51120.88,107646.84,34591.43,0.4,4,0,0,1,1,0.0,0.0,1,0,2382,5,255604.38,0.0,0.0,0,0,255604.38,0,favorable
31,CAL231128TJ7,Limpieza,6,461723.04,76953.84,156910.46,59793.56,0.3333,3,1,1,1,5,0.0,0.0,1,0,2305,4,424176.69,0.3333,0.0,0,0,461723.04,0,presunto
31,OIAJ890108AH2,Limpieza,7,367142.77,52448.97,133712.54,47508.24,0.4286,4,1,1,1,3,0.0,0.0,1,0,1270,3,178194.1,0.4286,0.0,0,0,367142.77,0,presunto
31,PBN140325IG5,Transporte,10,455942.47,45594.25,48648.35,2728.37,0.0,5,1,1,1,10,0.0,0.6,0,0,1719,10,455942.47,0.0,0.0,0,0,455942.47,0,no_listado
31,TOC090317WA0,Mantenimiento,1,9860.0,9860.0,9860.0,0.0,0.0,1,0,0,0,0,0.0,0.0,0,0,1259,1,9860.0,0.0,0.0,0,0,9860.0,0,no_listado
31,SZQ020502JSH,Seguridad,8,556800.0,69600.0,69600.0,0.0,0.0,5,1,1,0,0,0.0,0.0,0,0,1249,7,487200.0,0.0,0.0,0,0,556800.0,0,no_listado
31,PZO020815270,Papeleria,4,55591.94,13897.99,15779.29,1443.52,0.0,4,1,1,0,0,0.0,0.0,0,0,2172,4,55591.94,0.0,0.0,0,0,55591.94,0,no_listado
31,FRL130510G1A,Consultoria,6,337178.36,56196.39,63156.55,5500.22,0.0,3,1,1,0,0,0.0,0.0,0,0,2208,6,337178.36,0.0,0.0,0,0,337178.36,0,no_listado
31,SAT130122D2K,Construccion,9,542882.58,60320.29,80241.52,15251.92,0.0,4,1,1,1,9,0.0,0.1111,0,0,76,8,504093.72,0.1111,0.0,0,0,542882.58,0,no_listado
31,AVA0304148N7,Consultoria,5,163891.45,32778.29,45202.23,7481.61,0.0,4,1,1,0,0,0.0,0.0,1,0,2563,5,163891.45,0.0,0.0,0,0,163891.45,0,favorable
31,UQU160617DGF,Limpieza,8,36780.89,4597.61,6218.89,923.23,0.0,1,0,0,0,0,0.0,0.0,0,0,2457,8,36780.89,0.0,0.0,0,0,36780.89,0,no_listado
31,NGQ100716249,Mantenimiento,6,39280.33,6546.72,8964.46,1637.27,0.5,4,1,1,1,6,1.0,0.0,0,0,1619,6,39280.33,0.0,0.0,0,1,39280.33,0,no_listado
32,MIW230312W7G,Papeleria,5,374927.45,74985.49,144382.08,41059.0,0.8,3,0,0,1,2,0.5,0.0,0,0,1025,5,374927.45,0.0,0.0,0,0,374927.45,0,no_listado
32,WBC171001W0M,Logistica,5,579665.98,115933.2,166727.43,52462.24,0.6,4,1,1,1,5,0.2,0.0,0,0,1844,3,298525.94,0.4,0.0,0,0,579665.98,0,no_listado
32,ADZ260324RVH,Publicidad,3,226049.57,75349.86,170193.09,67520.09,0.3333,3,1,1,1,3,0.0,0.0,0,0,1968,3,226049.57,0.0,0.0,0,0,226049.57,0,no_listado
32,NRK020915F2M,Limpieza,6,362105.94,60350.99,144334.47,42497.05,0.5,4,0,0,1,4,0.0,0.0,0,0,234,5,312068.61,0.1667,0.0,0,0,362105.94,0,no_listado
32,IYL020502QD5,Papeleria,9,561646.04,62405.12,158588.04,39896.53,0.3333,4,1,1,1,9,0.0,0.2222,0,0,182,8,518863.67,0.1111,0.0,0,0,561646.04,0,no_listado
32,UOL0611013TB,Tecnologia,4,265879.1,66469.77,116595.34,43900.18,0.25,3,0,0,0,0,0.0,0.0,0,0,1231,2,121088.51,0.5,0.0,0,0,265879.1,0,no_listado
32,AZS020220OLF,Publicidad,6,486941.25,81156.88,159582.72,46927.53,0.6667,3,1,1,1,6,0.1667,0.1667,0,0,181,6,486941.25,0.0,0.0,0,0,486941.25,0,no_listado
32,ZOA1304251NC,Mantenimiento,4,280245.9,70061.48,128221.99,50879.35,0.0,2,0,0,1,3,0.0,0.0,0,0,960,4,280245.9,0.0,0.0,0,0,280245.9,0,no_listado
32,HVI260517LDN,Seguridad,8,531936.07,66492.01,142179.53,36325.6,0.5,4,1,1,1,8,0.0,0.0,0,0,2545,4,233131.51,0.5,0.0,0,0,531936.07,0,no_listado
32,TJI14052465A,Construccion,6,364097.59,60682.93,162116.41,49730.93,0.5,5,0,0,1,3,0.0,0.0,0,0,130,4,229686.83,0.3333,0.0,0,0,364097.59,0,no_listado
32,HZW160505D53,Seguridad,4,295459.06,73864.77,147256.1,43155.37,0.5,3,1,1,1,4,0.0,0.0,0,0,118,3,259419.3,0.25,0.0,0,0,295459.06,0,no_listado
32,EFB2207161D1,Transporte,6,463783.3,77297.22,138324.14,40228.71,0.8333,4,0,0,1,5,0.2,0.0,0,0,687,5,407543.8,0.1667,0.0,0,0,463783.3,0,no_listado
32,VFU081010HW7,Consultoria,6,229420.12,38236.69,106072.75,31446.07,0.5,3,0,0,0,0,0.0,0.0,1,1,2328,4,192073.18,0.3333,1.0,0,0,229420.12,1,definitivo
32,QDZ240826OGH,Tecnologia,1,1225347.32,1225347.32,1225347.32,0.0,1.0,1,0,0,0,0,0.0,0.0,0,0,68,1,1225347.32,0.0,0.0,0,0,1225347.32,1,no_listado
32,OPT1703108K8,Limpieza,13,626195.83,48168.91,49776.05,1090.25,0.5385,6,0,0,1,13,1.0,1.0,0,0,157,10,480023.98,0.0,1.0,0,0,626195.83,1,no_listado
32,ZFQ030327ULV,Seguridad,6,418588.13,69764.69,152768.36,45189.66,0.3333,4,0,0,1,6,1.0,0.0,0,0,189,6,418588.13,0.0,0.0,0,0,418588.13,1,no_listado
32,ZACS780818B34,Publicidad,7,641273.05,91610.44,170984.68,57830.02,0.4286,3,1,1,1,2,0.0,0.0,1,0,1382,6,470288.37,0.1429,0.0,0,0,641273.05,0,desvirtuado
32,CBE171227AI4,Consultoria,7,515056.98,73579.57,143996.77,52104.47,0.8571,4,0,0,1,4,0.0,0.0,1,0,280,6,497438.97,0.1429,0.0,0,0,515056.98,0,desvirtuado
32,NCA9804022P8,Mantenimiento,5,393998.94,78799.79,117453.0,39420.0,0.4,4,1,1,1,2,0.0,0.5,1,0,466,4,297962.62,0.2,0.0,0,0,393998.94,0,favorable
32,ASV150810M94,Logistica,6,240356.4,40059.4,69558.43,22501.62,0.5,5,1,1,1,4,0.0,0.25,1,0,534,5,173369.4,0.1667,0.0,0,0,240356.4,0,favorable
32,OEGG770128JI0,Seguridad,6,524576.92,87429.49,165880.51,63583.59,0.3333,4,1,1,1,4,0.0,0.0,1,0,1717,3,306652.63,0.5,0.0,0,0,524576.92,0,presunto
32,FCA2211072A7,Publicidad,3,330999.58,110333.19,157789.85,64628.2,0.3333,3,0,0,1,1,0.0,0.0,1,0,1481,2,176747.8,0.3333,0.0,0,0,330999.58,0,presunto
32,YOO040911KLK,Transporte,10,446132.97,44613.3,48268.74,2366.82,0.0,5,1,1,1,10,0.0,0.4,0,0,1701,10,446132.97,0.0,0.0,0,0,446132.97,0,no_listado
32,UKM031016YSN,Mantenimiento,1,9860.0,9860.0,9860.0,0.0,0.0,1,0,0,0,0,0.0,0.0,0,0,1109,1,9860.0,0.0,0.0,0,0,9860.0,0,no_listado
32,ORF120721FC7,Seguridad,8,556800.0,69600.0,69600.0,0.0,0.0,4,1,1,0,0,0.0,0.0,0,0,1249,8,556800.0,0.0,0.0,0,0,556800.0,0,no_listado
32,WJK251207I95,Papeleria,4,50818.92,12704.73,15873.83,2157.61,0.0,1,1,1,0,0,0.0,0.0,0,0,2207,4,50818.92,0.0,0.0,0,0,50818.92,0,no_listado
32,FQQ010319RSN,Consultoria,6,285219.5,47536.58,58969.3,6209.64,0.0,4,1,1,0,0,0.0,0.0,0,0,2195,6,285219.5,0.0,0.0,0,0,285219.5,0,no_listado
32,UPV041007CKF,Construccion,9,570243.57,63360.4,78660.54,13271.44,0.0,5,1,1,1,9,0.0,0.0,0,0,32,8,497413.96,0.0,0.0,0,0,570243.57,0,no_listado
32,HBO0912239N1,Consultoria,5,181011.91,36202.38,43679.01,7604.73,0.0,5,1,1,0,0,0.0,0.0,1,0,2570,5,181011.91,0.0,0.0,0,0,181011.91,0,favorable
32,AEM181116STU,Limpieza,8,42617.66,5327.21,6367.33,1209.23,0.0,1,0,0,0,0,0.0,0.0,0,0,2410,8,42617.66,0.0,0.0,0,0,42617.66,0,no_listado
32,TIR220401GMD,Mantenimiento,6,49378.37,8229.73,10040.6,1702.37,0.1667,3,1,1,1,6,1.0,0.0,0,0,1620,6,49378.37,0.0,0.0,0,0,49378.37,0,no_listado
33,OUM0306252KR,Seguridad,6,437453.67,72908.95,169081.58,53950.04,0.5,3,1,1,1,6,0.3333,0.1667,0,0,2451,5,324071.72,0.1667,0.0,0,0,437453.67,0,no_listado
33,DZO150417TL8,Papeleria,5,280357.65,56071.53,97281.37,33106.22,0.2,4,0,0,1,5,0.2,0.0,0,0,804,5,280357.65,0.0,0.0,0,0,280357.65,0,no_listado
33,LLW0304011UP,Tecnologia,6,629252.2,104875.37,173606.53,58688.93,0.1667,3,1,1,1,6,0.3333,0.0,0,0,1413,4,291216.47,0.3333,0.0,0,0,629252.2,0,no_listado
33,TAR170824FQ2,Transporte,7,519838.81,74262.69,172529.79,64523.46,0.4286,4,0,0,1,7,0.1429,0.0,0,0,2236,7,519838.81,0.0,0.0,0,0,519838.81,0,no_listado
33,NRX180606J5I,Tecnologia,7,585159.56,83594.22,144470.1,45268.33,0.8571,6,1,1,1,7,0.0,0.0,0,0,1883,6,465344.66,0.1429,0.0,0,0,585159.56,0,no_listado
33,CDR021201KJ9,Construccion,8,559516.73,69939.59,126868.19,41378.02,0.375,5,0,0,1,3,0.0,0.0,0,0,2052,7,539729.3,0.125,0.0,0,0,559516.73,0,no_listado
33,QYU040419INH,Logistica,6,390815.21,65135.87,114854.62,38527.04,0.3333,4,0,0,1,5,0.2,0.2,0,0,1553,6,390815.21,0.0,0.0,0,0,390815.21,0,no_listado
33,GYH030221X0I,Tecnologia,9,532979.02,59219.89,168735.95,42367.78,0.4444,5,1,1,1,9,0.0,0.1111,0,0,2340,8,476750.05,0.1111,0.0,0,0,532979.02,0,no_listado
33,FSP130813R5F,Transporte,3,408037.24,136012.41,173379.82,43064.78,0.3333,2,1,1,1,3,0.0,0.0,0,0,80,3,408037.24,0.0,0.0,0,0,408037.24,0,no_listado
33,HHQ210903O8K,Construccion,4,285657.11,71414.28,116366.69,40375.11,0.75,2,1,1,1,4,0.0,0.25,0,0,459,3,240378.95,0.25,0.0,0,0,285657.11,0,no_listado
33,YFO180601B5V,Mantenimiento,8,487541.98,60942.75,134901.77,38672.93,0.5,6,1,1,1,8,0.125,0.0,0,0,1998,7,410466.86,0.125,0.0,0,0,487541.98,0,no_listado
33,DXK051211C3J,Papeleria,5,324657.27,64931.45,172880.58,56937.38,0.4,4,0,0,1,2,0.5,0.0,0,0,2379,5,324657.27,0.0,0.0,0,0,324657.27,0,no_listado
33,VIT130107SE6,Consultoria,5,474907.96,94981.59,142202.14,46344.76,0.6,3,0,0,0,0,0.0,0.0,1,1,845,5,474907.96,0.0,1.0,0,0,474907.96,1,definitivo
33,ZCM000405Z7G,Mantenimiento,1,1184135.71,1184135.71,1184135.71,0.0,1.0,1,0,0,0,0,0.0,0.0,0,0,1935,1,1184135.71,0.0,0.0,0,0,1184135.71,1,no_listado
33,KSH2206160EY,Mantenimiento,13,621957.47,47842.88,49281.39,625.85,0.6154,5,0,0,1,13,1.0,1.0,0,0,1840,13,621957.47,0.0,1.0,0,0,621957.47,1,no_listado
33,OTY1311027BR,Consultoria,4,211380.9,52845.22,103754.25,36816.24,0.5,3,0,0,1,4,1.0,0.0,0,0,1081,4,211380.9,0.0,0.0,0,0,211380.9,1,no_listado
33,SOM120803H2A,Limpieza,4,265497.09,66374.27,99766.55,30037.74,1.0,3,1,1,1,1,0.0,0.0,1,0,1250,3,193417.5,0.25,0.0,0,0,265497.09,0,desvirtuado
33,IUI070702988,Transporte,6,504858.91,84143.15,132200.29,37573.0,0.6667,5,1,1,1,5,0.2,0.0,1,0,1149,5,372658.62,0.1667,0.0,0,0,504858.91,0,desvirtuado
33,PSU150508716,Papeleria,7,442603.76,63229.11,136545.53,49843.77,0.4286,4,0,0,1,2,0.0,0.0,1,0,432,6,332814.01,0.1429,0.0,0,0,442603.76,0,favorable
33,CIE890925GE9,Transporte,4,128153.18,32038.3,71789.8,22964.29,0.0,3,1,1,1,4,0.0,0.0,1,0,672,3,108597.05,0.25,0.0,0,0,128153.18,0,favorable
33,TAU1501172B9,Mantenimiento,3,270566.73,90188.91,119532.57,25235.82,0.6667,3,1,1,1,2,0.0,0.0,1,0,2319,2,212641.76,0.3333,0.0,0,0,270566.73,0,presunto
33,OIJF901201JJ1,Seguridad,5,511456.1,102291.22,170014.66,68702.37,0.4,5,1,1,1,2,0.5,0.0,1,0,177,3,191630.27,0.4,0.0,0,0,511456.1,0,presunto
33,LDD000121FJ3,Transporte,10,450725.36,45072.54,48464.17,2221.58,0.0,3,1,1,1,10,0.0,0.5,0,0,1717,10,450725.36,0.0,0.0,0,0,450725.36,0,no_listado
33,UIK22011043S,Mantenimiento,1,9860.0,9860.0,9860.0,0.0,0.0,1,0,0,0,0,0.0,0.0,0,0,1069,1,9860.0,0.0,0.0,0,0,9860.0,0,no_listado
33,VRE070112A56,Seguridad,8,556800.0,69600.0,69600.0,0.0,0.0,5,1,1,0,0,0.0,0.0,0,0,1249,7,487200.0,0.0,0.0,0,0,556800.0,0,no_listado
33,NTZ1205169FJ,Papeleria,4,56124.0,14031.0,16843.06,1965.07,0.0,4,1,1,0,0,0.0,0.0,0,0,2227,4,56124.0,0.0,0.0,0,0,56124.0,0,no_listado
33,ZYZ100618P5B,Consultoria,6,319801.89,53300.32,63550.0,6590.36,0.0,5,1,1,0,0,0.0,0.0,0,0,2201,6,319801.89,0.0,0.0,0,0,319801.89,0,no_listado
33,CQJ2402130K5,Construccion,9,487228.56,54136.51,76408.26,11828.57,0.0,5,1,1,1,9,0.0,0.3333,0,0,112,9,487228.56,0.0,0.0,0,0,487228.56,0,no_listado
33,MAAR6407196PA,Consultoria,5,178249.06,35649.81,45014.83,8264.35,0.0,4,1,1,0,0,0.0,0.0,1,0,2608,5,178249.06,0.0,0.0,0,0,178249.06,0,favorable
33,GLX090415NYH,Limpieza,8,31326.04,3915.76,6166.85,1126.73,0.0,1,0,0,0,0,0.0,0.0,0,0,2445,8,31326.04,0.0,0.0,0,0,31326.04,0,no_listado
33,VGN190506THZ,Mantenimiento,6,40919.89,6819.98,9867.23,1711.23,0.3333,4,1,1,1,6,1.0,0.0,0,0,1583,6,40919.89,0.0,0.0,0,0,40919.89,0,no_listado
34,HCB220308WX4,Tecnologia,8,541618.59,67702.32,136702.65,45706.08,0.5,5,1,1,1,8,0.25,0.0,0,0,2130,6,396238.91,0.25,0.0,0,0,541618.59,0,no_listado
34,MYG181226HLE,Tecnologia,6,274980.38,45830.06,106428.82,32214.87,0.6667,4,1,1,1,6,0.0,0.0,0,0,1388,4,237915.25,0.3333,0.0,0,0,274980.38,0,no_listado
34,CWM0910238GH,Mantenimiento,9,703189.43,78132.16,168369.59,44284.37,0.5556,6,1,1,1,9,0.1111,0.0,0,0,203,7,568575.96,0.2222,0.0,0,0,703189.43,0,no_listado
34,VLW171123OAF,Construccion,8,529071.59,66133.95,140009.69,44963.71,0.75,4,1,1,1,8,0.0,0.0,0,0,1508,8,529071.59,0.0,0.0,0,0,529071.59,0,no_listado
34,LCU120614YVP,Seguridad,4,488248.17,122062.04,171479.64,34273.82,0.5,4,1,1,1,4,0.25,0.0,0,0,236,4,488248.17,0.0,0.0,0,0,488248.17,0,no_listado
34,GZM080327OKG,Papeleria,3,173495.02,57831.67,135244.14,54740.02,0.6667,3,1,1,1,3,0.3333,0.0,0,0,1259,2,153936.23,0.3333,0.0,0,0,173495.02,0,no_listado
34,DHP220817YRY,Tecnologia,6,335095.77,55849.3,109794.61,38214.98,0.1667,5,1,1,1,6,0.3333,0.0,0,0,1075,5,259977.97,0.1667,0.0,0,0,335095.77,0,no_listado
34,VNN1305115EZ,Construccion,5,395156.0,79031.2,158056.32,63947.08,0.4,5,0,0,1,1,0.0,0.0,0,0,1780,4,351081.2,0.2,0.0,0,0,395156.0,0,no_listado
34,FOB110907RL1,Transporte,8,585694.75,73211.84,127755.09,37829.15,0.875,5,0,0,1,5,0.0,0.0,0,0,2028,6,380623.55,0.25,0.0,0,0,585694.75,0,no_listado
34,GMA1703071ZT,Construccion,3,321185.89,107061.96,161278.85,45752.74,0.6667,3,0,0,1,1,0.0,0.0,0,0,531,2,159907.04,0.3333,0.0,0,0,321185.89,0,no_listado
34,XQU2506068UU,Limpieza,7,580344.11,82906.3,122795.0,41018.96,0.5714,5,0,0,1,4,0.0,0.0,0,0,175,6,560333.36,0.0,0.0,0,0,580344.11,0,no_listado
34,KXW030320TEX,Transporte,4,302669.87,75667.47,117577.11,35954.78,0.75,3,0,0,1,2,0.0,0.0,0,0,869,4,302669.87,0.0,0.0,0,0,302669.87,0,no_listado
34,AMS0801158F5,Consultoria,6,381197.38,63532.9,145075.76,43023.0,0.3333,5,0,0,0,0,0.0,0.0,1,1,424,6,381197.38,0.0,1.0,0,0,381197.38,1,definitivo
34,CUT09110427W,Tecnologia,1,1734100.05,1734100.05,1734100.05,0.0,0.0,1,0,0,0,0,0.0,0.0,0,0,1889,1,1734100.05,0.0,0.0,0,0,1734100.05,1,no_listado
34,DXK170703II7,Transporte,12,577643.49,48136.96,49378.02,833.07,0.75,6,0,0,1,12,1.0,1.0,0,0,225,10,480953.96,0.0,1.0,0,0,577643.49,1,no_listado
34,SOQ230210Y8S,Mantenimiento,5,442689.63,88537.93,133492.49,36773.47,0.6,4,0,0,1,5,1.0,0.2,0,0,660,4,396410.84,0.2,0.0,0,0,442689.63,1,no_listado
34,ISC061207IF5,Mantenimiento,6,537019.63,89503.27,165877.0,56255.13,0.6667,4,1,1,1,5,0.2,0.0,1,0,506,6,537019.63,0.0,0.0,0,0,537019.63,0,desvirtuado
34,PVP121107HN5,Papeleria,7,758565.29,108366.47,146571.87,31084.19,0.5714,4,0,0,1,4,0.0,0.25,1,0,48,7,758565.29,0.0,0.0,0,0,758565.29,0,desvirtuado
34,CIN130725LT6,Transporte,4,463140.44,115785.11,151667.17,32446.42,0.25,4,0,0,1,2,0.0,0.0,1,0,1597,2,213317.35,0.5,0.0,0,0,463140.44,0,favorable
34,CMA090918R82,Construccion,4,391384.38,97846.1,173870.13,56676.57,0.5,2,1,1,1,3,0.0,0.0,1,0,445,4,391384.38,0.0,0.0,0,0,391384.38,0,favorable
34,FOGP830719K4A,Consultoria,6,447277.39,74546.23,170639.7,64960.13,0.5,4,0,0,1,4,0.25,0.0,1,0,1014,3,344164.8,0.5,0.0,0,0,447277.39,0,presunto
34,GZA080908IY9,Consultoria,6,468692.09,78115.35,136545.53,40438.63,0.3333,4,1,1,1,3,0.0,0.3333,1,0,1679,4,284196.5,0.3333,0.0,0,0,468692.09,0,presunto
34,ZPX090913GKY,Transporte,10,448672.62,44867.26,47846.09,1827.07,0.0,5,1,1,1,10,0.0,0.4,0,0,1715,10,448672.62,0.0,0.0,0,0,448672.62,0,no_listado
34,XSY100717IA9,Mantenimiento,1,9860.0,9860.0,9860.0,0.0,0.0,1,0,0,0,0,0.0,0.0,0,0,1066,1,9860.0,0.0,0.0,0,0,9860.0,0,no_listado
34,MEO070215MQN,Seguridad,8,556800.0,69600.0,69600.0,0.0,0.0,4,1,1,0,0,0.0,0.0,0,0,1249,7,487200.0,0.0,0.0,0,0,556800.0,0,no_listado
34,NRM0005282IV,Papeleria,4,52178.41,13044.6,16051.87,1946.77,0.0,2,1,1,0,0,0.0,0.0,0,0,2141,4,52178.41,0.0,0.0,0,0,52178.41,0,no_listado
34,ALA050307E98,Consultoria,6,300104.14,50017.36,60258.88,7335.22,0.0,4,1,1,0,0,0.0,0.0,0,0,2279,6,300104.14,0.0,0.0,0,0,300104.14,0,no_listado
34,DVQ100105XU8,Construccion,9,529919.06,58879.9,77298.11,13629.45,0.0,4,1,1,1,9,0.0,0.2222,0,0,47,7,411088.64,0.2222,0.0,0,0,529919.06,0,no_listado
34,SIB120704680,Consultoria,5,186183.56,37236.71,44609.17,4153.9,0.0,4,1,1,0,0,0.0,0.0,1,0,2614,5,186183.56,0.0,0.0,0,1,186183.56,0,favorable
34,JJG070209EV3,Limpieza,8,43344.05,5418.01,6919.21,1302.94,0.0,1,0,0,0,0,0.0,0.0,0,0,2442,8,43344.05,0.0,0.0,0,0,43344.05,0,no_listado
34,IEC180610VKF,Mantenimiento,6,41427.3,6904.55,9511.1,1574.42,0.8333,5,1,1,1,6,1.0,0.0,0,0,1588,5,34313.44,0.1667,0.0,0,0,41427.3,0,no_listado
35,NQE200708CNP,Transporte,5,385744.64,77148.93,126668.8,35159.31,0.4,2,0,0,1,3,0.3333,0.0,0,0,1635,4,364227.45,0.2,0.0,0,0,385744.64,0,no_listado
35,FJE120425NHF,Tecnologia,9,576125.28,64013.92,138620.36,48730.21,0.4444,4,0,0,1,5,0.2,0.0,0,0,1846,6,202079.75,0.3333,0.0,0,0,576125.28,0,no_listado
35,EPS071010EEL,Seguridad,3,181983.54,60661.18,79007.9,15148.7,0.6667,3,1,1,1,3,0.0,0.0,0,0,1193,2,140075.54,0.3333,0.0,0,0,181983.54,0,no_listado
35,MLI02012050R,Papeleria,6,611492.64,101915.44,173992.85,56886.46,0.3333,4,0,0,1,2,0.0,0.0,0,0,483,5,437499.79,0.1667,0.0,0,0,611492.64,0,no_listado
35,CAU151005MIJ,Construccion,5,451843.01,90368.6,132231.02,27927.69,0.4,4,1,1,1,5,0.2,0.0,0,0,777,4,319611.99,0.2,0.0,0,0,451843.01,0,no_listado
35,QEB050616K71,Logistica,8,839428.94,104928.62,165246.27,53972.78,0.25,4,1,1,1,8,0.0,0.0,0,0,1873,8,839428.94,0.0,0.0,0,0,839428.94,0,no_listado
35,GQD050514348,Consultoria,3,130541.21,43513.74,92013.84,34295.64,0.0,3,1,1,1,3,0.0,0.0,0,0,463,3,130541.21,0.0,0.0,0,0,130541.21,0,no_listado
35,IOW100124TPF,Construccion,4,124106.0,31026.5,68888.95,21871.54,0.5,3,1,1,1,4,0.0,0.0,0,0,2519,3,105966.91,0.25,0.0,0,0,124106.0,0,no_listado
35,WSR210905UWZ,Logistica,9,612388.78,68043.2,147733.71,45469.01,0.4444,4,1,1,1,9,0.0,0.1111,0,0,1475,6,435160.9,0.3333,0.0,0,0,612388.78,0,no_listado
35,DPG190103B9P,Transporte,5,480603.62,96120.72,152542.45,51398.78,0.6,3,1,1,1,5,0.0,0.0,0,0,1116,3,284275.3,0.4,0.0,0,0,480603.62,0,no_listado
35,UWN150608QYE,Consultoria,3,172267.29,57422.43,101858.15,34019.06,0.3333,1,0,0,1,1,0.0,0.0,0,0,1970,3,172267.29,0.0,0.0,0,0,172267.29,0,no_listado
35,WKA110716VJL,Transporte,8,757170.48,94646.31,154696.58,39839.12,0.5,5,1,1,1,8,0.0,0.125,0,0,2037,7,655003.41,0.125,0.0,0,0,757170.48,0,no_listado
35,ZED120731780,Consultoria,7,327128.35,46732.62,105237.83,34135.64,0.8571,5,0,0,0,0,0.0,0.0,1,1,2230,7,327128.35,0.0,1.0,0,0,327128.35,1,definitivo
35,DRT120807CQJ,Seguridad,1,1561590.77,1561590.77,1561590.77,0.0,1.0,1,1,1,0,0,0.0,0.0,0,0,1651,1,1561590.77,0.0,0.0,0,0,1561590.77,1,no_listado
35,RNN040315PKH,Publicidad,13,623675.57,47975.04,49237.5,916.74,0.7692,5,0,0,1,13,1.0,1.0,0,0,862,13,623675.57,0.0,1.0,0,0,623675.57,1,no_listado
35,ITI250123OG6,Tecnologia,5,586721.49,117344.3,153765.33,39553.39,0.6,3,0,0,1,5,1.0,0.2,0,0,2528,5,586721.49,0.0,0.0,0,0,586721.49,1,no_listado
35,UCJ070725MC4,Mantenimiento,4,287351.21,71837.8,121586.21,37278.44,0.5,2,1,1,1,1,0.0,0.0,1,0,186,4,287351.21,0.0,0.0,0,0,287351.21,0,desvirtuado
35,GSP000616FV4,Seguridad,5,333653.35,66730.67,152940.03,60137.86,0.4,4,1,1,1,2,0.5,0.0,1,0,2225,5,333653.35,0.0,0.0,0,0,333653.35,0,desvirtuado
35,CMU1003034W4,Seguridad,5,203343.68,40668.74,106335.76,34094.38,0.0,4,0,0,1,4,0.0,0.0,1,0,207,5,203343.68,0.0,0.0,0,0,203343.68,0,favorable
35,SEN081202BB5,Seguridad,7,430618.22,61516.89,166539.7,46443.71,0.4286,4,1,1,1,3,0.3333,0.3333,1,0,1806,7,430618.22,0.0,0.0,0,0,430618.22,0,favorable
35,GMP210319DE4,Tecnologia,7,387120.36,55302.91,144720.75,39592.92,0.2857,4,1,1,1,5,0.0,0.2,1,0,501,5,323652.58,0.2857,0.0,0,0,387120.36,0,presunto
35,UAP070222EY9,Consultoria,5,461054.79,92210.96,172643.9,56379.24,0.4,5,0,0,1,4,0.0,0.25,1,0,1042,3,240825.38,0.4,0.0,0,0,461054.79,0,presunto
35,LSS110910BXT,Transporte,10,444624.01,44462.4,48341.61,2633.7,0.0,5,1,1,1,10,0.0,0.4,0,0,1766,9,397226.06,0.0,0.0,0,0,444624.01,0,no_listado
35,NDP050126Z64,Mantenimiento,1,9860.0,9860.0,9860.0,0.0,0.0,1,0,0,0,0,0.0,0.0,0,0,1135,1,9860.0,0.0,0.0,0,0,9860.0,0,no_listado
35,YZX0310229FU,Seguridad,8,556800.0,69600.0,69600.0,0.0,0.0,5,1,1,0,0,0.0,0.0,0,0,1249,5,348000.0,0.0,0.0,0,0,556800.0,0,no_listado
35,DHE010502ESH,Papeleria,4,52034.92,13008.73,16703.83,2292.19,0.0,3,1,1,0,0,0.0,0.0,0,0,2135,3,39252.61,0.25,0.0,0,0,52034.92,0,no_listado
35,XSS190924N8Y,Consultoria,6,330677.67,55112.94,62406.92,5635.55,0.0,2,1,1,0,0,0.0,0.0,0,0,2187,6,330677.67,0.0,0.0,0,0,330677.67,0,no_listado
35,YLJ220320Z5P,Construccion,9,567398.68,63044.3,78398.51,9480.47,0.0,4,1,1,1,9,0.0,0.1111,0,0,92,7,414578.6,0.2222,0.0,0,0,567398.68,0,no_listado
35,AIS1409179V1,Consultoria,5,208417.88,41683.58,44860.89,2167.01,0.0,3,1,1,0,0,0.0,0.0,1,0,2590,4,166366.59,0.2,0.0,0,0,208417.88,0,favorable
35,NYV040521Y3N,Limpieza,8,36664.03,4583.0,6432.14,1415.16,0.0,1,0,0,0,0,0.0,0.0,0,0,2430,8,36664.03,0.0,0.0,0,0,36664.03,0,no_listado
35,IUO160911HEO,Mantenimiento,6,42938.13,7156.35,9115.87,1334.94,0.5,4,1,1,1,6,1.0,0.0,0,0,1594,6,42938.13,0.0,0.0,0,0,42938.13,0,no_listado
36,RCE171019N0V,Transporte,9,622505.73,69167.3,152079.77,54928.32,0.2222,5,0,0,1,6,0.0,0.0,0,0,2168,8,599037.1,0.1111,0.0,0,0,622505.73,0,no_listado
36,PKL030910SWX,Construccion,6,516814.14,86135.69,158894.86,47850.98,0.3333,4,1,1,1,6,0.5,0.0,0,0,1746,5,423452.39,0.1667,0.0,0,0,516814.14,0,no_listado
36,GXZ120625THE,Tecnologia,5,561337.61,112267.52,168399.97,38979.77,0.2,4,0,0,1,2,0.0,0.0,0,0,987,5,561337.61,0.0,0.0,0,0,561337.61,0,no_listado
36,LDL2403017PB,Tecnologia,8,440727.89,55090.99,113093.94,34915.6,0.375,5,0,0,1,2,0.0,0.0,0,0,260,7,422968.97,0.125,0.0,0,0,440727.89,0,no_listado
36,IVT1506073OX,Papeleria,4,377476.79,94369.2,161592.5,66376.1,0.0,3,0,0,1,2,0.0,0.0,0,0,99,4,377476.79,0.0,0.0,0,0,377476.79,0,no_listado
36,LCQ1703080T7,Mantenimiento,6,320824.64,53470.77,131148.27,49124.19,0.1667,4,1,1,1,6,0.0,0.0,0,0,1555,6,320824.64,0.0,0.0,0,0,320824.64,0,no_listado
36,NQH101010O6J,Seguridad,7,363345.64,51906.52,90332.69,25121.92,0.4286,3,0,0,1,4,0.0,0.0,0,0,1593,6,287751.36,0.1429,0.0,0,0,363345.64,0,no_listado
36,AGG050115Z1E,Mantenimiento,9,795105.15,88345.02,166452.91,55050.63,0.3333,6,0,0,1,2,0.0,0.0,0,0,187,7,548121.13,0.2222,0.0,0,0,795105.15,0,no_listado
36,DMG1205104EI,Mantenimiento,7,563298.32,80471.19,173532.37,53017.38,0.4286,3,1,1,1,7,0.0,0.0,0,0,1607,7,563298.32,0.0,0.0,0,0,563298.32,0,no_listado
36,PKL13121090D,Publicidad,7,255666.18,36523.74,114920.41,32857.78,0.2857,4,1,1,1,7,0.0,0.0,0,0,1075,6,140745.77,0.1429,0.0,0,0,255666.18,0,no_listado
36,ZFJ231118MHY,Seguridad,9,885066.17,98340.69,148195.54,44810.55,0.3333,6,0,0,1,5,0.0,0.0,0,0,2224,9,885066.17,0.0,0.0,0,0,885066.17,0,no_listado
36,OJX200227D6A,Limpieza,3,328846.47,109615.49,159978.5,64946.12,0.6667,3,0,0,1,3,0.0,0.0,0,0,1773,3,328846.47,0.0,0.0,0,0,328846.47,0,no_listado
36,RGR170512LM8,Consultoria,8,689843.12,86230.39,167435.07,53522.28,0.875,4,0,0,0,0,0.0,0.0,1,1,2085,8,689843.12,0.0,1.0,0,0,689843.12,1,definitivo
36,WXJ200408PEU,Logistica,1,1064849.98,1064849.98,1064849.98,0.0,1.0,1,0,0,0,0,0.0,0.0,0,0,1818,1,1064849.98,0.0,0.0,0,0,1064849.98,1,no_listado
36,COV190717PHG,Publicidad,12,577045.77,48087.15,49444.74,926.32,0.25,6,0,0,1,12,1.0,1.0,0,0,1327,9,431268.78,0.0,1.0,0,0,577045.77,1,no_listado
36,EFJ050615AOO,Transporte,4,252314.39,63078.6,113621.51,45118.41,0.0,2,0,0,1,4,1.0,0.0,0,0,272,4,252314.39,0.0,0.0,0,0,252314.39,1,no_listado
36,DSO100706KM1,Construccion,6,376028.96,62671.49,167387.99,53520.11,0.6667,5,1,1,1,3,0.0,0.0,1,0,1212,5,308642.79,0.1667,0.0,0,0,376028.96,0,desvirtuado
36,CEC0602282P8,Logistica,6,200097.51,33349.58,73906.62,21192.75,0.3333,5,1,1,1,5,0.0,0.2,1,0,1360,4,159155.32,0.3333,0.0,0,0,200097.51,0,desvirtuado
36,GOM120228AY6,Seguridad,4,334846.15,83711.54,150779.71,49570.19,0.25,4,1,1,1,3,0.0,0.0,1,0,2167,3,273789.67,0.25,0.0,0,0,334846.15,0,favorable
36,MRR151222779,Mantenimiento,3,216205.43,72068.48,106335.76,38864.41,0.3333,3,0,0,0,0,0.0,0.0,1,0,1541,3,216205.43,0.0,0.0,0,0,216205.43,0,favorable
36,MSE1908055X5,Tecnologia,6,484430.73,80738.45,170413.54,57302.0,0.3333,4,1,1,1,5,0.2,0.0,1,0,215,6,484430.73,0.0,0.0,0,0,484430.73,0,presunto
36,PRA191111KZ5,Logistica,4,347656.24,86914.06,148293.91,41078.68,0.25,3,1,1,1,2,0.0,0.0,1,0,277,3,199362.33,0.25,0.0,0,0,347656.24,0,presunto
36,ACP050605S1P,Transporte,10,445205.4,44520.54,47803.32,2171.91,0.0,5,1,1,1,10,0.0,0.4,0,0,1740,9,399667.13,0.1,0.0,0,0,445205.4,0,no_listado
36,ACH0811267GV,Mantenimiento,1,9860.0,9860.0,9860.0,0.0,0.0,1,0,0,0,0,0.0,0.0,0,0,1071,1,9860.0,0.0,0.0,0,0,9860.0,0,no_listado
36,VMV161002JV3,Seguridad,8,556800.0,69600.0,69600.0,0.0,0.0,5,1,1,0,0,0.0,0.0,0,0,1249,6,417600.0,0.0,0.0,0,0,556800.0,0,no_listado
36,QOT0306076XZ,Papeleria,4,54847.16,13711.79,15157.74,1438.21,0.0,3,1,1,0,0,0.0,0.0,0,0,2288,3,39689.42,0.25,0.0,0,0,54847.16,0,no_listado
36,RCY110326BL7,Consultoria,6,334627.13,55771.19,63684.82,5345.29,0.0,4,1,1,0,0,0.0,0.0,0,0,2202,6,334627.13,0.0,0.0,0,0,334627.13,0,no_listado
36,FJS150402QF1,Construccion,9,538642.97,59849.22,80174.28,13786.47,0.0,4,1,1,1,9,0.0,0.1111,0,0,91,8,493166.61,0.1111,0.0,0,0,538642.97,0,no_listado
36,AAR160505MB2,Consultoria,5,190922.06,38184.41,42555.97,4681.8,0.0,4,1,1,0,0,0.0,0.0,1,0,2574,4,148366.09,0.0,0.0,0,0,190922.06,0,favorable
36,FYW2612144YV,Limpieza,8,33165.11,4145.64,6705.38,1212.16,0.0,1,0,0,0,0,0.0,0.0,0,0,2427,8,33165.11,0.0,0.0,0,0,33165.11,0,no_listado
36,UVP051009R7H,Mantenimiento,6,45058.42,7509.74,9135.24,1294.61,0.5,4,1,1,1,6,1.0,0.0,0,0,1647,6,45058.42,0.0,0.0,0,0,45058.42,0,no_listado
37,ZXM151016Z66,Logistica,4,260389.99,65097.5,147086.91,52314.08,0.25,4,1,1,1,4,0.0,0.0,0,0,199,3,238902.03,0.25,0.0,0,0,260389.99,0,no_listado
37,XBH030228TDC,Publicidad,7,567803.65,81114.81,154940.43,50462.53,0.7143,5,0,0,1,5,0.0,0.0,0,0,1592,6,524117.99,0.1429,0.0,0,0,567803.65,0,no_listado
37,PNY111217WEJ,Consultoria,6,485902.16,80983.69,173753.27,53661.82,0.6667,5,0,0,1,3,0.0,0.0,0,0,438,5,467954.16,0.0,0.0,0,0,485902.16,0,no_listado
37,OVQ100810KH7,Transporte,4,277562.76,69390.69,152547.89,55758.15,0.5,3,1,1,1,4,0.5,0.0,0,0,211,3,260064.39,0.25,0.0,0,0,277562.76,0,no_listado
37,QSF140203PDE,Limpieza,4,175376.59,43844.15,73764.83,24469.03,0.75,3,1,1,1,4,0.0,0.0,0,0,1460,4,175376.59,0.0,0.0,0,0,175376.59,0,no_listado
37,OOK1405064HA,Seguridad,6,591372.68,98562.11,168404.64,57916.97,0.5,5,1,1,1,6,0.3333,0.0,0,0,484,5,572239.27,0.1667,0.0,0,0,591372.68,0,no_listado
37,BCE130525MSS,Publicidad,4,117348.6,29337.15,61479.72,18560.97,0.75,3,1,1,1,4,0.0,0.0,0,0,1268,4,117348.6,0.0,0.0,0,0,117348.6,0,no_listado
37,PNK070318WNX,Tecnologia,3,208815.62,69605.21,99747.73,22047.78,0.3333,3,1,1,1,3,0.0,0.3333,0,0,246,3,208815.62,0.0,0.0,0,0,208815.62,0,no_listado
37,LBD150907ULY,Transporte,9,650454.63,72272.74,170977.65,58494.33,0.4444,4,0,0,1,4,0.0,0.0,0,0,2270,7,476655.93,0.2222,0.0,0,0,650454.63,0,no_listado
37,LBR1612126C8,Construccion,7,607365.75,86766.54,149870.47,44972.53,0.2857,4,0,0,1,4,0.0,0.0,0,0,1807,7,607365.75,0.0,0.0,0,0,607365.75,0,no_listado
37,ZUX020104OWT,Logistica,3,246694.66,82231.55,153785.05,51961.67,0.6667,2,0,0,1,1,0.0,0.0,0,0,2437,3,246694.66,0.0,0.0,0,0,246694.66,0,no_listado
37,DJH170805PG7,Limpieza,3,221038.15,73679.38,136136.67,48543.55,0.6667,3,1,1,1,3,0.0,0.0,0,0,1243,2,84901.48,0.3333,0.0,0,0,221038.15,0,no_listado
37,EIS1302259M4,Consultoria,8,341624.03,42703.0,110078.8,30648.73,0.375,5,1,1,0,0,0.0,0.0,1,1,159,5,193033.4,0.25,1.0,0,0,341624.03,1,definitivo
37,HSQ041109TKH,Consultoria,1,1267741.36,1267741.36,1267741.36,0.0,0.0,1,0,0,0,0,0.0,0.0,0,0,399,1,1267741.36,0.0,0.0,0,0,1267741.36,1,no_listado
37,VXN0803168PI,Limpieza,13,624169.02,48013.0,49652.26,942.0,0.4615,6,0,0,1,13,1.0,1.0,0,0,117,11,528145.0,0.0,1.0,0,0,624169.02,1,no_listado
37,GYI190314APJ,Logistica,6,443438.73,73906.46,161981.14,48276.77,0.6667,5,1,1,1,6,1.0,0.0,0,0,216,6,443438.73,0.0,0.0,0,0,443438.73,1,no_listado
37,EXP130207PU0,Seguridad,4,299101.06,74775.26,158588.04,54532.04,0.5,3,0,0,1,2,0.5,0.0,1,0,430,3,263583.82,0.25,0.0,0,0,299101.06,0,desvirtuado
37,MUHJ650219LGA,Consultoria,5,115340.98,23068.2,42446.66,9701.65,0.6,3,0,0,1,1,0.0,0.0,1,0,1533,5,115340.98,0.0,0.0,0,0,115340.98,0,desvirtuado
37,VALL6108259F3,Limpieza,7,476081.98,68011.71,160611.87,50979.88,0.4286,5,1,1,1,4,0.0,0.0,1,0,1939,7,476081.98,0.0,0.0,0,0,476081.98,0,favorable
37,CEN150218BW4,Limpieza,6,615747.35,102624.56,143200.03,31748.32,0.8333,5,1,1,1,4,0.0,0.0,1,0,2037,6,615747.35,0.0,0.0,0,0,615747.35,0,favorable
37,HUGA790412K69,Papeleria,7,581795.63,83113.66,110941.01,31748.83,0.4286,4,1,1,1,5,0.2,0.0,1,0,563,3,285107.01,0.4286,0.0,0,0,581795.63,0,presunto
37,CIS160907EY0,Seguridad,5,177023.31,35404.66,102052.93,33329.36,0.4,5,0,0,1,4,0.0,0.0,1,0,1467,2,120112.26,0.4,0.0,0,0,177023.31,0,presunto
37,PFI2102284U6,Transporte,10,434801.91,43480.19,47191.39,2038.14,0.0,4,1,1,1,10,0.0,0.3,0,0,1738,10,434801.91,0.0,0.0,0,0,434801.91,0,no_listado
37,UOA2410084I1,Mantenimiento,1,9860.0,9860.0,9860.0,0.0,0.0,1,0,0,0,0,0.0,0.0,0,0,1061,1,9860.0,0.0,0.0,0,0,9860.0,0,no_listado
37,CEN120808AR7,Seguridad,8,556800.0,69600.0,69600.0,0.0,0.0,5,1,1,0,0,0.0,0.0,0,0,1249,8,556800.0,0.0,0.0,0,0,556800.0,0,no_listado
37,UKC240227ZU8,Papeleria,4,55879.38,13969.84,15685.51,1277.83,0.0,4,1,1,0,0,0.0,0.0,0,0,2157,4,55879.38,0.0,0.0,0,0,55879.38,0,no_listado
37,TPY241209L8T,Consultoria,6,298343.5,49723.92,59649.52,5799.65,0.0,5,1,1,0,0,0.0,0.0,0,0,2198,5,238693.98,0.1667,0.0,0,0,298343.5,0,no_listado
37,TIE010414NDW,Construccion,9,466326.17,51814.02,76418.9,14393.48,0.0,4,1,1,1,9,0.0,0.1111,0,0,63,8,415494.24,0.1111,0.0,0,0,466326.17,0,no_listado
37,VCI0907016H6,Consultoria,5,160289.8,32057.96,39727.42,5427.24,0.0,5,1,1,0,0,0.0,0.0,1,0,2611,5,160289.8,0.0,0.0,0,0,160289.8,0,favorable
37,TWN080906OJ6,Limpieza,8,40466.13,5058.27,6939.67,1592.66,0.0,1,0,0,0,0,0.0,0.0,0,0,2438,8,40466.13,0.0,0.0,0,0,40466.13,0,no_listado
37,CCE171122700,Mantenimiento,6,43701.62,7283.6,9665.31,1811.48,0.3333,6,1,1,1,6,1.0,0.0,0,0,1638,5,34036.31,0.1667,0.0,0,0,43701.62,0,no_listado
38,QWI0401095AL,Tecnologia,6,459939.57,76656.59,147086.91,51119.46,0.6667,3,1,1,1,6,0.0,0.0,0,0,425,6,459939.57,0.0,0.0,0,0,459939.57,0,no_listado
38,UWZ020103RVY,Consultoria,9,763356.51,84817.39,167321.59,51930.12,0.4444,5,1,1,1,9,0.0,0.0,0,0,1919,8,701483.66,0.1111,0.0,0,0,763356.51,0,no_listado
38,EVG251025I8C,Consultoria,6,466841.59,77806.93,126903.43,41364.53,0.3333,4,0,0,0,0,0.0,0.0,0,0,1525,5,339938.16,0.1667,0.0,0,0,466841.59,0,no_listado
38,HBB001224AKV,Consultoria,9,980326.09,108925.12,163120.13,48224.29,0.4444,5,1,1,1,9,0.0,0.0,0,0,1298,8,960599.8,0.1111,0.0,0,0,980326.09,0,no_listado
38,IOB030327L0X,Papeleria,5,438451.1,87690.22,163862.02,47483.37,0.4,4,0,0,1,3,0.0,0.0,0,0,1204,3,331782.1,0.4,0.0,0,0,438451.1,0,no_listado
38,ILU211116IIM,Papeleria,4,194649.16,48662.29,106169.92,36151.23,0.75,3,1,1,1,4,0.0,0.0,0,0,288,4,194649.16,0.0,0.0,0,0,194649.16,0,no_listado
38,VZO111116L28,Consultoria,3,312708.98,104236.33,120451.73,19434.41,0.0,3,0,0,1,1,0.0,0.0,0,0,209,2,235798.57,0.3333,0.0,0,0,312708.98,0,no_listado
38,UNF240104CSR,Papeleria,4,236973.99,59243.5,84263.66,16760.1,0.25,2,0,0,1,2,0.5,0.0,0,0,1837,3,152710.33,0.25,0.0,0,0,236973.99,0,no_listado
38,GTC170816U7M,Construccion,7,593941.4,84848.77,158738.62,45260.31,0.4286,5,0,0,1,7,0.1429,0.0,0,0,1633,4,420466.33,0.2857,0.0,0,0,593941.4,0,no_listado
38,RAX160127I2G,Publicidad,8,515113.13,64389.14,168735.95,42737.6,0.625,5,1,1,1,8,0.125,0.125,0,0,924,8,515113.13,0.0,0.0,0,0,515113.13,0,no_listado
38,LLA010813LTH,Mantenimiento,7,428562.14,61223.16,131309.6,48849.39,0.5714,5,1,1,1,7,0.0,0.0,0,0,244,5,390079.97,0.2857,0.0,0,0,428562.14,0,no_listado
38,BWZ000701UUP,Construccion,6,413814.35,68969.06,108584.63,28935.08,0.6667,4,1,1,1,6,0.0,0.0,0,0,249,5,305229.72,0.1667,0.0,0,0,413814.35,0,no_listado
38,AAV1508209Z6,Consultoria,5,247068.57,49413.71,104655.91,29608.19,0.0,4,0,0,0,0,0.0,0.0,1,1,1080,2,63962.29,0.6,1.0,0,0,247068.57,1,definitivo
38,DKA231206NOF,Limpieza,1,1181153.49,1181153.49,1181153.49,0.0,0.0,1,1,1,0,0,0.0,0.0,0,0,2258,1,1181153.49,0.0,0.0,0,0,1181153.49,1,no_listado
38,MYM26042659W,Mantenimiento,12,576238.72,48019.89,49644.95,990.24,0.75,5,0,0,1,12,1.0,1.0,0,0,1149,11,528757.34,0.0,1.0,0,0,576238.72,1,no_listado
38,TKP19121588B,Mantenimiento,4,136514.29,34128.57,51717.31,12983.55,0.5,4,1,1,1,4,1.0,0.0,0,0,796,3,84796.98,0.25,0.0,0,0,136514.29,1,no_listado
38,ROAJ970714EP7,Publicidad,4,338547.85,84636.96,160981.19,50762.15,1.0,3,0,0,1,2,0.0,0.0,1,0,803,3,319874.38,0.25,0.0,0,0,338547.85,0,desvirtuado
38,JVA920924K93,Logistica,7,529803.63,75686.23,121566.09,35262.9,0.4286,4,0,0,1,5,0.0,0.0,1,0,801,7,529803.63,0.0,0.0,0,0,529803.63,0,desvirtuado
38,PCR171223S34,Consultoria,6,442347.34,73724.56,145759.73,53282.05,0.5,4,0,0,1,4,0.25,0.0,1,0,736,5,424782.5,0.1667,0.0,0,0,442347.34,0,favorable
38,SCA131024820,Logistica,4,208177.6,52044.4,109662.58,34659.0,0.25,3,0,0,1,2,0.5,0.0,1,0,1497,3,172312.89,0.25,0.0,0,0,208177.6,0,favorable
38,ZACM740324SD7,Logistica,5,271463.73,54292.75,107872.44,30045.21,0.4,3,0,0,1,2,0.0,0.0,1,0,96,3,196088.04,0.4,0.0,0,0,271463.73,0,presunto
38,EMC201127JQ8,Mantenimiento,5,458759.51,91751.9,160788.03,47624.93,0.6,4,1,1,1,1,0.0,0.0,1,0,1446,3,263962.63,0.4,0.0,0,0,458759.51,0,presunto
38,KZA211219TTA,Transporte,10,450624.98,45062.5,48597.88,2110.61,0.0,5,1,1,1,10,0.0,0.5,0,0,1721,9,406624.82,0.1,0.0,0,0,450624.98,0,no_listado
38,VHC1701252T9,Mantenimiento,1,9860.0,9860.0,9860.0,0.0,0.0,1,0,0,0,0,0.0,0.0,0,0,1210,1,9860.0,0.0,0.0,0,0,9860.0,0,no_listado
38,HTO21081377H,Seguridad,8,556800.0,69600.0,69600.0,0.0,0.0,5,1,1,0,0,0.0,0.0,0,0,1249,8,556800.0,0.0,0.0,0,0,556800.0,0,no_listado
38,MFJ110625VBY,Papeleria,4,51938.78,12984.7,14851.79,1413.64,0.0,3,1,1,0,0,0.0,0.0,0,0,2147,4,51938.78,0.0,0.0,0,0,51938.78,0,no_listado
38,HUB250213A3P,Consultoria,6,295329.88,49221.65,55080.37,4087.94,0.0,4,1,1,0,0,0.0,0.0,0,0,2200,5,247234.16,0.1667,0.0,0,0,295329.88,0,no_listado
38,BHW001027QAQ,Construccion,9,508695.24,56521.69,80755.7,11764.29,0.0,6,1,1,1,9,0.0,0.0,0,0,62,7,415833.75,0.2222,0.0,0,0,508695.24,0,no_listado
38,FSC1405128C0,Consultoria,5,143267.54,28653.51,35175.6,3468.81,0.0,4,1,1,0,0,0.0,0.0,1,0,2613,4,108091.94,0.2,0.0,0,0,143267.54,0,favorable
38,VKE091021YEU,Limpieza,8,38210.72,4776.34,6780.43,1309.87,0.0,1,0,0,0,0,0.0,0.0,0,0,2432,8,38210.72,0.0,0.0,0,0,38210.72,0,no_listado
38,DCO090425ECF,Mantenimiento,6,51024.89,8504.15,10155.07,1767.97,0.6667,5,1,1,1,6,1.0,0.0,0,0,1583,6,51024.89,0.0,0.0,0,0,51024.89,0,no_listado
39,PHO140205YFA,Mantenimiento,8,576434.68,72054.33,119870.73,40919.43,0.625,4,1,1,1,8,0.0,0.25,0,0,284,8,576434.68,0.0,0.0,0,0,576434.68,0,no_listado
39,RHY230127VQ8,Consultoria,7,445194.8,63599.26,105192.54,32854.65,0.5714,5,1,1,1,7,0.1429,0.0,0,0,2329,5,329342.04,0.2857,0.0,0,0,445194.8,0,no_listado
39,TLP150101D6A,Logistica,5,501241.17,100248.23,172684.93,59037.27,0.8,4,0,0,1,5,0.0,0.0,0,0,569,4,451127.0,0.2,0.0,0,0,501241.17,0,no_listado
39,NBZ170526W1F,Publicidad,6,543979.96,90663.33,163826.28,51803.57,0.6667,3,1,1,1,6,0.1667,0.0,0,0,2187,6,543979.96,0.0,0.0,0,0,543979.96,0,no_listado
39,IRH140911MZ6,Construccion,5,479690.16,95938.03,166975.96,51299.21,0.8,5,1,1,1,5,0.2,0.0,0,0,70,5,479690.16,0.0,0.0,0,0,479690.16,0,no_listado
39,BWO210105TP5,Limpieza,3,263231.68,87743.89,119793.66,29622.43,0.6667,3,0,0,1,2,0.0,0.5,0,0,1404,3,263231.68,0.0,0.0,0,0,263231.68,0,no_listado
39,QWA0707207EI,Construccion,3,98098.21,32699.4,61102.2,20083.85,0.6667,2,1,1,1,3,0.0,0.0,0,0,1837,3,98098.21,0.0,0.0,0,0,98098.21,0,no_listado
39,SCU151106ISP,Tecnologia,7,469900.34,67128.62,169881.81,52569.08,0.4286,4,1,1,1,7,0.0,0.0,0,0,2605,7,469900.34,0.0,0.0,0,0,469900.34,0,no_listado
39,LWG210613PL0,Transporte,7,534584.17,76369.17,124185.33,41953.92,0.5714,5,0,0,1,3,0.0,0.0,0,0,2506,6,430330.1,0.0,0.0,0,0,534584.17,0,no_listado
39,CSC140510JVU,Construccion,9,752485.37,83609.49,146615.25,50692.54,0.5556,6,0,0,1,4,0.0,0.0,0,0,813,7,569378.83,0.1111,0.0,0,0,752485.37,0,no_listado
39,AXE0107281ZM,Limpieza,4,416511.96,104127.99,163307.4,59177.48,0.5,4,1,1,1,4,0.0,0.25,0,0,793,3,371100.38,0.25,0.0,0,0,416511.96,0,no_listado
39,DRB011002D0C,Consultoria,7,566273.98,80896.28,169777.45,50250.64,0.5714,4,1,1,1,7,0.2857,0.0,0,0,2200,7,566273.98,0.0,0.0,0,0,566273.98,0,no_listado
39,CGK081120A8A,Consultoria,7,266188.88,38026.98,96874.85,29649.18,0.5714,4,0,0,0,0,0.0,0.0,1,1,273,5,149853.6,0.2857,1.0,0,0,266188.88,1,definitivo
39,NTY0110106CI,Consultoria,1,1407613.24,1407613.24,1407613.24,0.0,0.0,1,0,0,0,0,0.0,0.0,0,0,576,1,1407613.24,0.0,0.0,0,0,1407613.24,1,no_listado
39,GCY04090234Y,Construccion,10,482442.09,48244.21,49500.07,938.25,0.5,6,0,0,1,10,1.0,1.0,0,0,177,9,435486.09,0.0,1.0,0,0,482442.09,1,no_listado
39,HQT141216JCH,Mantenimiento,6,626265.96,104377.66,167311.22,55406.61,0.6667,4,0,0,1,6,1.0,0.0,0,0,1251,4,327122.85,0.3333,0.0,0,0,626265.96,1,no_listado
39,TVI0811258E8,Logistica,5,341086.57,68217.31,106267.74,36079.72,0.0,4,1,1,1,3,0.0,0.0,1,0,151,4,322947.48,0.2,0.0,0,0,341086.57,0,desvirtuado
39,IEM0710317P6,Tecnologia,5,352620.12,70524.02,139493.17,46387.47,0.4,4,1,1,1,2,0.0,0.0,1,0,386,3,234225.5,0.4,0.0,0,0,352620.12,0,desvirtuado
39,PCP120516PR5,Construccion,7,596699.71,85242.82,169711.7,55579.47,0.5714,3,1,1,1,4,0.0,0.0,1,0,1200,6,578669.62,0.1429,0.0,0,0,596699.71,0,favorable
39,RCO060105A49,Tecnologia,4,248016.54,62004.14,119631.46,45181.84,0.5,3,0,0,1,3,0.3333,0.0,1,0,2537,3,128385.08,0.25,0.0,0,0,248016.54,0,favorable
39,LESC920624L92,Limpieza,5,336498.97,67299.79,140009.69,46023.84,0.4,3,0,0,1,3,0.0,0.0,1,0,1056,4,316615.83,0.2,0.0,0,0,336498.97,0,presunto
39,COMC960305JM3,Mantenimiento,6,398829.35,66471.56,108255.27,27520.69,0.5,4,0,0,1,3,0.3333,0.0,1,0,1334,3,217814.54,0.5,0.0,0,0,398829.35,0,presunto
39,EKS0310206GK,Transporte,10,434485.01,43448.5,47504.87,1769.32,0.0,4,1,1,1,10,0.0,0.1,0,0,1713,8,350143.7,0.0,0.0,0,0,434485.01,0,no_listado
39,YGX1102130D4,Mantenimiento,1,9860.0,9860.0,9860.0,0.0,0.0,1,0,0,0,0,0.0,0.0,0,0,1292,1,9860.0,0.0,0.0,0,1,9860.0,0,no_listado
39,MQA190319WIZ,Seguridad,8,556800.0,69600.0,69600.0,0.0,0.0,5,1,1,0,0,0.0,0.0,0,0,1249,8,556800.0,0.0,0.0,0,0,556800.0,0,no_listado
39,MFP081201JDJ,Papeleria,4,56185.73,14046.43,16988.41,2866.39,0.0,2,1,1,0,0,0.0,0.0,0,0,2195,4,56185.73,0.0,0.0,0,0,56185.73,0,no_listado
39,GFZ0808173C1,Consultoria,6,309136.7,51522.78,60971.95,5503.34,0.0,5,1,1,0,0,0.0,0.0,0,0,2210,6,309136.7,0.0,0.0,0,0,309136.7,0,no_listado
39,SEF0612118IM,Construccion,9,545634.06,60626.01,76827.65,10831.01,0.0,5,1,1,1,9,0.0,0.1111,0,0,17,8,488235.2,0.1111,0.0,0,0,545634.06,0,no_listado
39,GPT120511881,Consultoria,5,194845.58,38969.12,46203.76,6443.13,0.0,3,1,1,0,0,0.0,0.0,1,0,2582,4,155002.6,0.2,0.0,0,0,194845.58,0,desvirtuado
39,AGK060227AS0,Limpieza,8,41258.88,5157.36,6793.08,1071.13,0.0,1,0,0,0,0,0.0,0.0,0,0,2425,8,41258.88,0.0,0.0,0,0,41258.88,0,no_listado
39,IPH190213FRU,Mantenimiento,6,44448.81,7408.13,9133.46,1136.32,0.1667,5,1,1,1,6,1.0,0.0,0,0,1593,5,35315.35,0.1667,0.0,0,0,44448.81,0,no_listado
40,GWU200810PZL,Tecnologia,4,235795.53,58948.88,140752.22,50255.41,0.5,4,1,1,1,4,0.25,0.0,0,0,1742,4,235795.53,0.0,0.0,0,0,235795.53,0,no_listado
40,LYG041024U1H,Consultoria,7,644064.1,92009.16,161145.63,45184.68,0.4286,6,1,1,1,7,0.0,0.0,0,0,542,6,538887.49,0.1429,0.0,0,0,644064.1,0,no_listado
40,WRM160519ZJK,Transporte,9,645681.26,71742.36,137306.81,36857.44,0.4444,6,0,0,1,3,0.0,0.0,0,0,1347,7,536293.92,0.2222,0.0,0,0,645681.26,0,no_listado
40,ZSD0306083DZ,Tecnologia,5,146654.06,29330.81,55527.1,14707.66,0.4,3,1,1,1,5,0.0,0.0,0,0,2501,5,146654.06,0.0,0.0,0,0,146654.06,0,no_listado
40,GLO1709183PN,Seguridad,3,332475.91,110825.3,163660.78,65019.11,0.0,2,1,1,1,3,0.0,0.0,0,0,1763,1,163660.78,0.6667,0.0,0,0,332475.91,0,no_listado
40,JVN1605186F5,Papeleria,7,786529.9,112361.41,162022.97,54071.99,0.8571,5,0,0,1,3,0.0,0.0,0,0,303,6,624506.93,0.0,0.0,0,0,786529.9,0,no_listado
40,NFA100915RJG,Construccion,9,597507.51,66389.72,145434.35,49012.38,0.4444,5,1,1,1,9,0.0,0.0,0,0,43,8,521316.08,0.1111,0.0,0,0,597507.51,0,no_listado
40,ZQH26090670O,Construccion,8,752326.96,94040.87,140660.97,40353.31,0.375,4,1,1,1,8,0.0,0.125,0,0,991,6,537603.92,0.25,0.0,0,0,752326.96,0,no_listado
40,LAY130802SBC,Seguridad,6,535389.71,89231.62,160274.5,51323.21,0.5,3,1,1,1,6,0.1667,0.0,0,0,1072,3,159909.46,0.5,0.0,0,0,535389.71,0,no_listado
40,XBF200104C03,Transporte,7,496852.61,70978.94,166476.8,55394.86,0.1429,5,0,0,1,2,0.0,0.0,0,0,1222,7,496852.61,0.0,0.0,0,0,496852.61,0,no_listado
40,RCU170924JWP,Tecnologia,9,549286.72,61031.86,172890.27,51151.21,0.6667,4,1,1,1,9,0.0,0.1111,0,0,1316,9,549286.72,0.0,0.0,0,0,549286.72,0,no_listado
40,VPA210223GM4,Transporte,7,435638.31,62234.04,164173.18,48171.93,0.7143,5,0,0,1,3,0.0,0.0,0,0,1527,4,150903.22,0.4286,0.0,0,0,435638.31,0,no_listado
40,CME140711I37,Consultoria,6,480147.86,80024.64,138294.38,48214.33,0.6667,3,0,0,0,0,0.0,0.0,1,1,125,6,480147.86,0.0,1.0,0,0,480147.86,1,definitivo
40,PAB200415A0P,Construccion,1,1161036.38,1161036.38,1161036.38,0.0,1.0,1,0,0,0,0,0.0,0.0,0,0,1993,1,1161036.38,0.0,0.0,0,0,1161036.38,1,no_listado
40,SDO22042454T,Mantenimiento,10,479510.44,47951.04,49677.38,944.17,0.4,5,1,1,1,10,1.0,1.0,0,0,1942,7,334312.39,0.1,1.0,0,0,479510.44,1,no_listado
40,UGX1912257PO,Mantenimiento,4,448740.62,112185.16,171511.38,51550.46,0.5,3,0,0,1,4,1.0,0.0,0,0,461,4,448740.62,0.0,0.0,0,0,448740.62,1,no_listado
40,EMS050427V82,Mantenimiento,6,526248.24,87708.04,150177.44,44889.45,0.5,4,1,1,1,3,0.0,0.0,1,0,2105,6,526248.24,0.0,0.0,0,0,526248.24,0,desvirtuado
40,MET110225HC9,Limpieza,3,244625.45,81541.82,122349.25,28869.31,1.0,3,0,0,1,2,0.0,0.0,1,0,2376,3,244625.45,0.0,0.0,0,0,244625.45,0,desvirtuado
40,VIE120622A16,Logistica,3,131740.25,43913.42,96350.03,37078.34,0.6667,2,1,1,1,2,0.0,0.0,1,0,578,2,113968.04,0.0,0.0,0,0,131740.25,0,favorable
40,VMJ100408UY4,Papeleria,4,441046.59,110261.65,172120.61,62356.44,0.75,3,0,0,1,2,0.5,0.0,1,0,86,4,441046.59,0.0,0.0,0,0,441046.59,0,favorable
40,RUMD920910IN0,Tecnologia,7,328618.97,46945.57,130027.93,36965.98,0.4286,5,1,1,1,2,0.0,0.0,1,0,274,4,109628.02,0.4286,0.0,0,0,328618.97,0,presunto
40,TDI230513PE5,Consultoria,5,348831.86,69766.37,117887.69,39748.77,0.4,3,1,1,1,1,0.0,0.0,1,0,151,4,230944.17,0.2,0.0,0,0,348831.86,0,presunto
40,HSG1111107JL,Transporte,10,433727.82,43372.78,46526.71,1970.12,0.0,3,1,1,1,10,0.0,0.3,0,0,1707,10,433727.82,0.0,0.0,0,0,433727.82,0,no_listado
40,MPZ0501167SN,Mantenimiento,1,9860.0,9860.0,9860.0,0.0,0.0,1,0,0,0,0,0.0,0.0,0,0,1122,1,9860.0,0.0,0.0,0,0,9860.0,0,no_listado
40,WTE010622F05,Seguridad,8,556800.0,69600.0,69600.0,0.0,0.0,5,1,1,0,0,0.0,0.0,0,0,1249,7,487200.0,0.0,0.0,0,0,556800.0,0,no_listado
40,DJT120506P1C,Papeleria,4,56684.44,14171.11,16721.85,2120.79,0.0,3,1,1,0,0,0.0,0.0,0,0,2146,3,45354.01,0.25,0.0,0,0,56684.44,0,no_listado
40,MSH171203DRL,Consultoria,6,322703.42,53783.9,62153.81,6229.85,0.0,5,1,1,0,0,0.0,0.0,0,0,2189,6,322703.42,0.0,0.0,0,0,322703.42,0,no_listado
40,OBG000325C4T,Construccion,9,535858.8,59539.87,80303.42,13997.55,0.0,5,1,1,1,9,0.0,0.0,0,0,34,9,535858.8,0.0,0.0,0,0,535858.8,0,no_listado
40,ISU130521FH3,Consultoria,5,184744.45,36948.89,46319.94,7409.13,0.0,3,1,1,0,0,0.0,0.0,1,0,2654,5,184744.45,0.0,0.0,0,0,184744.45,0,favorable
40,QQJ2007180M7,Limpieza,8,35684.4,4460.55,5962.26,1156.79,0.0,1,0,0,0,0,0.0,0.0,0,0,2440,8,35684.4,0.0,0.0,0,0,35684.4,0,no_listado
40,AZT060605KS0,Mantenimiento,6,44441.46,7406.91,9925.93,1501.54,0.6667,3,1,1,1,6,1.0,0.0,0,0,1644,4,31644.64,0.1667,0.0,0,0,44441.46,0,no_listado
41,LML050806QKF,Transporte,7,364736.44,52105.21,122652.01,35534.5,0.5714,6,1,1,1,7,0.2857,0.0,0,0,283,3,187395.95,0.5714,0.0,0,0,364736.44,0,no_listado
41,WFH250125R7D,Transporte,6,269330.79,44888.46,100056.0,33325.0,0.1667,4,0,0,1,4,0.0,0.0,0,0,156,6,269330.79,0.0,0.0,0,0,269330.79,0,no_listado
41,ONU070127MDS,Papeleria,6,232435.94,38739.32,138324.14,44544.2,0.5,4,1,1,1,6,0.1667,0.0,0,0,2475,5,212680.41,0.0,0.0,0,0,232435.94,0,no_listado
41,ETZ1911038ZY,Mantenimiento,3,162805.79,54268.6,127213.52,51580.56,0.3333,3,0,0,1,2,0.0,0.0,0,0,1803,3,162805.79,0.0,0.0,0,0,162805.79,0,no_listado
41,IZK250428LIQ,Logistica,4,302289.65,75572.41,144520.35,50965.97,0.75,2,0,0,1,3,0.3333,0.0,0,0,181,3,198668.32,0.25,0.0,0,0,302289.65,0,no_listado
41,HRG080807SFW,Mantenimiento,3,167269.92,55756.64,88116.31,29125.78,0.3333,3,1,1,1,3,0.0,0.0,0,0,853,3,167269.92,0.0,0.0,0,0,167269.92,0,no_listado
41,JJI070607A67,Publicidad,4,435109.08,108777.27,171589.31,57778.94,0.25,3,0,0,1,2,0.0,0.0,0,0,821,4,435109.08,0.0,0.0,0,0,435109.08,0,no_listado
41,OJI120114TMW,Limpieza,7,428552.66,61221.81,127751.82,44722.31,0.7143,5,1,1,1,7,0.0,0.0,0,0,126,6,409972.23,0.0,0.0,0,0,428552.66,0,no_listado
41,GEJ010122W7C,Seguridad,6,380943.18,63490.53,119433.52,42677.28,0.6667,4,0,0,1,3,0.0,0.0,0,0,702,6,380943.18,0.0,0.0,0,0,380943.18,0,no_listado
41,PVM010921GFI,Logistica,8,418272.66,52284.08,168515.52,46982.29,0.25,5,1,1,1,8,0.125,0.0,0,0,1797,6,359695.78,0.25,0.0,0,0,418272.66,0,no_listado
41,DOO1104102AE,Publicidad,8,705171.29,88146.41,173606.53,55006.73,0.625,5,1,1,1,8,0.125,0.0,0,0,209,8,705171.29,0.0,0.0,0,0,705171.29,0,no_listado
41,IEV200415GQS,Seguridad,8,517571.14,64696.39,165171.3,51017.21,0.75,6,1,1,1,8,0.0,0.0,0,0,1700,7,479754.95,0.125,0.0,0,0,517571.14,0,no_listado
41,LSS120523E96,Consultoria,8,593813.36,74226.67,169811.0,58111.29,0.25,4,0,0,0,0,0.0,0.0,1,1,189,8,593813.36,0.0,1.0,0,0,593813.36,1,definitivo
41,MMY100915BQK,Consultoria,1,1166359.17,1166359.17,1166359.17,0.0,0.0,1,0,0,0,0,0.0,0.0,0,0,1817,1,1166359.17,0.0,0.0,0,0,1166359.17,1,no_listado
41,WXO0109289K9,Mantenimiento,10,484340.91,48434.09,49337.69,669.85,0.5,6,1,1,1,10,1.0,1.0,0,0,1176,10,484340.91,0.0,1.0,0,0,484340.91,1,no_listado
41,SUD141021FA2,Limpieza,4,326575.15,81643.79,142152.54,50065.68,1.0,4,0,0,1,4,1.0,0.25,0,0,1137,4,326575.15,0.0,0.0,0,0,326575.15,1,no_listado
41,CTM100420G50,Tecnologia,5,350139.86,70027.97,168047.98,51864.82,0.2,3,1,1,1,3,0.0,0.3333,1,0,1072,4,303153.5,0.2,0.0,0,0,350139.86,0,desvirtuado
41,SOL1504093D5,Mantenimiento,5,267147.03,53429.41,119074.72,38065.45,0.4,5,0,0,1,1,0.0,0.0,1,0,871,5,267147.03,0.0,0.0,0,0,267147.03,0,desvirtuado
41,CDL140611GQ0,Mantenimiento,6,410518.45,68419.74,127988.19,47789.05,0.3333,5,0,0,1,2,0.0,0.0,1,0,598,6,410518.45,0.0,0.0,0,0,410518.45,0,favorable
41,ROCC790622V41,Construccion,7,619038.09,88434.01,168667.91,58666.81,0.5714,4,0,0,1,2,0.0,0.0,1,0,152,7,619038.09,0.0,0.0,0,0,619038.09,0,favorable
41,VAEB0208261S9,Publicidad,5,418677.79,83735.56,173421.16,58413.81,0.8,2,0,0,1,4,0.0,0.0,1,0,1001,3,138296.09,0.4,0.0,0,0,418677.79,0,presunto
41,DDC210218S21,Tecnologia,6,571344.2,95224.03,150729.21,48767.64,0.3333,5,0,0,1,4,0.0,0.0,1,0,289,5,461153.9,0.1667,0.0,0,0,571344.2,0,presunto
41,ZBM240123OB7,Transporte,10,433018.83,43301.88,47451.92,2055.87,0.0,6,1,1,1,10,0.0,0.2,0,0,1756,8,349178.97,0.0,0.0,0,0,433018.83,0,no_listado
41,DEL240601VI8,Mantenimiento,1,9860.0,9860.0,9860.0,0.0,0.0,1,0,0,0,0,0.0,0.0,0,0,1274,1,9860.0,0.0,0.0,0,0,9860.0,0,no_listado
41,JTQ120726VWL,Seguridad,8,556800.0,69600.0,69600.0,0.0,0.0,4,1,1,0,0,0.0,0.0,0,0,1249,6,417600.0,0.0,0.0,0,0,556800.0,0,no_listado
41,GIN030502FXK,Papeleria,4,55540.02,13885.01,17194.59,1930.0,0.0,3,1,1,0,0,0.0,0.0,0,0,2156,4,55540.02,0.0,0.0,0,0,55540.02,0,no_listado
41,AHD110713JNV,Consultoria,6,287889.26,47981.54,61242.61,7486.51,0.0,4,1,1,0,0,0.0,0.0,0,0,2203,6,287889.26,0.0,0.0,0,0,287889.26,0,no_listado
41,AFX120810BQY,Construccion,9,605484.27,67276.03,81000.42,8207.86,0.0,4,1,1,1,9,0.0,0.0,0,0,91,8,536042.88,0.1111,0.0,0,0,605484.27,0,no_listado
41,TSC151014J48,Consultoria,5,171611.65,34322.33,44851.95,8523.1,0.0,4,1,1,0,0,0.0,0.0,1,0,2614,5,171611.65,0.0,0.0,0,0,171611.65,0,favorable
41,JPP180405Y3F,Limpieza,8,40047.8,5005.98,6595.32,1182.84,0.0,1,0,0,0,0,0.0,0.0,0,0,2446,8,40047.8,0.0,0.0,0,0,40047.8,0,no_listado
41,BJO181002QS2,Mantenimiento,6,38919.07,6486.51,9804.98,1823.34,0.3333,5,1,1,1,6,1.0,0.0,0,0,1598,5,33687.81,0.1667,0.0,0,0,38919.07,0,no_listado
42,DBU170103PK0,Construccion,3,378775.15,126258.38,148311.12,28743.36,0.3333,3,1,1,1,3,0.0,0.0,0,0,1726,2,233970.71,0.3333,0.0,0,0,378775.15,0,no_listado
42,QQF010903LEE,Tecnologia,6,557521.46,92920.24,152706.62,45877.62,0.8333,3,1,1,1,6,0.0,0.1667,0,0,1603,4,387645.55,0.3333,0.0,0,0,557521.46,0,no_listado
42,CAO191004E8N,Logistica,9,690548.34,76727.59,154251.86,55059.59,0.4444,4,1,1,1,9,0.1111,0.1111,0,0,2033,7,598690.01,0.2222,0.0,0,0,690548.34,0,no_listado
42,WKG211128Q65,Transporte,6,412721.75,68786.96,110613.46,28397.33,0.6667,5,1,1,1,6,0.0,0.1667,0,0,2350,5,351514.44,0.1667,0.0,0,0,412721.75,0,no_listado
42,BJL250112NPG,Tecnologia,4,380404.82,95101.21,150086.95,44000.48,0.5,3,0,0,1,4,0.0,0.0,0,0,906,2,260280.35,0.5,0.0,0,0,380404.82,0,no_listado
42,HHA210413VRE,Mantenimiento,8,647297.68,80912.21,169585.49,48277.04,0.625,5,1,1,1,8,0.25,0.0,0,0,1433,7,628980.46,0.125,0.0,0,0,647297.68,0,no_listado
42,IBW1301178MX,Consultoria,6,615124.32,102520.72,158056.32,48041.07,0.1667,6,1,1,1,6,0.1667,0.0,0,0,1221,6,615124.32,0.0,0.0,0,0,615124.32,0,no_listado
42,ZST20061522N,Papeleria,6,593804.14,98967.36,171479.64,51613.03,0.5,4,1,1,1,6,0.0,0.0,0,0,1870,6,593804.14,0.0,0.0,0,0,593804.14,0,no_listado
42,UWA2402251OL,Tecnologia,8,561863.07,70232.88,148179.77,55558.7,0.5,5,0,0,1,6,0.0,0.0,0,0,438,7,544090.86,0.0,0.0,0,0,561863.07,0,no_listado
42,UIY240916PR2,Papeleria,3,268371.85,89457.28,99377.69,11509.93,0.3333,3,1,1,1,3,0.6667,0.0,0,0,225,2,168994.16,0.3333,0.0,0,0,268371.85,0,no_listado
42,WAY180716AWT,Papeleria,4,340651.42,85162.85,133801.99,41807.77,1.0,2,1,1,1,4,0.25,0.0,0,0,919,4,340651.42,0.0,0.0,0,0,340651.42,0,no_listado
42,BIM100415UVY,Transporte,3,319640.4,106546.8,139753.46,27415.73,0.6667,2,0,0,0,0,0.0,0.0,0,0,942,3,319640.4,0.0,0.0,0,0,319640.4,0,no_listado
42,PMC151211248,Consultoria,7,474723.78,67817.68,173606.53,59760.35,0.2857,5,0,0,0,0,0.0,0.0,1,1,139,7,474723.78,0.0,1.0,0,0,474723.78,1,definitivo
42,VQH130509D9L,Consultoria,1,1723251.8,1723251.8,1723251.8,0.0,0.0,1,0,0,0,0,0.0,0.0,0,0,376,1,1723251.8,0.0,0.0,0,0,1723251.8,1,no_listado
42,RUB160127EDA,Consultoria,12,585605.29,48800.44,49782.85,749.03,0.5,5,0,0,1,12,1.0,1.0,0,0,129,9,440831.74,0.0,1.0,0,0,585605.29,1,no_listado
42,NDA020618FUY,Tecnologia,5,594765.78,118953.16,168951.7,54538.49,0.4,5,0,0,1,5,1.0,0.0,0,0,521,5,594765.78,0.0,0.0,0,0,594765.78,1,no_listado
42,JAJ000823DE9,Tecnologia,5,417647.52,83529.5,140143.34,45972.36,0.4,3,0,0,1,3,0.0,0.0,1,0,147,3,233331.99,0.4,0.0,0,0,417647.52,0,desvirtuado
42,ETS921119SA2,Logistica,3,144201.1,48067.03,106902.53,41606.63,0.0,1,0,0,1,2,0.0,0.0,1,0,100,2,37298.57,0.3333,0.0,0,0,144201.1,0,desvirtuado
42,MCO0806126R6,Transporte,7,591375.66,84482.24,154940.43,50565.85,0.4286,4,1,1,1,3,0.0,0.0,1,0,1688,6,521430.93,0.1429,0.0,0,0,591375.66,0,favorable
42,CAS141022DQ4,Seguridad,7,638407.26,91201.04,163145.27,60434.55,0.5714,3,0,0,1,6,0.0,0.0,1,0,1161,6,475261.99,0.1429,0.0,0,0,638407.26,0,favorable
42,PSA190708TR5,Tecnologia,4,86114.55,21528.64,30838.54,5417.97,0.5,4,0,0,1,1,0.0,0.0,1,0,1246,4,86114.55,0.0,0.0,0,0,86114.55,0,presunto
42,HEMH551230RE2,Tecnologia,7,663984.32,94854.9,153765.33,37964.24,0.1429,6,1,1,1,4,0.0,0.25,1,0,960,3,214237.35,0.5714,0.0,0,0,663984.32,0,presunto
42,BGJ140710S3K,Transporte,10,446517.74,44651.77,48403.04,2669.37,0.0,5,1,1,1,10,0.0,0.6,0,0,1720,8,359597.03,0.0,0.0,0,0,446517.74,0,no_listado
42,PXW1912101UQ,Mantenimiento,1,9860.0,9860.0,9860.0,0.0,0.0,1,0,0,0,0,0.0,0.0,0,0,1158,1,9860.0,0.0,0.0,0,0,9860.0,0,no_listado
42,JIZ02051069U,Seguridad,8,556800.0,69600.0,69600.0,0.0,0.0,6,1,1,0,0,0.0,0.0,0,0,1249,7,487200.0,0.0,0.0,0,0,556800.0,0,no_listado
42,DAJ011128FV3,Papeleria,4,56653.19,14163.3,16650.01,2172.2,0.0,2,1,1,0,0,0.0,0.0,0,0,2241,3,45536.24,0.25,0.0,0,0,56653.19,0,no_listado
42,ETI110706VU3,Consultoria,6,316912.25,52818.71,59670.93,4168.86,0.0,3,1,1,0,0,0.0,0.0,0,0,2199,6,316912.25,0.0,0.0,0,0,316912.25,0,no_listado
42,JNW110219A6Z,Construccion,9,514001.2,57111.24,80442.22,15713.61,0.0,4,1,1,1,9,0.0,0.0,0,0,130,8,448461.78,0.1111,0.0,0,0,514001.2,0,no_listado
42,OEC1308301Z6,Consultoria,5,174585.6,34917.12,41941.9,4548.55,0.0,4,1,1,0,0,0.0,0.0,1,0,2594,4,141299.76,0.2,0.0,0,0,174585.6,0,desvirtuado
42,VBD1711121RV,Limpieza,8,33603.25,4200.41,6937.95,1638.09,0.0,1,0,0,0,0,0.0,0.0,0,0,2421,8,33603.25,0.0,0.0,0,0,33603.25,0,no_listado
42,GTM051116GJ8,Mantenimiento,6,53792.5,8965.42,9886.78,882.79,0.5,4,1,1,1,6,1.0,0.0,0,0,1589,6,53792.5,0.0,0.0,0,0,53792.5,0,no_listado
43,SJQ200106TIJ,Consultoria,5,398245.98,79649.2,163052.52,48001.87,0.6,4,1,1,1,5,0.4,0.0,0,0,1845,5,398245.98,0.0,0.0,0,0,398245.98,0,no_listado
43,ORP171104A54,Construccion,5,500171.05,100034.21,154137.06,54426.2,0.4,4,1,1,1,5,0.2,0.0,0,0,1382,5,500171.05,0.0,0.0,0,0,500171.05,0,no_listado
43,NOB001123FOG,Papeleria,3,55002.18,18334.06,19742.24,997.15,1.0,3,0,0,1,2,0.0,0.0,0,0,1757,2,37307.08,0.0,0.0,0,0,55002.18,0,no_listado
43,WNV100812N21,Consultoria,6,423401.85,70566.97,134309.36,39551.16,0.6667,3,1,1,1,6,0.1667,0.0,0,0,573,5,390657.35,0.1667,0.0,0,0,423401.85,0,no_listado
43,MCE000920EH1,Consultoria,8,467269.87,58408.73,161800.7,46783.49,0.375,3,1,1,1,8,0.0,0.0,0,0,338,8,467269.87,0.0,0.0,0,0,467269.87,0,no_listado
43,RJA110810CHZ,Papeleria,7,350363.89,50051.98,83960.92,27569.76,0.1429,4,1,1,1,7,0.1429,0.0,0,0,1454,6,291135.54,0.1429,0.0,0,0,350363.89,0,no_listado
43,TXI0808210GU,Papeleria,6,476734.07,79455.68,128923.44,30780.16,0.6667,4,1,1,1,6,0.0,0.0,0,0,2200,6,476734.07,0.0,0.0,0,0,476734.07,0,no_listado
43,UHR100520A6L,Seguridad,5,349772.64,69954.53,172751.65,56533.0,0.6,5,0,0,1,3,0.0,0.0,0,0,96,5,349772.64,0.0,0.0,0,0,349772.64,0,no_listado
43,TEQ261112EX2,Consultoria,4,288891.53,72222.88,173838.6,63364.3,0.5,3,1,1,1,4,0.25,0.0,0,0,2360,2,251248.71,0.5,0.0,0,0,288891.53,0,no_listado
43,FUK0212182AY,Papeleria,6,529684.74,88280.79,131154.01,47754.95,0.5,5,1,1,1,6,0.1667,0.0,0,0,1425,6,529684.74,0.0,0.0,0,0,529684.74,0,no_listado
43,KGJ000719CUD,Construccion,3,158398.0,52799.33,121888.52,48858.05,0.6667,3,0,0,1,2,0.0,0.0,0,0,210,3,158398.0,0.0,0.0,0,0,158398.0,0,no_listado
43,CNJ07062004F,Logistica,4,357322.34,89330.58,144827.52,49808.51,0.5,3,1,1,1,4,0.0,0.0,0,0,2381,4,357322.34,0.0,0.0,0,0,357322.34,0,no_listado
43,GCM101202V76,Consultoria,6,593696.35,98949.39,173386.3,54419.39,0.8333,5,0,0,0,0,0.0,0.0,1,1,2545,5,520902.31,0.1667,1.0,0,0,593696.35,1,definitivo
43,WZQ060408BNE,Seguridad,1,1735675.39,1735675.39,1735675.39,0.0,1.0,1,1,1,0,0,0.0,0.0,0,0,441,1,1735675.39,0.0,0.0,0,0,1735675.39,1,no_listado
43,GGX080327XM1,Logistica,12,576677.0,48056.42,49639.86,916.18,0.5833,4,0,0,1,12,1.0,1.0,0,0,264,12,576677.0,0.0,1.0,0,0,576677.0,1,no_listado
43,ZUG0810247OV,Consultoria,4,339459.19,84864.8,124800.51,34318.6,0.25,2,0,0,1,4,1.0,0.0,0,0,254,4,339459.19,0.0,0.0,0,0,339459.19,1,no_listado
43,BCJ110923GL4,Construccion,5,285364.07,57072.81,108877.39,36861.55,0.6,4,0,0,1,5,0.0,0.2,1,0,115,5,285364.07,0.0,0.0,0,0,285364.07,0,desvirtuado
43,CSM031008RA0,Seguridad,6,451320.4,75220.07,143591.6,57391.63,0.1667,5,1,1,1,2,0.0,0.0,1,0,790,6,451320.4,0.0,0.0,0,0,451320.4,0,desvirtuado
43,ASV1703032Y8,Consultoria,5,324659.44,64931.89,159459.99,51505.62,0.4,4,0,0,1,2,0.0,0.0,1,0,1053,3,106028.84,0.4,0.0,0,0,324659.44,0,favorable
43,SSS1306178I6,Logistica,5,273171.88,54634.38,69096.71,18532.96,0.8,3,1,1,1,3,0.0,0.0,1,0,575,4,204075.17,0.2,0.0,0,0,273171.88,0,favorable
43,EVW231027SD9,Logistica,3,277074.37,92358.12,138087.05,51891.3,0.6667,3,0,0,1,3,0.0,0.0,1,0,1673,3,277074.37,0.0,0.0,0,0,277074.37,0,presunto
43,CAV170522EJ6,Construccion,7,544824.64,77832.09,173606.53,59259.92,0.2857,5,1,1,1,4,0.0,0.0,1,0,2059,4,205107.65,0.2857,0.0,0,0,544824.64,0,presunto
43,LIF261205GI6,Transporte,10,450458.99,45045.9,48241.86,2356.88,0.0,4,1,1,1,10,0.0,0.6,0,0,1723,10,450458.99,0.0,0.0,0,0,450458.99,0,no_listado
43,UPJ210621WAU,Mantenimiento,1,9860.0,9860.0,9860.0,0.0,0.0,1,0,0,0,0,0.0,0.0,0,0,1239,1,9860.0,0.0,0.0,0,0,9860.0,0,no_listado
43,JYX170419NML,Seguridad,8,556800.0,69600.0,69600.0,0.0,0.0,5,1,1,0,0,0.0,0.0,0,0,1249,4,278400.0,0.0,0.0,0,0,556800.0,0,no_listado
43,UDT2204158FP,Papeleria,4,57514.13,14378.53,15515.58,1170.76,0.0,3,1,1,0,0,0.0,0.0,0,0,2188,3,43369.83,0.25,0.0,0,0,57514.13,0,no_listado
43,CSC1903134AB,Consultoria,6,304276.77,50712.79,60852.53,5356.32,0.0,5,1,1,0,0,0.0,0.0,0,0,2286,6,304276.77,0.0,0.0,0,0,304276.77,0,no_listado
43,FLP090908ML5,Construccion,9,512554.16,56950.46,80276.71,15836.12,0.0,6,1,1,1,9,0.0,0.2222,0,0,106,8,445907.2,0.1111,0.0,0,0,512554.16,0,no_listado
43,BBO121214UH1,Consultoria,5,146257.87,29251.57,36854.82,5414.07,0.0,4,1,1,0,0,0.0,0.0,1,0,2609,3,95701.39,0.4,0.0,0,0,146257.87,0,favorable
43,TSE200127B7O,Limpieza,8,31962.72,3995.34,6551.68,1167.15,0.0,1,0,0,0,0,0.0,0.0,0,0,2416,8,31962.72,0.0,0.0,0,0,31962.72,0,no_listado
43,CXA111024PBS,Mantenimiento,6,44797.82,7466.3,10435.6,1901.61,0.8333,4,1,1,1,6,1.0,0.0,0,0,1586,6,44797.82,0.0,0.0,0,0,44797.82,0,no_listado
44,HPU240312CXO,Logistica,5,478098.18,95619.64,140009.69,47806.95,0.6,3,0,0,1,3,0.0,0.0,0,0,1334,3,342520.42,0.4,0.0,0,0,478098.18,0,no_listado
44,YSK261101WKD,Limpieza,8,669705.84,83713.23,158863.17,52385.24,0.25,4,1,1,1,8,0.0,0.0,0,0,687,8,669705.84,0.0,0.0,0,0,669705.84,0,no_listado
44,OHW170801CAZ,Publicidad,9,567856.46,63095.16,173850.14,63978.09,0.3333,4,1,1,1,9,0.0,0.0,0,0,115,8,405306.55,0.1111,0.0,0,0,567856.46,0,no_listado
44,IHZ250911F6Y,Limpieza,6,440880.92,73480.15,146996.51,47902.63,0.1667,4,0,0,1,4,0.0,0.0,0,0,2465,5,368236.47,0.1667,0.0,0,0,440880.92,0,no_listado
44,RIS110327C45,Consultoria,5,438063.12,87612.62,172741.91,65686.04,0.8,3,1,1,1,5,0.0,0.0,0,0,2171,3,246086.77,0.4,0.0,0,0,438063.12,0,no_listado
44,PRY190420O8M,Limpieza,5,302798.6,60559.72,150784.76,48205.19,0.2,3,1,1,1,5,0.0,0.0,0,0,1464,5,302798.6,0.0,0.0,0,0,302798.6,0,no_listado
44,AFI1512210CQ,Consultoria,3,225825.74,75275.25,106335.76,40074.16,0.3333,3,1,1,1,3,0.6667,0.0,0,0,2568,3,225825.74,0.0,0.0,0,0,225825.74,0,no_listado
44,DUO1208256PM,Logistica,5,317068.07,63413.61,174000.0,61134.45,0.4,3,0,0,1,4,0.0,0.0,0,0,1093,2,191782.83,0.6,0.0,0,0,317068.07,0,no_listado
44,VDV090217DJF,Construccion,8,791816.62,98977.08,147575.75,45235.74,0.625,4,1,1,1,8,0.0,0.125,0,0,249,7,658858.13,0.125,0.0,0,0,791816.62,0,no_listado
44,XXG110605F5C,Seguridad,5,183763.64,36752.73,107269.87,35263.83,0.2,3,0,0,1,3,0.0,0.0,0,0,241,5,183763.64,0.0,0.0,0,0,183763.64,0,no_listado
44,VAV26071001C,Logistica,9,563510.34,62612.26,130975.24,40495.75,0.5556,4,1,1,1,9,0.0,0.1111,0,0,2211,8,545371.25,0.0,0.0,0,0,563510.34,0,no_listado
44,CFD231109TFO,Tecnologia,7,411839.04,58834.15,134692.47,37061.0,0.5714,4,0,0,1,4,0.5,0.5,0,0,304,5,257795.15,0.2857,0.0,0,0,411839.04,0,no_listado
44,CNE130624963,Consultoria,7,692680.21,98954.32,155857.45,49509.13,0.4286,5,0,0,0,0,0.0,0.0,1,1,226,7,692680.21,0.0,1.0,0,0,692680.21,1,definitivo
44,VBM0601023XI,Consultoria,1,1724648.66,1724648.66,1724648.66,0.0,0.0,1,1,1,0,0,0.0,0.0,0,0,2041,1,1724648.66,0.0,0.0,0,0,1724648.66,1,no_listado
44,BKD2211157NO,Seguridad,11,533080.11,48461.83,49546.94,725.26,0.6364,5,0,0,1,11,1.0,1.0,0,0,2196,8,389156.26,0.0,1.0,0,0,533080.11,1,no_listado
44,AWG011019C8Q,Publicidad,6,432185.16,72030.86,159036.01,49100.07,0.6667,4,1,1,1,6,1.0,0.0,0,0,2320,5,325502.69,0.1667,0.0,0,0,432185.16,1,no_listado
44,CEM140221DH5,Logistica,3,145253.34,48417.78,108810.32,42709.14,1.0,2,0,0,1,2,0.0,0.0,1,0,2132,3,145253.34,0.0,0.0,0,0,145253.34,0,desvirtuado
44,OCB110707GK1,Consultoria,5,199106.91,39821.38,82735.29,23621.65,0.4,4,1,1,1,4,0.25,0.0,1,0,1768,5,199106.91,0.0,0.0,0,0,199106.91,0,desvirtuado
44,AES110307P10,Papeleria,5,307572.39,61514.48,112437.76,33610.37,0.6,2,1,1,1,4,0.0,0.25,1,0,2006,5,307572.39,0.0,0.0,0,0,307572.39,0,favorable
44,LEN090121TL1,Consultoria,5,408312.9,81662.58,133138.04,40897.32,0.4,2,0,0,1,2,0.0,0.0,1,0,1171,4,290680.08,0.2,0.0,0,0,408312.9,0,favorable
44,GABA980805IR8,Papeleria,3,221927.44,73975.81,114212.45,40983.41,0.6667,3,1,1,0,0,0.0,0.0,1,0,83,0,0.0,1.0,0.0,0,0,221927.44,0,presunto
44,NOL161020KX8,Logistica,5,443813.07,88762.61,157300.79,53491.41,0.4,4,0,0,1,2,0.0,0.0,1,0,1855,4,380010.68,0.2,0.0,0,0,443813.07,0,presunto
44,CUS070423F34,Transporte,10,459541.84,45954.18,48675.19,1529.5,0.0,5,1,1,1,10,0.0,0.8,0,0,1718,10,459541.84,0.0,0.0,0,0,459541.84,0,no_listado
44,TRZ251221CXA,Mantenimiento,1,9860.0,9860.0,9860.0,0.0,0.0,1,0,0,0,0,0.0,0.0,0,0,1222,1,9860.0,0.0,0.0,0,0,9860.0,0,no_listado
44,ECU120426TTG,Seguridad,8,556800.0,69600.0,69600.0,0.0,0.0,4,1,1,0,0,0.0,0.0,0,0,1249,8,556800.0,0.0,0.0,0,0,556800.0,0,no_listado
44,VKU010118SML,Papeleria,4,54886.19,13721.55,15064.47,1048.32,0.0,3,1,1,0,0,0.0,0.0,0,0,2164,3,42357.33,0.25,0.0,0,0,54886.19,0,no_listado
44,XYI050619X2E,Consultoria,6,328927.52,54821.25,63058.21,7356.57,0.0,5,1,1,0,0,0.0,0.0,0,0,2185,5,274180.61,0.1667,0.0,0,0,328927.52,0,no_listado
44,VIG0909088P9,Construccion,9,503051.39,55894.6,77330.3,15024.42,0.0,6,1,1,1,9,0.0,0.0,0,0,33,8,430109.16,0.1111,0.0,0,0,503051.39,0,no_listado
44,AGC140411FX5,Consultoria,5,186269.38,37253.88,42616.87,3795.94,0.0,4,1,1,0,0,0.0,0.0,1,0,2566,5,186269.38,0.0,0.0,0,0,186269.38,0,desvirtuado
44,YMM07040367T,Limpieza,8,41501.75,5187.72,6133.01,609.11,0.0,1,0,0,0,0,0.0,0.0,0,0,2411,8,41501.75,0.0,0.0,0,0,41501.75,0,no_listado
44,PLM220318KLV,Mantenimiento,6,48888.19,8148.03,10112.16,1153.09,0.8333,5,1,1,1,6,1.0,0.0,0,0,1625,5,39529.94,0.1667,0.0,0,0,48888.19,0,no_listado
45,SQN110417VJ0,Consultoria,7,619729.37,88532.77,166297.53,49463.82,0.5714,5,1,1,1,7,0.1429,0.0,0,0,53,7,619729.37,0.0,0.0,0,0,619729.37,0,no_listado
45,GFR090110478,Papeleria,4,171324.66,42831.17,96443.08,31837.91,0.5,3,0,0,1,2,0.0,0.0,0,0,1982,2,56822.25,0.5,0.0,0,0,171324.66,0,no_listado
45,YWX120316GRH,Tecnologia,6,348447.0,58074.5,120395.82,37062.6,0.8333,5,1,1,1,6,0.0,0.1667,0,0,2212,6,348447.0,0.0,0.0,0,0,348447.0,0,no_listado
45,BJG26071558H,Tecnologia,8,795573.05,99446.63,159574.39,52350.75,0.625,4,1,1,1,8,0.125,0.0,0,0,1873,6,656917.23,0.25,0.0,0,0,795573.05,0,no_listado
45,ZYL101115QPL,Mantenimiento,3,303247.71,101082.57,163033.41,57421.86,0.6667,3,0,0,1,3,0.0,0.0,0,0,1679,2,187671.06,0.3333,0.0,0,0,303247.71,0,no_listado
45,PGW221015OT8,Limpieza,3,100868.49,33622.83,65244.32,22359.79,0.3333,3,0,0,1,2,0.5,0.0,0,0,1675,3,100868.49,0.0,0.0,0,0,100868.49,0,no_listado
45,RXP200116PU7,Publicidad,6,393291.06,65548.51,141886.68,41367.26,0.5,3,0,0,1,4,0.0,0.25,0,0,561,6,393291.06,0.0,0.0,0,0,393291.06,0,no_listado
45,JRQ210809NJW,Publicidad,3,180868.01,60289.34,120763.38,43929.34,0.0,3,1,1,1,3,0.0,0.0,0,0,1715,3,180868.01,0.0,0.0,0,0,180868.01,0,no_listado
45,MLE2203139EL,Limpieza,3,314900.01,104966.67,153901.18,45541.01,0.6667,2,1,1,1,3,0.0,0.0,0,0,1066,3,314900.01,0.0,0.0,0,0,314900.01,0,no_listado
45,FQQ240910O8U,Consultoria,8,583513.22,72939.15,151708.23,51862.78,0.25,5,0,0,1,5,0.4,0.0,0,0,1842,8,583513.22,0.0,0.0,0,0,583513.22,0,no_listado
45,GKB191104O2D,Publicidad,8,767597.27,95949.66,129534.78,24574.16,0.5,4,1,1,1,8,0.0,0.0,0,0,219,7,664558.18,0.125,0.0,0,0,767597.27,0,no_listado
45,UQM151106R58,Consultoria,7,471421.62,67345.95,150729.21,44725.63,0.7143,4,0,0,1,3,0.0,0.0,0,0,159,5,415930.07,0.2857,0.0,0,0,471421.62,0,no_listado
45,TUN121129LQ4,Consultoria,8,432792.75,54099.09,112684.52,28157.59,0.625,5,0,0,0,0,0.0,0.0,1,1,220,7,320108.23,0.125,1.0,0,0,432792.75,1,definitivo
45,OZV090724U6P,Tecnologia,1,1622748.88,1622748.88,1622748.88,0.0,0.0,1,1,1,0,0,0.0,0.0,0,0,1243,1,1622748.88,0.0,0.0,0,0,1622748.88,1,no_listado
45,GIV14010291I,Consultoria,10,482561.96,48256.2,49654.87,941.62,0.7,4,0,0,1,10,1.0,1.0,0,0,1527,9,433144.22,0.0,1.0,0,0,482561.96,1,no_listado
45,EJB060324OPP,Limpieza,6,370206.68,61701.11,137325.92,42224.51,0.5,4,0,0,1,6,1.0,0.0,0,0,478,6,370206.68,0.0,0.0,0,0,370206.68,1,no_listado
45,TMM150309UF0,Transporte,5,399047.87,79809.57,120561.98,39361.73,0.4,3,1,1,1,3,0.0,0.0,1,0,598,5,399047.87,0.0,0.0,0,0,399047.87,0,desvirtuado
45,EEMA780109LL2,Logistica,5,295184.11,59036.82,105598.45,32652.57,0.2,4,1,1,1,3,0.0,0.0,1,0,1119,5,295184.11,0.0,0.0,0,0,295184.11,0,desvirtuado
45,VMJ100408UY4,Construccion,7,601375.06,85910.72,172425.27,60809.69,0.4286,4,1,1,1,2,0.0,0.0,1,0,715,7,601375.06,0.0,0.0,0,0,601375.06,0,favorable
45,CAC121212R64,Publicidad,6,428133.24,71355.54,169498.56,66163.49,0.3333,3,1,1,1,4,0.25,0.25,1,0,1229,4,252850.49,0.3333,0.0,0,0,428133.24,0,favorable
45,ZALX9610256Q0,Limpieza,4,198713.49,49678.37,86150.03,24482.7,0.75,4,1,1,1,2,0.0,0.0,1,0,2578,3,112563.46,0.25,0.0,0,0,198713.49,0,presunto
45,GCA190627F22,Publicidad,6,425370.16,70895.03,149612.46,45740.15,0.6667,5,0,0,1,2,0.0,0.0,1,0,1248,6,425370.16,0.0,0.0,0,0,425370.16,0,presunto
45,GBD020901U7Y,Transporte,10,458639.42,45863.94,48385.82,2572.21,0.0,6,1,1,1,10,0.0,0.7,0,0,1708,8,365054.21,0.1,0.0,0,0,458639.42,0,no_listado
45,FWU120402RQ6,Mantenimiento,1,9860.0,9860.0,9860.0,0.0,0.0,1,0,0,0,0,0.0,0.0,0,0,1256,1,9860.0,0.0,0.0,0,0,9860.0,0,no_listado
45,UQU0710288XJ,Seguridad,8,556800.0,69600.0,69600.0,0.0,0.0,5,1,1,0,0,0.0,0.0,0,0,1249,7,487200.0,0.0,0.0,0,0,556800.0,0,no_listado
45,SIH080826I9Y,Papeleria,4,51890.1,12972.52,15698.99,2040.23,0.0,4,1,1,0,0,0.0,0.0,0,0,2212,4,51890.1,0.0,0.0,0,0,51890.1,0,no_listado
45,HBS130809RG0,Consultoria,6,341118.38,56853.06,61348.34,3188.34,0.0,3,1,1,0,0,0.0,0.0,0,0,2219,5,282460.36,0.0,0.0,0,0,341118.38,0,no_listado
45,TCH180818VEL,Construccion,9,500418.46,55602.05,79330.86,14736.51,0.0,4,1,1,1,9,0.0,0.1111,0,0,86,8,452586.34,0.1111,0.0,0,0,500418.46,0,no_listado
45,TRH140716FD5,Consultoria,5,178112.61,35622.52,45164.69,7498.38,0.0,5,1,1,0,0,0.0,0.0,1,0,2558,5,178112.61,0.0,0.0,0,0,178112.61,0,favorable
45,OXG101119FKV,Limpieza,8,38230.08,4778.76,6465.64,1278.06,0.0,1,0,0,0,0,0.0,0.0,0,0,2520,8,38230.08,0.0,0.0,0,0,38230.08,0,no_listado
45,NOH020104JJO,Mantenimiento,6,45030.19,7505.03,9205.88,1146.63,0.5,3,1,1,1,6,1.0,0.0,0,0,1598,6,45030.19,0.0,0.0,0,0,45030.19,0,no_listado
46,FFG240604APV,Papeleria,7,472862.33,67551.76,139827.49,48591.22,0.7143,5,1,1,1,7,0.1429,0.1429,0,0,1788,6,425172.8,0.1429,0.0,0,0,472862.33,0,no_listado
46,XJC011205VRY,Logistica,5,297595.41,59519.08,160786.72,52821.97,0.4,4,1,1,1,5,0.0,0.0,0,0,115,3,117015.95,0.4,0.0,0,0,297595.41,0,no_listado
46,ZBF090502CX1,Logistica,9,945469.44,105052.16,158322.18,38178.35,0.3333,5,1,1,1,9,0.2222,0.0,0,0,111,8,788746.65,0.1111,0.0,0,0,945469.44,0,no_listado
46,NXT050311JWW,Limpieza,6,736867.56,122811.26,166920.37,45155.46,0.5,5,1,1,1,6,0.1667,0.0,0,0,655,6,736867.56,0.0,0.0,0,0,736867.56,0,no_listado
46,DSN240804IO1,Construccion,4,350947.11,87736.78,116855.24,22953.85,0.5,3,1,1,1,4,0.0,0.0,0,0,514,3,234091.87,0.25,0.0,0,0,350947.11,0,no_listado
46,NIG221111UGO,Limpieza,3,112090.48,37363.49,74360.69,26164.79,1.0,3,1,1,1,3,0.0,0.0,0,0,616,2,92677.91,0.3333,0.0,0,0,112090.48,0,no_listado
46,FZP130503T5L,Seguridad,5,457985.85,91597.17,157873.87,49401.42,0.4,3,0,0,1,4,0.0,0.0,0,0,289,5,457985.85,0.0,0.0,0,0,457985.85,0,no_listado
46,XMW190914X6B,Mantenimiento,6,344046.21,57341.03,120561.98,37549.78,0.5,3,0,0,1,3,0.0,0.0,0,0,2152,6,344046.21,0.0,0.0,0,0,344046.21,0,no_listado
46,KHM260421GF4,Logistica,8,638925.99,79865.75,147219.0,45206.99,0.625,4,1,1,1,8,0.125,0.125,0,0,1644,7,560032.38,0.125,0.0,0,0,638925.99,0,no_listado
46,MQI0606210L5,Seguridad,5,400363.1,80072.62,147086.91,48825.08,0.2,3,1,1,1,5,0.0,0.0,0,0,1057,5,400363.1,0.0,0.0,0,0,400363.1,0,no_listado
46,UAG031125ZUW,Transporte,3,169921.92,56640.64,122645.7,46820.93,0.3333,2,0,0,1,1,0.0,0.0,0,0,193,3,169921.92,0.0,0.0,0,0,169921.92,0,no_listado
46,MKW030814KU3,Papeleria,6,613097.24,102182.87,150821.89,34156.03,0.6667,4,1,1,1,6,0.0,0.0,0,0,1582,4,360504.73,0.3333,0.0,0,0,613097.24,0,no_listado
46,PCO120620AZ5,Consultoria,5,263473.9,52694.78,136725.7,45183.66,0.6,3,0,0,0,0,0.0,0.0,1,1,177,5,263473.9,0.0,1.0,0,0,263473.9,1,definitivo
46,NEO081121YG2,Construccion,1,1482004.79,1482004.79,1482004.79,0.0,0.0,1,1,1,0,0,0.0,0.0,0,0,180,1,1482004.79,0.0,0.0,0,0,1482004.79,1,no_listado
46,TIL080622AAM,Consultoria,14,670331.85,47880.85,49685.18,930.24,0.5714,5,0,0,1,14,1.0,1.0,0,0,337,14,670331.85,0.0,1.0,0,0,670331.85,1,no_listado
46,OGV110612Y98,Limpieza,4,280266.04,70066.51,122861.85,51821.69,0.75,3,1,1,1,4,1.0,0.0,0,0,164,3,262536.37,0.25,0.0,0,0,280266.04,1,no_listado
46,FSL020312KM1,Mantenimiento,3,203743.93,67914.64,121509.01,42259.01,0.6667,3,1,1,1,2,0.0,0.0,1,0,732,3,203743.93,0.0,0.0,0,0,203743.93,0,desvirtuado
46,CPD160218Q8A,Papeleria,4,395837.86,98959.46,167556.17,68603.86,0.75,4,1,1,1,2,0.5,0.0,1,0,254,3,229194.87,0.0,0.0,0,0,395837.86,0,desvirtuado
46,ACO101220B96,Mantenimiento,6,473823.07,78970.51,131382.16,28065.27,0.6667,4,0,0,1,3,0.3333,0.0,1,0,2376,4,359833.77,0.3333,0.0,0,0,473823.07,0,favorable
46,RORE570909723,Logistica,3,281735.28,93911.76,135757.67,45051.63,1.0,2,1,1,1,1,0.0,0.0,1,0,2440,2,145977.61,0.3333,0.0,0,0,281735.28,0,favorable
46,VIAM870914DD2,Limpieza,6,458903.26,76483.88,171331.62,62377.59,0.5,4,1,1,1,4,0.0,0.25,1,0,1664,2,61802.81,0.6667,0.0,0,0,458903.26,0,presunto
46,PAM160115UC3,Tecnologia,4,170648.86,42662.22,107191.32,37345.51,0.5,2,1,1,1,3,0.3333,0.0,1,0,983,3,151428.72,0.25,0.0,0,0,170648.86,0,presunto
46,UAL120609MOO,Transporte,10,449319.75,44931.97,47149.77,1704.64,0.0,5,1,1,1,10,0.0,0.5,0,0,1705,9,405928.09,0.0,0.0,0,0,449319.75,0,no_listado
46,GDR200319ULJ,Mantenimiento,1,9860.0,9860.0,9860.0,0.0,0.0,1,0,0,0,0,0.0,0.0,0,0,1119,1,9860.0,0.0,0.0,0,0,9860.0,0,no_listado
46,XMV101104SRC,Seguridad,8,556800.0,69600.0,69600.0,0.0,0.0,4,1,1,0,0,0.0,0.0,0,0,1249,7,487200.0,0.0,0.0,0,0,556800.0,0,no_listado
46,SPB020912J0A,Papeleria,4,57391.68,14347.92,16845.87,2371.59,0.0,4,1,1,0,0,0.0,0.0,0,0,2201,4,57391.68,0.0,0.0,0,0,57391.68,0,no_listado
46,YXJ090604K1B,Consultoria,6,295972.32,49328.72,60518.34,7373.76,0.0,5,1,1,0,0,0.0,0.0,0,0,2219,5,252728.03,0.0,0.0,0,0,295972.32,0,no_listado
46,XRA010303HWW,Construccion,9,496448.47,55160.94,78645.97,15285.3,0.0,5,1,1,1,9,0.0,0.1111,0,0,58,7,384233.03,0.2222,0.0,0,0,496448.47,0,no_listado
46,CFI1301226Q1,Consultoria,5,175366.23,35073.25,40575.91,2992.98,0.0,4,1,1,0,0,0.0,0.0,1,0,2581,5,175366.23,0.0,0.0,0,0,175366.23,0,favorable
46,FCB060324FWG,Limpieza,8,34934.86,4366.86,6528.46,1597.76,0.0,1,0,0,0,0,0.0,0.0,0,0,2489,8,34934.86,0.0,0.0,0,0,34934.86,0,no_listado
46,SAN16110476L,Mantenimiento,6,57799.48,9633.25,10316.69,605.62,0.5,4,1,1,1,6,1.0,0.0,0,0,1615,5,47901.0,0.0,0.0,0,0,57799.48,0,no_listado
47,OVJ140811DJ4,Consultoria,6,526386.18,87731.03,152762.29,52469.47,0.5,4,0,0,1,5,0.2,0.0,0,0,198,2,160112.64,0.6667,0.0,0,0,526386.18,0,no_listado
47,VMT18122039L,Papeleria,8,389536.76,48692.1,113009.79,29344.94,1.0,3,1,1,1,8,0.0,0.125,0,0,1056,6,277793.41,0.25,0.0,0,0,389536.76,0,no_listado
47,LXD160704F00,Limpieza,9,805408.0,89489.78,162466.14,47987.03,0.4444,4,0,0,1,3,0.0,0.0,0,0,2128,9,805408.0,0.0,0.0,0,0,805408.0,0,no_listado
47,CLA121003O7N,Logistica,5,463536.46,92707.29,119814.9,37281.28,0.8,3,1,1,1,5,0.2,0.0,0,0,1326,4,353220.76,0.2,0.0,0,0,463536.46,0,no_listado
47,FCE160324KEF,Construccion,8,475439.14,59429.89,117273.48,38356.77,0.25,4,0,0,1,5,0.0,0.0,0,0,244,5,265998.2,0.375,0.0,0,0,475439.14,0,no_listado
47,QNU14072205B,Consultoria,4,237409.08,59352.27,110668.93,38699.94,0.5,3,1,1,1,4,0.0,0.0,0,0,217,4,237409.08,0.0,0.0,0,0,237409.08,0,no_listado
47,EVF240503DTC,Tecnologia,7,305960.86,43708.69,95333.86,33599.7,0.4286,5,1,1,1,7,0.0,0.0,0,0,2552,7,305960.86,0.0,0.0,0,0,305960.86,0,no_listado
47,WPH080702BZM,Consultoria,5,475998.49,95199.7,154682.49,62255.23,0.6,4,1,1,1,5,0.2,0.0,0,0,1112,5,475998.49,0.0,0.0,0,0,475998.49,0,no_listado
47,LPG1007020U8,Consultoria,7,767549.23,109649.89,165474.7,34701.64,0.4286,6,0,0,1,4,0.0,0.0,0,0,2612,5,576002.44,0.2857,0.0,0,0,767549.23,0,no_listado
47,JTW090120230,Papeleria,4,284157.68,71039.42,155208.96,50899.09,0.5,4,0,0,1,2,0.0,0.0,0,0,1315,3,225535.95,0.25,0.0,0,0,284157.68,0,no_listado
47,SXE041224Y83,Consultoria,9,1020568.31,113396.48,158565.01,32389.65,0.4444,4,1,1,1,9,0.0,0.0,0,0,1958,8,862003.3,0.0,0.0,0,0,1020568.31,0,no_listado
47,RSU230308HJS,Transporte,4,497348.72,124337.18,170491.51,43343.77,0.25,3,0,0,1,2,0.0,0.0,0,0,567,3,332579.33,0.25,0.0,0,0,497348.72,0,no_listado
47,HEME740801B57,Consultoria,6,318817.77,53136.29,124895.23,38686.28,0.8333,4,0,0,0,0,0.0,0.0,1,1,1682,6,318817.77,0.0,1.0,0,0,318817.77,1,definitivo
47,FMS231220VLZ,Construccion,1,979336.82,979336.82,979336.82,0.0,1.0,1,0,0,0,0,0.0,0.0,0,0,314,1,979336.82,0.0,0.0,0,0,979336.82,1,no_listado
47,YBW08032596U,Papeleria,12,573866.82,47822.24,49669.58,971.35,0.5833,5,0,0,1,12,1.0,1.0,0,0,554,11,525423.76,0.0,1.0,0,0,573866.82,1,no_listado
47,IBQ160612TLH,Transporte,6,582224.19,97037.36,161666.46,47273.25,0.6667,4,0,0,1,6,1.0,0.0,0,0,232,5,444173.36,0.1667,0.0,0,0,582224.19,1,no_listado
47,DEN1405273G6,Publicidad,7,525071.93,75010.28,123722.91,31596.23,0.2857,5,1,1,1,4,0.0,0.0,1,0,1512,6,473325.37,0.1429,0.0,0,0,525071.93,0,desvirtuado
47,ENE010405C38,Mantenimiento,5,566027.28,113205.46,158008.94,38495.09,0.8,3,1,1,1,3,0.3333,0.0,1,0,2580,4,507551.78,0.2,0.0,0,0,566027.28,0,desvirtuado
47,FGS150630AP0,Consultoria,3,262147.98,87382.66,158322.18,57238.94,0.3333,2,1,1,1,2,1.0,0.0,1,0,2122,3,262147.98,0.0,0.0,0,0,262147.98,0,favorable
47,PSC141008BVA,Transporte,3,126920.75,42306.92,88369.45,32574.61,0.3333,2,0,0,0,0,0.0,0.0,1,0,163,2,38551.3,0.3333,0.0,0,0,126920.75,0,favorable
47,UTE150327JI8,Logistica,7,436240.1,62320.01,159149.02,60984.39,0.5714,4,0,0,1,3,0.3333,0.0,1,0,506,3,191969.8,0.4286,0.0,0,0,436240.1,0,presunto
47,GTM191210U92,Construccion,4,368561.23,92140.31,146996.51,48535.81,0.5,2,1,1,1,2,0.0,0.0,1,0,1519,3,221564.72,0.25,0.0,0,0,368561.23,0,presunto
47,GGO181211WIZ,Transporte,10,456041.1,45604.11,48284.72,2227.5,0.0,6,1,1,1,10,0.0,0.7,0,0,1712,9,408126.19,0.0,0.0,0,1,456041.1,0,no_listado
47,MSQ080726BHC,Mantenimiento,1,9860.0,9860.0,9860.0,0.0,0.0,1,0,0,0,0,0.0,0.0,0,0,1137,1,9860.0,0.0,0.0,0,0,9860.0,0,no_listado
47,KCW170327TX7,Seguridad,8,556800.0,69600.0,69600.0,0.0,0.0,4,1,1,0,0,0.0,0.0,0,0,1249,8,556800.0,0.0,0.0,0,0,556800.0,0,no_listado
47,PGH030628402,Papeleria,4,56643.93,14160.98,16070.29,1316.21,0.0,3,1,1,0,0,0.0,0.0,0,0,2223,4,56643.93,0.0,0.0,0,0,56643.93,0,no_listado
47,MNQ17080523V,Consultoria,6,314808.22,52468.04,60457.95,7382.4,0.0,4,1,1,0,0,0.0,0.0,0,0,2267,6,314808.22,0.0,0.0,0,0,314808.22,0,no_listado
47,SSM041217F1E,Construccion,9,520587.71,57843.08,80357.33,14134.06,0.0,5,1,1,1,9,0.0,0.2222,0,0,63,9,520587.71,0.0,0.0,0,0,520587.71,0,no_listado
47,OAI120322V63,Consultoria,5,176202.71,35240.54,44007.8,5070.19,0.0,4,1,1,0,0,0.0,0.0,1,0,2591,4,132194.91,0.2,0.0,0,0,176202.71,0,favorable
47,MEM211111Y4L,Limpieza,8,41054.0,5131.75,6419.46,936.44,0.0,1,0,0,0,0,0.0,0.0,0,0,2434,8,41054.0,0.0,0.0,0,0,41054.0,0,no_listado
47,QRQ050817WUW,Mantenimiento,6,50775.16,8462.53,10184.92,1336.94,0.6667,4,1,1,1,6,1.0,0.0,0,0,1596,6,50775.16,0.0,0.0,0,0,50775.16,0,no_listado
48,ZLG19032556F,Logistica,3,262760.51,87586.84,163733.2,59491.51,0.3333,3,1,1,1,3,0.3333,0.0,0,0,1881,2,99027.31,0.3333,0.0,0,0,262760.51,0,no_listado
48,KVU2003268YE,Seguridad,5,565450.85,113090.17,170756.05,51281.23,0.6,3,0,0,1,3,0.3333,0.0,0,0,2589,5,565450.85,0.0,0.0,0,0,565450.85,0,no_listado
48,OKR221028S1W,Mantenimiento,4,180379.4,45094.85,86723.71,28621.84,0.75,4,0,0,1,3,0.0,0.0,0,0,2323,2,105320.09,0.25,0.0,0,0,180379.4,0,no_listado
48,FYM031001XGO,Limpieza,4,257863.39,64465.85,124866.26,38682.91,0.5,3,1,1,1,4,0.0,0.25,0,0,2220,3,132997.13,0.25,0.0,0,0,257863.39,0,no_listado
48,YWU061026HQ3,Construccion,5,365675.24,73135.05,114986.87,33148.67,0.4,3,1,1,1,5,0.0,0.0,0,0,672,3,255102.24,0.4,0.0,0,0,365675.24,0,no_listado
48,GBF020524V1K,Seguridad,4,269241.87,67310.47,157189.04,56264.39,0.75,3,0,0,1,2,0.0,0.0,0,0,2073,4,269241.87,0.0,0.0,0,0,269241.87,0,no_listado
48,VGM110720GH9,Publicidad,3,208662.52,69554.17,154314.97,60255.91,0.6667,2,0,0,1,1,0.0,0.0,0,0,2200,3,208662.52,0.0,0.0,0,0,208662.52,0,no_listado
48,IGJ261124SRZ,Logistica,5,482464.4,96492.88,149250.51,45810.81,1.0,4,0,0,1,3,0.0,0.0,0,0,1037,4,403578.76,0.2,0.0,0,0,482464.4,0,no_listado
48,KQH250110OYL,Papeleria,5,417469.93,83493.99,152438.36,39806.15,0.4,5,1,1,1,5,0.0,0.2,0,0,222,3,171418.02,0.4,0.0,0,0,417469.93,0,no_listado
48,YOG071005J6T,Tecnologia,3,266451.87,88817.29,110976.2,17255.1,0.3333,3,1,1,1,3,0.0,0.0,0,0,866,3,266451.87,0.0,0.0,0,0,266451.87,0,no_listado
48,CJY011127LO8,Mantenimiento,5,528054.22,105610.84,170137.94,54911.65,0.4,3,1,1,1,5,0.0,0.2,0,0,1743,5,528054.22,0.0,0.0,0,0,528054.22,0,no_listado
48,VZP130306FL9,Construccion,9,781387.99,86820.89,154003.75,47293.92,0.4444,5,0,0,1,1,0.0,0.0,0,0,1194,8,749946.62,0.1111,0.0,0,0,781387.99,0,no_listado
48,BES1409085N9,Consultoria,8,430955.68,53869.46,122512.11,37932.94,0.375,5,0,0,0,0,0.0,0.0,1,1,190,7,413337.67,0.125,1.0,0,0,430955.68,1,definitivo
48,AXT08112866M,Papeleria,1,992932.69,992932.69,992932.69,0.0,1.0,1,1,1,0,0,0.0,0.0,0,0,2487,1,992932.69,0.0,0.0,0,0,992932.69,1,no_listado
48,MJL000824R7K,Mantenimiento,13,629966.8,48458.98,49539.63,898.58,0.4615,5,0,0,1,13,1.0,1.0,0,0,223,13,629966.8,0.0,1.0,0,0,629966.8,1,no_listado
48,AUB100201MWW,Papeleria,4,164390.0,41097.5,107500.23,38342.55,0.5,4,0,0,1,4,1.0,0.0,0,0,150,3,146242.94,0.25,0.0,0,0,164390.0,1,no_listado
48,ORG120712SI0,Limpieza,5,379125.69,75825.14,144563.53,46458.76,0.8,3,0,0,1,2,0.0,0.0,1,0,911,5,379125.69,0.0,0.0,0,0,379125.69,0,desvirtuado
48,BNO060417AR2,Papeleria,7,717792.32,102541.76,164879.14,49135.17,0.5714,5,1,1,1,3,0.3333,0.0,1,0,817,7,717792.32,0.0,0.0,0,0,717792.32,0,desvirtuado
48,PCD071210BF1,Limpieza,4,395398.02,98849.51,127309.52,24144.25,0.25,3,0,0,1,2,0.5,0.0,1,0,272,2,192552.28,0.5,0.0,0,0,395398.02,0,favorable
48,CIN1509219F5,Transporte,3,129625.6,43208.53,58338.22,11906.89,0.3333,3,1,1,1,1,0.0,0.0,1,0,1405,2,87580.3,0.3333,0.0,0,0,129625.6,0,favorable
48,SEI040406CR7,Construccion,6,266234.8,44372.47,94749.54,26412.03,0.1667,5,0,0,1,3,0.0,0.0,1,0,692,2,95845.66,0.6667,0.0,0,0,266234.8,0,presunto
48,SCP120523BU4,Publicidad,5,360572.1,72114.42,107872.44,20326.38,0.6,3,1,1,1,4,0.0,0.0,1,0,1839,1,54213.75,0.8,0.0,0,0,360572.1,0,presunto
48,SUR011228MRX,Transporte,10,449391.63,44939.16,47585.43,2369.98,0.0,5,1,1,1,10,0.0,0.5,0,0,1731,10,449391.63,0.0,0.0,0,0,449391.63,0,no_listado
48,TIN240213XVF,Mantenimiento,1,9860.0,9860.0,9860.0,0.0,0.0,1,0,0,0,0,0.0,0.0,0,0,1246,1,9860.0,0.0,0.0,0,1,9860.0,0,no_listado
48,RDS040121FUS,Seguridad,8,556800.0,69600.0,69600.0,0.0,0.0,5,1,1,0,0,0.0,0.0,0,0,1249,8,556800.0,0.0,0.0,0,0,556800.0,0,no_listado
48,IVU1611174QL,Papeleria,4,51771.91,12942.98,17269.56,2537.64,0.0,4,1,1,0,0,0.0,0.0,0,0,2139,4,51771.91,0.0,0.0,0,0,51771.91,0,no_listado
48,SHS210824DYG,Consultoria,6,292598.2,48766.37,63614.25,7626.13,0.0,4,1,1,0,0,0.0,0.0,0,0,2184,4,191920.21,0.3333,0.0,0,0,292598.2,0,no_listado
48,IZT2411133IM,Construccion,9,513946.44,57105.16,77495.02,12643.07,0.0,6,1,1,1,9,0.0,0.0,0,0,111,8,479046.22,0.1111,0.0,0,0,513946.44,0,no_listado
48,MEG140828IS7,Consultoria,5,159507.97,31901.59,40219.25,6174.66,0.0,4,1,1,0,0,0.0,0.0,1,0,2570,5,159507.97,0.0,0.0,0,0,159507.97,0,favorable
48,RJO11072127D,Limpieza,8,32772.0,4096.5,6543.62,1588.39,0.0,1,0,0,0,0,0.0,0.0,0,0,2415,8,32772.0,0.0,0.0,0,0,32772.0,0,no_listado
48,AZZ090713ANR,Mantenimiento,6,43060.99,7176.83,10070.73,1802.69,0.1667,5,1,1,1,6,1.0,0.0,0,0,1623,5,32990.26,0.1667,0.0,0,0,43060.99,0,no_listado
49,ZIH191113TCM,Mantenimiento,6,301593.63,50265.61,115492.2,33606.56,0.5,3,1,1,1,6,0.0,0.0,0,0,2494,4,263050.31,0.3333,0.0,0,1,301593.63,0,no_listado
49,BGV2310175C5,Transporte,6,318458.19,53076.36,149741.14,46232.02,0.5,4,1,1,1,6,0.0,0.0,0,0,120,5,168717.05,0.1667,0.0,0,0,318458.19,0,no_listado
49,VRA2311227XM,Logistica,6,374830.97,62471.83,124135.3,37829.61,0.8333,3,1,1,1,6,0.0,0.0,0,0,282,5,354971.76,0.1667,0.0,0,0,374830.97,0,no_listado
49,IIZ030523IUV,Transporte,7,429251.89,61321.7,152308.95,49886.33,0.2857,3,1,1,1,7,0.0,0.0,0,0,491,6,276942.94,0.1429,0.0,0,0,429251.89,0,no_listado
49,YVJ061113VF0,Construccion,5,262428.78,52485.76,121332.97,38012.0,0.6,3,1,1,1,5,0.2,0.0,0,0,1221,3,122105.96,0.4,0.0,0,0,262428.78,0,no_listado
49,AXT25121194N,Seguridad,7,360736.49,51533.78,160435.05,49734.74,0.2857,4,1,1,1,7,0.0,0.1429,0,0,810,7,360736.49,0.0,0.0,0,0,360736.49,0,no_listado
49,OEH2606165OZ,Construccion,6,424696.49,70782.75,110242.73,26737.39,0.8333,4,0,0,1,3,0.0,0.0,0,0,191,6,424696.49,0.0,0.0,0,0,424696.49,0,no_listado
49,YBX250915RIO,Papeleria,9,842789.07,93643.23,160683.69,53448.98,0.5556,4,1,1,1,9,0.1111,0.0,0,0,1751,9,842789.07,0.0,0.0,0,0,842789.07,0,no_listado
49,OQC120902TFZ,Consultoria,8,834881.87,104360.23,166684.76,49134.81,0.125,4,0,0,1,4,0.0,0.0,0,0,1921,6,575829.27,0.125,0.0,0,0,834881.87,0,no_listado
49,YBP230619O11,Limpieza,6,450256.3,75042.72,136467.99,43095.39,0.3333,5,1,1,1,6,0.1667,0.0,0,0,1192,3,157134.32,0.5,0.0,0,0,450256.3,0,no_listado
49,VSY140620ITN,Papeleria,3,167995.16,55998.39,132347.06,53986.72,0.0,3,1,1,1,3,0.0,0.0,0,0,1077,3,167995.16,0.0,0.0,0,0,167995.16,0,no_listado
49,LRJ000823VJ7,Seguridad,8,757429.39,94678.67,169134.75,53323.18,0.5,4,1,1,1,8,0.0,0.0,0,0,67,8,757429.39,0.0,0.0,0,0,757429.39,0,no_listado
49,LDL150602GR4,Consultoria,5,317057.16,63411.43,123805.29,42729.41,0.2,4,0,0,0,0,0.0,0.0,1,1,2367,5,317057.16,0.0,1.0,0,0,317057.16,1,definitivo
49,UGR210919ETX,Mantenimiento,1,1041247.55,1041247.55,1041247.55,0.0,0.0,1,0,0,0,0,0.0,0.0,0,0,376,1,1041247.55,0.0,0.0,0,0,1041247.55,1,no_listado
49,YNO020724AZU,Transporte,13,620047.02,47695.92,49098.51,775.61,0.4615,5,0,0,1,13,1.0,1.0,0,0,209,12,573283.41,0.0,1.0,0,0,620047.02,1,no_listado
49,JNL060907U3J,Seguridad,5,320112.76,64022.55,123131.67,40558.21,0.2,5,0,0,1,5,1.0,0.0,0,0,431,5,320112.76,0.0,0.0,0,0,320112.76,1,no_listado
49,CUMD8310244R3,Transporte,5,243568.68,48713.74,114412.61,38633.51,0.2,2,0,0,1,2,0.5,0.0,1,0,1069,2,39697.16,0.6,0.0,0,0,243568.68,0,desvirtuado
49,ERE071024FQ2,Transporte,6,517320.27,86220.04,148600.7,54278.76,0.6667,4,0,0,1,3,0.0,0.0,1,0,561,5,370636.65,0.1667,0.0,0,0,517320.27,0,desvirtuado
49,CSU1106156G4,Limpieza,4,241090.31,60272.58,71997.17,9143.55,0.5,3,0,0,1,2,0.0,0.0,1,0,269,3,177775.96,0.25,0.0,0,0,241090.31,0,favorable
49,DAS150305LZ6,Limpieza,4,332479.03,83119.76,121659.98,40502.58,0.75,3,0,0,1,1,0.0,0.0,1,0,654,4,332479.03,0.0,0.0,0,0,332479.03,0,favorable
49,MFO191126GD2,Papeleria,4,217809.68,54452.42,161613.8,61872.07,0.5,3,1,1,1,2,0.0,0.0,1,0,1395,4,217809.68,0.0,0.0,0,0,217809.68,0,presunto
49,STA111031N20,Construccion,6,637185.95,106197.66,167444.33,52015.01,0.5,4,1,1,1,2,0.0,0.0,1,0,1261,2,249566.5,0.6667,0.0,0,0,637185.95,0,presunto
49,MXQ120119ATW,Transporte,10,456349.27,45634.93,47870.94,1422.12,0.0,5,1,1,1,10,0.0,0.8,0,0,1698,8,363723.8,0.0,0.0,0,0,456349.27,0,no_listado
49,LZV001215DXX,Mantenimiento,1,9860.0,9860.0,9860.0,0.0,0.0,1,0,0,0,0,0.0,0.0,0,0,1064,1,9860.0,0.0,0.0,0,0,9860.0,0,no_listado
49,JTH0709175UV,Seguridad,8,556800.0,69600.0,69600.0,0.0,0.0,4,1,1,0,0,0.0,0.0,0,0,1249,7,487200.0,0.0,0.0,0,0,556800.0,0,no_listado
49,STL130811J62,Papeleria,4,46835.45,11708.86,12776.44,825.41,0.0,3,1,1,0,0,0.0,0.0,0,0,2262,4,46835.45,0.0,0.0,0,0,46835.45,0,no_listado
49,GAY12111147M,Consultoria,6,278710.31,46451.72,51747.68,3686.89,0.0,4,1,1,0,0,0.0,0.0,0,0,2183,5,236215.17,0.0,0.0,0,0,278710.31,0,no_listado
49,YYY050314051,Construccion,9,547120.49,60791.17,74276.52,10171.91,0.0,4,1,1,1,9,0.0,0.1111,0,0,45,9,547120.49,0.0,0.0,0,0,547120.49,0,no_listado
49,MEEG841206QW5,Consultoria,5,148682.23,29736.45,39773.66,5493.15,0.0,4,1,1,0,0,0.0,0.0,1,0,2588,4,123283.9,0.2,0.0,0,0,148682.23,0,favorable
49,LLD180107VSZ,Limpieza,8,36608.84,4576.1,6133.72,1339.53,0.0,1,0,0,0,0,0.0,0.0,0,0,2445,8,36608.84,0.0,0.0,0,0,36608.84,0,no_listado
49,FIV1406072VO,Mantenimiento,6,45184.61,7530.77,8961.07,943.63,0.6667,4,1,1,1,6,1.0,0.0,0,0,1615,6,45184.61,0.0,0.0,0,0,45184.61,0,no_listado
50,ZXD0711058A4,Limpieza,5,459530.58,91906.12,133428.55,40163.07,0.4,5,0,0,1,3,0.0,0.0,0,0,1402,4,360804.04,0.2,0.0,0,0,459530.58,0,no_listado
50,DCX2109268V8,Mantenimiento,5,469890.22,93978.04,146597.22,51433.46,0.4,3,0,0,1,2,0.0,0.0,0,0,806,5,469890.22,0.0,0.0,0,0,469890.22,0,no_listado
50,QMX2107117V2,Construccion,7,703064.55,100437.79,157048.98,51540.12,0.4286,4,0,0,1,5,0.0,0.0,0,0,1867,6,662472.08,0.1429,0.0,0,0,703064.55,0,no_listado
50,PFI130827QMB,Logistica,8,635700.08,79462.51,164663.16,43945.55,0.125,5,1,1,1,8,0.125,0.0,0,0,2222,5,332494.08,0.375,0.0,0,0,635700.08,0,no_listado
50,WBI13071728O,Logistica,3,304714.13,101571.38,119588.59,16982.13,0.3333,2,1,1,1,3,0.0,0.0,0,0,282,2,198399.12,0.3333,0.0,0,0,304714.13,0,no_listado
50,QIT170404J9X,Construccion,6,653151.58,108858.6,170526.1,54148.38,0.6667,4,1,1,1,6,0.1667,0.0,0,0,2166,6,653151.58,0.0,0.0,0,0,653151.58,0,no_listado
50,FAR250627X8D,Seguridad,4,272191.46,68047.87,108351.69,32633.18,0.75,2,1,1,1,4,0.0,0.0,0,0,762,4,272191.46,0.0,0.0,0,0,272191.46,0,no_listado
50,WDV0603213M2,Tecnologia,8,701412.55,87676.57,139405.93,48469.4,0.375,5,1,1,1,8,0.0,0.0,0,0,135,7,563088.41,0.0,0.0,0,0,701412.55,0,no_listado
50,DJC220807585,Limpieza,7,485670.28,69381.47,154011.17,53012.77,0.5714,5,1,1,1,7,0.1429,0.0,0,0,1041,7,485670.28,0.0,0.0,0,0,485670.28,0,no_listado
50,SOZ020516LVO,Seguridad,8,487562.44,60945.31,157355.9,43945.59,0.75,6,1,1,1,8,0.0,0.0,0,0,1988,5,294882.78,0.375,0.0,0,0,487562.44,0,no_listado
50,TJC261014KP3,Publicidad,8,406738.24,50842.28,161745.04,46587.38,0.25,4,0,0,1,2,0.0,0.0,0,0,2125,6,211768.18,0.25,0.0,0,0,406738.24,0,no_listado
50,RTE070527FJG,Consultoria,5,540683.1,108136.62,163517.6,50557.85,0.4,4,1,1,1,5,0.0,0.0,0,0,1550,4,522259.54,0.2,0.0,0,0,540683.1,0,no_listado
50,MOEL630806S44,Consultoria,6,544670.73,90778.46,134017.02,39987.0,0.1667,5,1,1,0,0,0.0,0.0,1,1,101,5,438132.91,0.1667,1.0,0,0,544670.73,1,definitivo
50,RZB050114DL1,Publicidad,1,1365537.96,1365537.96,1365537.96,0.0,1.0,1,0,0,0,0,0.0,0.0,0,0,154,1,1365537.96,0.0,0.0,0,0,1365537.96,1,no_listado
50,BFZ19102025C,Publicidad,12,577994.37,48166.2,49333.9,730.51,0.5,5,0,0,1,12,1.0,1.0,0,0,282,11,531187.12,0.0833,1.0,0,0,577994.37,1,no_listado
50,SCM090923QO8,Construccion,5,336786.2,67357.24,161847.62,58230.11,0.6,2,1,1,1,5,1.0,0.0,0,0,1901,5,336786.2,0.0,0.0,0,0,336786.2,1,no_listado
50,PLS010430M88,Consultoria,4,445119.48,111279.87,171639.23,61017.98,0.0,2,0,0,1,2,0.0,0.0,1,0,933,4,445119.48,0.0,0.0,0,0,445119.48,0,desvirtuado
50,ACL130731KI0,Construccion,4,141464.85,35366.21,87087.44,29870.38,0.5,3,1,1,1,3,0.0,0.0,1,0,839,3,123982.43,0.0,0.0,0,0,141464.85,0,desvirtuado
50,AME1311081A5,Limpieza,4,264592.75,66148.19,119719.55,46521.48,0.25,4,1,1,1,3,0.0,0.0,1,0,281,3,246607.85,0.25,0.0,0,0,264592.75,0,favorable
50,CAPR7709084Y4,Papeleria,7,561441.04,80205.86,172957.0,68057.44,0.5714,5,0,0,1,2,0.0,0.0,1,0,1080,6,543421.59,0.0,0.0,0,0,561441.04,0,favorable
50,APA100325ND5,Logistica,4,226234.24,56558.56,155538.62,57460.72,0.75,4,0,0,1,2,0.0,0.0,1,0,1534,2,37405.99,0.5,0.0,0,0,226234.24,0,presunto
50,PEGA6210252X5,Publicidad,6,253747.69,42291.28,106853.32,32316.51,0.1667,3,1,1,1,3,0.0,0.0,1,0,208,5,218588.98,0.1667,0.0,0,0,253747.69,0,presunto
50,YYF240924DIA,Transporte,10,441771.79,44177.18,46876.31,1605.61,0.0,3,1,1,1,10,0.0,0.4,0,0,1713,9,400047.33,0.1,0.0,0,0,441771.79,0,no_listado
50,FAT121219RPU,Mantenimiento,1,9860.0,9860.0,9860.0,0.0,0.0,1,0,0,0,0,0.0,0.0,0,0,1055,1,9860.0,0.0,0.0,0,0,9860.0,0,no_listado
50,GJI060216GIT,Seguridad,8,556800.0,69600.0,69600.0,0.0,0.0,4,1,1,0,0,0.0,0.0,0,0,1249,8,556800.0,0.0,0.0,0,0,556800.0,0,no_listado
50,IZI000411FPE,Papeleria,4,55515.3,13878.83,16584.32,2434.69,0.0,4,1,1,0,0,0.0,0.0,0,0,2134,4,55515.3,0.0,0.0,0,0,55515.3,0,no_listado
50,WCG001219S1P,Consultoria,6,294975.85,49162.64,53286.1,3270.75,0.0,4,1,1,0,0,0.0,0.0,0,0,2268,6,294975.85,0.0,0.0,0,0,294975.85,0,no_listado
50,KJQ090307AZH,Construccion,9,556896.39,61877.38,76600.87,10867.45,0.0,6,1,1,1,9,0.0,0.2222,0,0,11,7,433733.34,0.1111,0.0,0,0,556896.39,0,no_listado
50,GCB1012159G7,Consultoria,5,180662.89,36132.58,45136.69,6870.22,0.0,4,1,1,0,0,0.0,0.0,1,0,2565,3,102904.86,0.4,0.0,0,0,180662.89,0,favorable
50,IVG181124Q3X,Limpieza,8,36829.53,4603.69,6869.02,1283.68,0.0,1,0,0,0,0,0.0,0.0,0,0,2430,8,36829.53,0.0,0.0,0,0,36829.53,0,no_listado
50,SMA1702179ZK,Mantenimiento,6,43433.48,7238.91,9477.71,1514.24,0.8333,4,1,1,1,6,1.0,0.0,0,0,1613,4,27915.19,0.3333,0.0,0,0,43433.48,0,no_listado
51,YKC0311269YS,Papeleria,5,400673.89,80134.78,162809.04,55489.48,0.8,3,1,1,1,5,0.0,0.0,0,0,145,5,400673.89,0.0,0.0,0,0,400673.89,0,no_listado
51,BVG0008136KL,Consultoria,7,583733.81,83390.54,171845.24,63269.7,0.8571,5,0,0,1,3,0.0,0.0,0,0,2246,6,414652.23,0.1429,0.0,0,0,583733.81,0,no_listado
51,XGF220527WMN,Logistica,7,667782.53,95397.5,169816.52,68083.15,0.7143,4,0,0,1,2,0.0,0.0,0,0,997,5,529769.99,0.1429,0.0,0,0,667782.53,0,no_listado
51,DHI130728OUO,Logistica,3,264593.85,88197.95,155185.07,55553.2,0.3333,3,0,0,1,1,0.0,0.0,0,0,105,3,264593.85,0.0,0.0,0,0,264593.85,0,no_listado
51,SNE200608OHR,Construccion,8,335835.13,41979.39,111235.37,30570.46,0.5,4,1,1,1,8,0.125,0.0,0,0,2049,6,298294.1,0.125,0.0,0,0,335835.13,0,no_listado
51,LUR031008PBG,Publicidad,6,484343.09,80723.85,155208.96,55309.78,0.5,3,1,1,1,6,0.0,0.0,0,0,1288,6,484343.09,0.0,0.0,0,0,484343.09,0,no_listado
51,EOI160223EW9,Limpieza,5,343806.69,68761.34,119968.24,40797.04,0.4,4,1,1,1,5,0.0,0.0,0,0,928,5,343806.69,0.0,0.0,0,0,343806.69,0,no_listado
51,UAK120526CB6,Transporte,8,382800.57,47850.07,131884.98,38016.48,0.375,5,1,1,1,8,0.125,0.0,0,0,870,7,298720.01,0.125,0.0,0,0,382800.57,0,no_listado
51,SPP190313ZBO,Mantenimiento,4,192348.61,48087.15,80216.81,22407.07,0.25,4,0,0,1,2,0.5,0.0,0,0,1672,3,174850.24,0.25,0.0,0,0,192348.61,0,no_listado
51,SBU0906030R1,Mantenimiento,4,326284.5,81571.12,119814.9,22472.14,0.0,4,0,0,1,2,0.5,0.0,0,0,237,3,260644.0,0.0,0.0,0,0,326284.5,0,no_listado
51,IPK100313ZQ4,Transporte,8,589809.82,73726.23,137439.77,46158.58,0.5,4,0,0,1,7,0.1429,0.0,0,0,1658,7,479616.42,0.125,0.0,0,0,589809.82,0,no_listado
51,NWG090224S0P,Logistica,8,608408.68,76051.09,158237.37,52362.2,0.75,5,1,1,1,8,0.0,0.0,0,0,159,5,407959.37,0.375,0.0,0,1,608408.68,0,no_listado
51,GATL770507R98,Consultoria,8,427879.6,53484.95,146996.51,46447.29,0.5,5,0,0,0,0,0.0,0.0,1,1,109,7,408504.26,0.0,1.0,0,0,427879.6,1,definitivo
51,VGM130325FQ4,Mantenimiento,1,1486543.75,1486543.75,1486543.75,0.0,1.0,1,0,0,0,0,0.0,0.0,0,0,294,1,1486543.75,0.0,0.0,0,0,1486543.75,1,no_listado
51,AGP1205067E4,Seguridad,11,528464.79,48042.25,49661.84,996.8,0.3636,4,0,0,1,11,1.0,1.0,0,0,468,10,480612.9,0.0,1.0,0,0,528464.79,1,no_listado
51,ZTH011002E5V,Seguridad,6,606228.97,101038.16,147211.15,40331.96,0.3333,4,0,0,1,6,1.0,0.0,0,0,269,6,606228.97,0.0,0.0,0,0,606228.97,1,no_listado
51,ROAJ970714EP7,Consultoria,7,652517.31,93216.76,159273.86,51766.7,0.7143,5,1,1,1,2,0.0,0.0,1,0,1772,7,652517.31,0.0,0.0,0,0,652517.31,0,desvirtuado
51,TFI050606PD7,Seguridad,4,251895.69,62973.92,128279.91,40913.76,0.5,3,1,1,0,0,0.0,0.0,1,0,2173,4,251895.69,0.0,0.0,0,0,251895.69,0,desvirtuado
51,SAP110820QE3,Construccion,4,238837.51,59709.38,112282.79,33940.89,0.75,2,0,0,1,2,0.0,0.0,1,0,1671,4,238837.51,0.0,0.0,0,0,238837.51,0,favorable
51,TRE101126CL7,Papeleria,4,215095.7,53773.93,124364.32,41833.11,0.75,3,1,1,1,2,0.5,0.0,1,0,298,3,170008.8,0.25,0.0,0,0,215095.7,0,favorable
51,CDI070711UR6,Publicidad,4,250022.92,62505.73,166872.33,61361.43,0.5,4,0,0,1,1,0.0,1.0,1,0,1060,2,36505.9,0.5,0.0,0,0,250022.92,0,presunto
51,CQR221116KB4,Limpieza,3,128528.44,42842.81,55925.9,12588.62,0.3333,2,1,1,1,3,0.0,0.3333,1,0,605,0,0.0,1.0,0.0,0,0,128528.44,0,presunto
51,WBF130820J0I,Transporte,10,447032.98,44703.3,47089.61,1857.25,0.0,4,1,1,1,10,0.0,0.6,0,0,1699,9,400971.48,0.0,0.0,0,0,447032.98,0,no_listado
51,VXR240103BAX,Mantenimiento,1,9860.0,9860.0,9860.0,0.0,0.0,1,0,0,0,0,0.0,0.0,0,0,1253,1,9860.0,0.0,0.0,0,0,9860.0,0,no_listado
51,XIB031227TCY,Seguridad,8,556800.0,69600.0,69600.0,0.0,0.0,5,1,1,0,0,0.0,0.0,0,0,1249,8,556800.0,0.0,0.0,0,0,556800.0,0,no_listado
51,UNN241115S7P,Papeleria,4,60378.07,15094.52,16939.84,1459.97,0.0,3,1,1,0,0,0.0,0.0,0,0,2155,2,32196.4,0.25,0.0,0,0,60378.07,0,no_listado
51,ATG100306B96,Consultoria,6,305132.45,50855.41,59549.42,5498.66,0.0,4,1,1,0,0,0.0,0.0,0,0,2280,6,305132.45,0.0,0.0,0,0,305132.45,0,no_listado
51,PXI0002045J0,Construccion,9,512688.49,56965.39,73644.33,12592.99,0.0,6,1,1,1,9,0.0,0.1111,0,0,118,6,327748.06,0.3333,0.0,0,0,512688.49,0,no_listado
51,MGS140520TH3,Consultoria,5,153896.2,30779.24,38557.14,5165.2,0.0,4,1,1,0,0,0.0,0.0,1,0,2567,4,125882.18,0.0,0.0,0,0,153896.2,0,favorable
51,MEM091219F0E,Limpieza,8,32145.74,4018.22,5406.46,917.44,0.0,1,0,0,0,0,0.0,0.0,0,0,2473,8,32145.74,0.0,0.0,0,0,32145.74,0,no_listado
51,ZOC260822GTA,Mantenimiento,6,48874.52,8145.75,9156.04,1391.32,0.5,3,1,1,1,6,1.0,0.0,0,0,1715,6,48874.52,0.0,0.0,0,0,48874.52,0,no_listado
52,FUR161209A2L,Limpieza,6,484878.22,80813.04,163150.22,57485.05,0.3333,4,1,1,1,6,0.1667,0.0,0,0,574,6,484878.22,0.0,0.0,0,0,484878.22,0,no_listado
52,DJN000803HNQ,Tecnologia,6,177946.71,29657.78,56678.27,14944.78,0.8333,3,1,1,1,6,0.0,0.0,0,0,2416,6,177946.71,0.0,0.0,0,0,177946.71,0,no_listado
52,ZUU180614DOT,Papeleria,5,536882.45,107376.49,150278.39,32437.81,0.6,2,0,0,1,4,0.0,0.0,0,0,2545,2,186037.42,0.6,0.0,0,0,536882.45,0,no_listado
52,BCF010714Y7H,Mantenimiento,4,371472.83,92868.21,156356.84,58634.85,0.25,4,0,0,1,3,0.0,0.0,0,0,2006,3,215115.99,0.25,0.0,0,0,371472.83,0,no_listado
52,BXA090128HNH,Mantenimiento,9,818205.64,90911.74,157429.81,43355.08,0.1111,3,0,0,1,5,0.2,0.0,0,0,910,8,711776.82,0.1111,0.0,0,0,818205.64,0,no_listado
52,PLO081011NKP,Limpieza,6,345365.77,57560.96,118664.3,32284.83,0.5,4,0,0,1,2,0.0,0.0,0,0,1696,6,345365.77,0.0,0.0,0,0,345365.77,0,no_listado
52,WFV141228F7O,Mantenimiento,5,151282.1,30256.42,70429.66,20096.9,0.4,4,1,1,1,5,0.0,0.0,0,0,1511,4,130746.28,0.2,0.0,0,0,151282.1,0,no_listado
52,BCG0409269ZF,Publicidad,7,499724.88,71389.27,146973.38,35787.36,0.8571,4,0,0,1,5,0.0,0.0,0,0,2395,5,290152.36,0.2857,0.0,0,0,499724.88,0,no_listado
52,UUG180607JHY,Logistica,7,495737.8,70819.69,122046.55,36150.54,0.5714,4,0,0,1,2,0.0,0.0,0,0,2255,6,411370.63,0.1429,0.0,0,0,495737.8,0,no_listado
52,EGS141024YF5,Tecnologia,7,806820.04,115260.01,159444.48,39780.15,0.7143,3,0,0,1,4,0.25,0.0,0,0,709,7,806820.04,0.0,0.0,0,0,806820.04,0,no_listado
52,NBL0507188AM,Seguridad,8,372343.7,46542.96,108175.95,33560.13,0.625,5,0,0,1,5,0.2,0.0,0,0,106,7,264167.75,0.125,0.0,0,0,372343.7,0,no_listado
52,CDO220917NU4,Mantenimiento,7,509630.81,72804.4,171865.86,62021.21,0.4286,4,0,0,1,1,0.0,0.0,0,0,2496,5,319219.09,0.2857,0.0,0,0,509630.81,0,no_listado
52,OSI170724LGA,Consultoria,5,359599.22,71919.84,84080.56,16557.74,0.4,2,0,0,0,0,0.0,0.0,1,1,90,5,359599.22,0.0,1.0,0,0,359599.22,1,definitivo
52,RCG070805P9F,Consultoria,1,1546275.12,1546275.12,1546275.12,0.0,0.0,1,0,0,0,0,0.0,0.0,0,0,705,1,1546275.12,0.0,0.0,0,0,1546275.12,1,no_listado
52,QEA070225PC3,Consultoria,11,528279.78,48025.43,49079.7,786.1,0.3636,5,0,0,1,11,1.0,1.0,0,0,980,10,481543.31,0.0,1.0,0,0,528279.78,1,no_listado
52,YET07042002A,Tecnologia,4,173320.55,43330.14,118246.6,43259.72,0.75,2,0,0,1,4,1.0,0.0,0,0,115,4,173320.55,0.0,0.0,0,0,173320.55,1,no_listado
52,GDI010116TK8,Tecnologia,7,495131.22,70733.03,137319.34,35528.56,0.5714,4,1,1,1,4,0.0,0.0,1,0,865,6,420408.97,0.1429,0.0,0,0,495131.22,0,desvirtuado
52,UDE1604014C8,Publicidad,7,733375.92,104767.99,152598.01,32585.87,0.7143,5,1,1,1,5,0.2,0.0,1,0,581,6,686731.23,0.1429,0.0,0,0,733375.92,0,desvirtuado
52,CEI1303058C0,Consultoria,7,530726.45,75818.06,155035.72,45949.9,0.4286,6,1,1,1,3,0.0,0.0,1,0,1740,7,530726.45,0.0,0.0,0,0,530726.45,0,favorable
52,SOMM630314TN5,Tecnologia,6,477344.39,79557.4,134692.47,49343.04,0.6667,4,1,1,1,2,0.0,0.0,1,0,123,5,421154.8,0.1667,0.0,0,0,477344.39,0,favorable
52,AFG191220HG3,Transporte,4,365354.76,91338.69,135210.4,42051.05,0.5,4,0,0,1,2,0.0,0.0,1,0,128,2,204685.91,0.5,0.0,0,0,365354.76,0,presunto
52,RAC101013D97,Consultoria,6,432853.47,72142.24,149727.24,56011.71,0.8333,4,1,1,1,2,0.5,0.0,1,0,934,4,395370.94,0.3333,0.0,0,0,432853.47,0,presunto
52,WMA241027G64,Transporte,10,459006.86,45900.69,48075.77,2031.24,0.0,6,1,1,1,10,0.0,0.6,0,0,1698,9,410931.09,0.0,0.0,0,0,459006.86,0,no_listado
52,RHR081219FOT,Mantenimiento,1,9860.0,9860.0,9860.0,0.0,0.0,1,0,0,0,0,0.0,0.0,0,0,1126,1,9860.0,0.0,0.0,0,0,9860.0,0,no_listado
52,YLK081209HG5,Seguridad,8,556800.0,69600.0,69600.0,0.0,0.0,5,1,1,0,0,0.0,0.0,0,0,1249,7,487200.0,0.0,0.0,0,0,556800.0,0,no_listado
52,EXS220812O1R,Papeleria,4,47680.65,11920.16,13741.26,1260.15,0.0,2,1,1,0,0,0.0,0.0,0,0,2180,3,37008.01,0.25,0.0,0,0,47680.65,0,no_listado
52,BQH260509H3P,Consultoria,6,314743.71,52457.28,61547.13,6688.11,0.0,4,1,1,0,0,0.0,0.0,0,0,2186,5,266229.15,0.1667,0.0,0,0,314743.71,0,no_listado
52,EPZ020717NMQ,Construccion,9,488955.63,54328.4,77883.66,13920.72,0.0,5,1,1,1,9,0.0,0.0,0,0,58,8,454136.81,0.1111,0.0,0,0,488955.63,0,no_listado
52,CGC130712JI9,Consultoria,5,146000.52,29200.1,39951.1,5669.42,0.0,3,1,1,0,0,0.0,0.0,1,0,2612,5,146000.52,0.0,0.0,0,0,146000.52,0,favorable
52,ZDB0602280MA,Limpieza,8,33916.64,4239.58,6642.98,1226.04,0.0,1,0,0,0,0,0.0,0.0,0,0,2409,8,33916.64,0.0,0.0,0,0,33916.64,0,no_listado
52,WWY140807E47,Mantenimiento,6,45246.7,7541.12,10216.94,1686.04,0.0,4,1,1,1,6,1.0,0.0,0,0,1588,6,45246.7,0.0,0.0,0,0,45246.7,0,no_listado
53,FLZ190526LAI,Construccion,8,462653.96,57831.75,145939.04,52947.21,0.75,3,0,0,1,2,0.0,0.0,0,0,2150,7,322321.23,0.125,0.0,0,0,462653.96,0,no_listado
53,CQU070416UKE,Seguridad,8,681910.06,85238.76,142551.09,53652.7,0.625,4,1,1,1,8,0.125,0.125,0,0,1978,7,548687.8,0.125,0.0,0,0,681910.06,0,no_listado
53,KDE100111XHO,Limpieza,9,395242.67,43915.85,110193.4,33713.87,0.3333,5,1,1,1,9,0.0,0.0,0,0,1259,8,285049.27,0.1111,0.0,0,0,395242.67,0,no_listado
53,FTX100304L6K,Mantenimiento,6,442860.32,73810.05,125111.44,44703.84,0.6667,4,1,1,1,6,0.0,0.0,0,0,1983,4,367064.59,0.3333,0.0,0,0,442860.32,0,no_listado
53,STR260319L4W,Tecnologia,6,474653.46,79108.91,151854.14,51365.38,0.5,5,0,0,1,3,0.0,0.0,0,0,1311,5,457189.65,0.1667,0.0,0,0,474653.46,0,no_listado
53,SFD150416FUB,Logistica,8,636111.15,79513.89,167665.96,56333.6,0.625,5,1,1,1,8,0.125,0.0,0,0,657,7,468445.19,0.125,0.0,0,0,636111.15,0,no_listado
53,GVD050719OV9,Papeleria,5,355775.09,71155.02,138090.43,53882.4,0.6,5,1,1,1,5,0.0,0.2,0,0,1826,4,222709.67,0.2,0.0,0,0,355775.09,0,no_listado
53,FBE020802UEP,Transporte,9,469641.9,52182.43,153951.92,45491.25,0.4444,4,1,1,1,9,0.1111,0.1111,0,0,1245,6,344588.06,0.3333,0.0,0,0,469641.9,0,no_listado
53,TUA0710155FR,Consultoria,8,615102.12,76887.77,148293.91,40946.76,0.625,5,1,1,1,8,0.0,0.0,0,0,1655,6,365356.32,0.25,0.0,0,0,615102.12,0,no_listado
53,GPO240417EN8,Mantenimiento,6,526048.04,87674.67,170280.51,61857.25,0.8333,4,0,0,1,5,0.0,0.2,0,0,607,6,526048.04,0.0,0.0,0,0,526048.04,0,no_listado
53,AZR170816ZB8,Publicidad,6,425542.92,70923.82,120782.6,32495.09,0.6667,4,1,1,1,6,0.1667,0.0,0,0,1509,5,304760.32,0.1667,0.0,0,0,425542.92,0,no_listado
53,TEF021109XT7,Mantenimiento,7,494936.83,70705.26,149650.52,47522.8,0.1429,4,0,0,1,4,0.0,0.0,0,0,1632,6,471054.45,0.1429,0.0,0,0,494936.83,0,no_listado
53,IIC160607LZ5,Consultoria,8,747280.02,93410.0,153765.33,39199.8,0.625,5,0,0,0,0,0.0,0.0,1,1,150,8,747280.02,0.0,1.0,0,1,747280.02,1,definitivo
53,VWS190919BFM,Transporte,1,1653589.62,1653589.62,1653589.62,0.0,1.0,1,0,0,0,0,0.0,0.0,0,0,196,1,1653589.62,0.0,0.0,0,0,1653589.62,1,no_listado
53,TYS050914KVU,Consultoria,12,582660.59,48555.05,49737.49,811.49,0.5,5,0,0,1,12,1.0,1.0,0,0,1221,12,582660.59,0.0,1.0,0,0,582660.59,1,no_listado
53,CDC101127Q8M,Papeleria,5,392206.35,78441.27,114652.2,39405.86,0.8,3,0,0,1,5,1.0,0.0,0,0,1806,5,392206.35,0.0,0.0,0,0,392206.35,1,no_listado
53,NNC121031D79,Mantenimiento,7,294634.75,42090.68,96198.49,27161.54,0.5714,4,1,1,1,4,0.25,0.25,1,0,199,7,294634.75,0.0,0.0,0,0,294634.75,0,desvirtuado
53,MBA070705U6A,Seguridad,7,517616.8,73945.26,160575.19,54457.64,0.5714,4,1,1,1,4,0.0,0.0,1,0,464,7,517616.8,0.0,0.0,0,0,517616.8,0,desvirtuado
53,CMC091201783,Tecnologia,6,405349.66,67558.28,138830.68,51279.44,0.5,4,1,1,1,2,0.5,0.0,1,0,2133,5,266518.98,0.0,0.0,0,0,405349.66,0,favorable
53,LIN1305082H2,Tecnologia,7,651544.79,93077.83,162976.54,56923.23,0.4286,3,1,1,1,4,0.5,0.0,1,0,1756,6,632554.94,0.1429,0.0,0,0,651544.79,0,favorable
53,OIAJ890108AH2,Publicidad,7,582432.84,83204.69,151015.54,47312.65,0.7143,3,1,1,1,6,0.0,0.0,1,0,702,4,261763.45,0.4286,0.0,0,0,582432.84,0,presunto
53,REVS591222A30,Limpieza,3,238363.72,79454.57,111836.42,42393.84,0.6667,2,1,1,1,1,0.0,0.0,1,0,1461,1,106960.54,0.6667,0.0,0,0,238363.72,0,presunto
53,FBJ050109XG8,Transporte,10,444621.04,44462.1,47512.66,1801.33,0.0,4,1,1,1,10,0.0,0.4,0,0,1712,6,266432.26,0.3,0.0,0,0,444621.04,0,no_listado
53,CXS140622L62,Mantenimiento,1,9860.0,9860.0,9860.0,0.0,0.0,1,0,0,0,0,0.0,0.0,0,0,1061,1,9860.0,0.0,0.0,0,0,9860.0,0,no_listado
53,SVE140708BCY,Seguridad,8,556800.0,69600.0,69600.0,0.0,0.0,6,1,1,0,0,0.0,0.0,0,0,1249,7,487200.0,0.0,0.0,0,0,556800.0,0,no_listado
53,UAV250313555,Papeleria,4,61752.78,15438.19,17122.39,1464.29,0.0,4,1,1,0,0,0.0,0.0,0,0,2133,4,61752.78,0.0,0.0,0,0,61752.78,0,no_listado
53,OKK101008AZX,Consultoria,6,324091.89,54015.32,63223.79,6548.85,0.0,4,1,1,0,0,0.0,0.0,0,0,2190,5,262674.38,0.1667,0.0,0,0,324091.89,0,no_listado
53,ISC020124E3R,Construccion,9,546590.96,60732.33,76177.17,10203.05,0.0,5,1,1,1,9,0.0,0.2222,0,0,83,8,476805.35,0.1111,0.0,0,0,546590.96,0,no_listado
53,STE190704K41,Consultoria,5,159176.16,31835.23,41060.84,6132.68,0.0,4,1,1,0,0,0.0,0.0,1,0,2572,5,159176.16,0.0,0.0,0,0,159176.16,0,desvirtuado
53,JSX140926SQ2,Limpieza,8,33009.21,4126.15,5758.08,1008.91,0.0,1,0,0,0,0,0.0,0.0,0,0,2443,8,33009.21,0.0,0.0,0,0,33009.21,0,no_listado
53,MHX21111780C,Mantenimiento,6,46428.54,7738.09,9937.44,1751.0,0.5,4,1,1,1,6,1.0,0.0,0,0,1602,5,37045.16,0.1667,0.0,0,0,46428.54,0,no_listado
54,TXC1511049KE,Publicidad,4,307084.68,76771.17,99740.51,22936.83,0.25,4,1,1,1,4,0.0,0.0,0,0,2559,4,307084.68,0.0,0.0,0,0,307084.68,0,no_listado
54,DPM2203145CS,Publicidad,6,497570.66,82928.44,139462.71,38162.96,0.6667,3,1,1,1,6,0.1667,0.0,0,0,160,4,313910.83,0.3333,0.0,0,0,497570.66,0,no_listado
54,NRJ260518SIT,Publicidad,7,731569.23,104509.89,162977.97,53704.52,0.5714,4,1,1,1,7,0.0,0.0,0,0,2577,6,713786.4,0.1429,0.0,0,0,731569.23,0,no_listado
54,PHG1101200WC,Construccion,5,518227.28,103645.46,159037.72,36828.01,0.6,2,1,1,1,5,0.0,0.0,0,0,50,4,453660.91,0.2,0.0,0,0,518227.28,0,no_listado
54,CKX1904069KM,Seguridad,5,266136.51,53227.3,68120.85,17772.95,0.8,4,0,0,1,1,0.0,0.0,0,0,1637,5,266136.51,0.0,0.0,0,0,266136.51,0,no_listado
54,AOZ210927RS8,Mantenimiento,5,213236.97,42647.39,102350.09,32981.99,0.2,4,1,1,1,5,0.0,0.0,0,0,1120,4,195177.64,0.2,0.0,0,0,213236.97,0,no_listado
54,BYF110807XT6,Transporte,7,286949.07,40992.72,104254.07,28116.66,0.5714,4,1,1,1,7,0.1429,0.1429,0,0,924,7,286949.07,0.0,0.0,0,0,286949.07,0,no_listado
54,KNQ260527B5F,Logistica,4,252624.67,63156.17,149518.23,50918.43,1.0,3,0,0,1,1,0.0,0.0,0,0,149,4,252624.67,0.0,0.0,0,0,252624.67,0,no_listado
54,GXT08102855R,Construccion,9,532266.86,59140.76,126047.78,40151.23,0.4444,5,1,1,1,9,0.1111,0.0,0,0,1541,8,449159.36,0.1111,0.0,0,0,532266.86,0,no_listado
54,CZM0412105JS,Tecnologia,9,882424.66,98047.18,163067.53,55273.52,0.5556,4,1,1,1,9,0.1111,0.0,0,0,2239,8,728129.06,0.1111,0.0,0,0,882424.66,0,no_listado
54,OZO1807060VA,Consultoria,6,468326.16,78054.36,171937.36,53013.01,0.3333,4,1,1,1,6,0.1667,0.0,0,0,106,5,406825.16,0.1667,0.0,0,0,468326.16,0,no_listado
54,KEU240603PJS,Tecnologia,5,469725.26,93945.05,154251.86,32423.04,0.2,4,0,0,1,4,0.5,0.0,0,0,2655,4,315473.4,0.2,0.0,0,0,469725.26,0,no_listado
54,TTE160425288,Consultoria,6,553498.82,92249.8,154733.61,51370.46,0.6667,5,0,0,0,0,0.0,0.0,1,1,184,4,411308.8,0.3333,1.0,0,0,553498.82,1,definitivo
54,WHP180826DUS,Papeleria,1,1327142.76,1327142.76,1327142.76,0.0,0.0,1,0,0,0,0,0.0,0.0,0,0,267,1,1327142.76,0.0,0.0,0,0,1327142.76,1,no_listado
54,KMP060411IBB,Consultoria,11,533114.25,48464.93,49792.58,1253.3,0.8182,5,0,0,1,11,1.0,1.0,0,0,592,11,533114.25,0.0,1.0,0,0,533114.25,1,no_listado
54,LNU2403259XQ,Seguridad,4,429916.3,107479.07,170995.77,46103.51,0.5,3,0,0,1,4,1.0,0.0,0,0,1107,4,429916.3,0.0,0.0,0,0,429916.3,1,no_listado
54,CML131223CB1,Transporte,5,540300.56,108060.11,152212.96,29639.46,0.8,4,1,1,1,3,0.0,0.0,1,0,716,5,540300.56,0.0,0.0,0,0,540300.56,0,desvirtuado
54,PMA021223QQ4,Transporte,6,560467.84,93411.31,162777.99,46630.3,0.3333,4,0,0,1,4,0.25,0.0,1,0,281,5,450274.44,0.1667,0.0,0,0,560467.84,0,desvirtuado
54,PRE150313TB4,Limpieza,5,211999.21,42399.84,73178.1,23322.23,0.4,3,1,1,1,2,0.0,0.0,1,0,1035,4,138821.11,0.2,0.0,0,0,211999.21,0,favorable
54,CME1111224P3,Logistica,3,378545.31,126181.77,173223.14,64438.89,0.3333,3,1,1,1,3,0.0,0.0,1,0,2548,3,378545.31,0.0,0.0,0,0,378545.31,0,favorable
54,EPP230926PB5,Papeleria,4,209265.9,52316.47,88799.58,34338.28,1.0,3,1,1,1,2,0.0,0.0,1,0,514,3,120466.32,0.25,0.0,0,0,209265.9,0,presunto
54,IIRM841011894,Publicidad,6,366940.42,61156.74,158211.3,46475.45,0.5,3,0,0,1,1,0.0,0.0,1,0,1760,4,293163.05,0.3333,0.0,0,0,366940.42,0,presunto
54,UYH1903038TE,Transporte,10,440620.87,44062.09,47945.36,2288.16,0.0,6,1,1,1,10,0.0,0.3,0,0,1698,9,393437.13,0.1,0.0,0,0,440620.87,0,no_listado
54,FGD030812O4K,Mantenimiento,1,9860.0,9860.0,9860.0,0.0,0.0,1,0,0,0,0,0.0,0.0,0,0,1196,1,9860.0,0.0,0.0,0,0,9860.0,0,no_listado
54,QXT1109250FO,Seguridad,8,556800.0,69600.0,69600.0,0.0,0.0,4,1,1,0,0,0.0,0.0,0,0,1249,7,487200.0,0.0,0.0,0,1,556800.0,0,no_listado
54,INJ100510C4M,Papeleria,4,51348.44,12837.11,13836.48,592.06,0.0,2,1,1,0,0,0.0,0.0,0,0,2188,3,38968.05,0.0,0.0,0,0,51348.44,0,no_listado
54,MWD050110R9N,Consultoria,6,333482.35,55580.39,57587.47,1171.96,0.0,4,1,1,0,0,0.0,0.0,0,0,2194,6,333482.35,0.0,0.0,0,0,333482.35,0,no_listado
54,LFW221211OYZ,Construccion,9,571766.36,63529.6,78973.06,13291.04,0.0,6,1,1,1,9,0.0,0.1111,0,0,128,9,571766.36,0.0,0.0,0,0,571766.36,0,no_listado
54,PEGL760303T50,Consultoria,5,219885.24,43977.05,45703.22,1437.48,0.0,4,1,1,0,0,0.0,0.0,1,0,2588,5,219885.24,0.0,0.0,0,0,219885.24,0,favorable
54,YZU200621YUA,Limpieza,8,39058.1,4882.26,6915.47,1832.21,0.0,1,0,0,0,0,0.0,0.0,0,0,2418,8,39058.1,0.0,0.0,0,0,39058.1,0,no_listado
54,UDH110707VZT,Mantenimiento,6,42980.7,7163.45,10164.29,1671.46,0.1667,3,1,1,1,6,1.0,0.0,0,0,1675,5,36932.83,0.1667,0.0,0,0,42980.7,0,no_listado
55,AFE100824W4B,Logistica,4,253427.87,63356.97,149850.28,53254.28,0.5,2,1,1,1,4,0.25,0.0,0,0,1497,3,234193.43,0.25,0.0,0,0,253427.87,0,no_listado
55,QRF200704QF7,Seguridad,5,513200.48,102640.1,161327.49,54261.51,0.4,3,1,1,1,5,0.0,0.0,0,0,2491,5,513200.48,0.0,0.0,0,0,513200.48,0,no_listado
55,MQT070123TTT,Limpieza,3,225520.05,75173.35,132100.17,41613.6,0.6667,3,1,1,1,3,0.0,0.0,0,0,961,2,165885.68,0.3333,0.0,0,0,225520.05,0,no_listado
55,MQZ24050941C,Papeleria,8,510570.82,63821.35,147627.42,44908.51,0.75,5,1,1,1,8,0.0,0.0,0,0,2083,7,362943.4,0.125,0.0,0,0,510570.82,0,no_listado
55,SWI1010143W1,Publicidad,4,511270.46,127817.62,149398.79,23888.17,0.75,3,0,0,1,1,0.0,0.0,0,0,1423,4,511270.46,0.0,0.0,0,0,511270.46,0,no_listado
55,TUC050523NV7,Seguridad,7,699861.95,99980.28,162654.93,56553.47,0.4286,5,1,1,1,7,0.1429,0.1429,0,0,2039,5,500780.35,0.2857,0.0,0,0,699861.95,0,no_listado
55,LUF200709YVR,Publicidad,4,404131.21,101032.8,159978.5,53085.14,0.5,1,0,0,1,4,0.0,0.0,0,0,231,4,404131.21,0.0,0.0,0,0,404131.21,0,no_listado
55,KUJ260309ALN,Limpieza,7,521288.11,74469.73,124151.1,39403.21,0.4286,5,0,0,1,2,0.0,0.0,0,0,206,6,502207.87,0.1429,0.0,0,0,521288.11,0,no_listado
55,HFO020216WKP,Tecnologia,8,604842.53,75605.32,163408.11,41671.99,0.375,5,0,0,1,4,0.0,0.0,0,0,1754,8,604842.53,0.0,0.0,0,0,604842.53,0,no_listado
55,NEP0507022FC,Papeleria,3,191303.35,63767.78,93949.3,32614.63,0.3333,3,0,0,1,2,0.0,0.0,0,0,1420,3,191303.35,0.0,0.0,0,0,191303.35,0,no_listado
55,JXD220705YOQ,Construccion,8,550887.06,68860.88,158874.1,53083.99,0.25,4,1,1,1,8,0.125,0.125,0,0,382,8,550887.06,0.0,0.0,0,0,550887.06,0,no_listado
55,LQR240507PUA,Seguridad,6,371671.23,61945.21,138819.17,47809.25,0.3333,4,1,1,1,6,0.1667,0.0,0,0,2509,6,371671.23,0.0,0.0,0,0,371671.23,0,no_listado
55,PCI140514IJ9,Consultoria,5,337757.5,67551.5,130423.76,36847.99,0.4,4,0,0,0,0,0.0,0.0,1,1,2341,5,337757.5,0.0,1.0,0,0,337757.5,1,definitivo
55,MTG210904YNJ,Transporte,1,1735988.91,1735988.91,1735988.91,0.0,0.0,1,0,0,0,0,0.0,0.0,0,0,316,1,1735988.91,0.0,0.0,0,0,1735988.91,1,no_listado
55,QTI051223RYQ,Limpieza,11,535086.47,48644.22,49672.14,670.35,0.4545,6,1,1,1,11,1.0,1.0,0,0,101,9,436857.86,0.0,1.0,0,0,535086.47,1,no_listado
55,VHT260124ZSQ,Mantenimiento,6,383915.08,63985.85,168735.95,56422.18,0.3333,5,0,0,1,6,1.0,0.0,0,0,285,6,383915.08,0.0,0.0,0,0,383915.08,1,no_listado
55,CMO070907SW0,Construccion,6,281625.45,46937.57,71789.8,15863.91,0.3333,4,1,1,1,2,0.0,0.5,1,0,63,5,235444.28,0.1667,0.0,0,0,281625.45,0,desvirtuado
55,GCA130617KE5,Publicidad,3,264482.64,88160.88,152717.82,54362.76,0.3333,2,1,1,1,3,0.3333,0.0,1,0,156,3,264482.64,0.0,0.0,0,0,264482.64,0,desvirtuado
55,GJM130517HD1,Transporte,3,261313.16,87104.39,134134.5,48901.54,0.3333,3,1,1,1,2,0.5,0.0,1,0,348,2,241634.73,0.3333,0.0,0,0,261313.16,0,favorable
55,HEC1011032L4,Logistica,6,405450.67,67575.11,114920.41,22236.02,0.5,4,1,1,1,4,0.0,0.0,1,0,858,6,405450.67,0.0,0.0,0,0,405450.67,0,favorable
55,GLC1907223L5,Papeleria,5,651335.06,130267.01,164424.07,28812.0,0.6,4,0,0,1,2,0.0,0.0,1,0,346,4,566279.8,0.2,0.0,0,0,651335.06,0,presunto
55,DBA230202IZA,Logistica,6,468763.84,78127.31,119631.46,39759.26,0.5,3,0,0,1,3,0.0,0.0,1,0,1039,5,384554.85,0.1667,0.0,0,0,468763.84,0,presunto
55,BKT010608XFO,Transporte,10,463776.9,46377.69,48145.35,2058.21,0.0,4,1,1,1,10,0.0,0.8,0,0,1723,10,463776.9,0.0,0.0,0,0,463776.9,0,no_listado
55,TAF250428PLD,Mantenimiento,1,9860.0,9860.0,9860.0,0.0,0.0,1,0,0,0,0,0.0,0.0,0,0,1249,1,9860.0,0.0,0.0,0,0,9860.0,0,no_listado
55,RDR110408YGO,Seguridad,8,556800.0,69600.0,69600.0,0.0,0.0,5,1,1,0,0,0.0,0.0,0,0,1249,7,487200.0,0.0,0.0,0,0,556800.0,0,no_listado
55,JPR190605O46,Papeleria,4,61359.91,15339.98,17033.8,1609.8,0.0,4,1,1,0,0,0.0,0.0,0,0,2160,4,61359.91,0.0,0.0,0,0,61359.91,0,no_listado
55,RKN101209OK9,Consultoria,6,327924.4,54654.07,59878.98,5074.37,0.0,3,1,1,0,0,0.0,0.0,0,0,2217,6,327924.4,0.0,0.0,0,0,327924.4,0,no_listado
55,QXQ170222TFW,Construccion,9,465282.01,51698.0,75017.23,12964.47,0.0,5,1,1,1,9,0.0,0.2222,0,0,21,9,465282.01,0.0,0.0,0,0,465282.01,0,no_listado
55,BAL111125IA0,Consultoria,5,167324.56,33464.91,42720.34,6042.59,0.0,3,1,1,0,0,0.0,0.0,1,0,2624,5,167324.56,0.0,0.0,0,0,167324.56,0,favorable
55,GUI000702FBZ,Limpieza,8,40377.62,5047.2,6927.81,1480.69,0.0,1,0,0,0,0,0.0,0.0,0,0,2416,8,40377.62,0.0,0.0,0,0,40377.62,0,no_listado
55,SXM15022459G,Mantenimiento,6,44380.47,7396.74,9475.96,1493.17,0.5,4,1,1,1,6,1.0,0.0,0,0,1590,6,44380.47,0.0,0.0,0,0,44380.47,0,no_listado
56,HJP191219FDG,Limpieza,8,466944.29,58368.04,161783.69,54617.2,0.25,4,0,0,1,2,0.0,0.5,0,0,1078,8,466944.29,0.0,0.0,0,0,466944.29,0,no_listado
56,JTR000305UXI,Tecnologia,5,474703.73,94940.75,158914.32,53050.57,0.0,3,0,0,1,4,0.0,0.0,0,0,2254,3,297339.26,0.4,0.0,0,0,474703.73,0,no_listado
56,ZXU190927K7Q,Papeleria,5,405673.98,81134.8,172447.28,51851.56,0.8,3,1,1,1,5,0.0,0.0,0,0,132,5,405673.98,0.0,0.0,0,0,405673.98,0,no_listado
56,VTU160109S1E,Tecnologia,7,626753.59,89536.23,170413.54,52528.36,0.8571,5,1,1,1,7,0.0,0.0,0,0,246,5,484374.81,0.1429,0.0,0,0,626753.59,0,no_listado
56,PBZ0611111CJ,Construccion,8,708002.31,88500.29,173265.94,56366.22,0.5,4,0,0,1,1,0.0,0.0,0,0,2022,8,708002.31,0.0,0.0,0,0,708002.31,0,no_listado
56,ADG2201121BE,Limpieza,8,541843.57,67730.45,170234.67,60438.65,0.5,3,1,1,1,8,0.25,0.0,0,0,2254,6,273225.74,0.25,0.0,0,0,541843.57,0,no_listado
56,PJG080924PLP,Tecnologia,6,401067.46,66844.58,123528.98,38050.23,0.5,2,0,0,1,1,0.0,0.0,0,0,682,6,401067.46,0.0,0.0,0,0,401067.46,0,no_listado
56,PXS181116GV8,Construccion,7,520393.25,74341.89,153429.12,49711.22,0.4286,5,0,0,1,4,0.5,0.0,0,0,2485,6,465501.55,0.1429,0.0,0,0,520393.25,0,no_listado
56,UFI040516NQ2,Mantenimiento,3,126634.58,42211.53,62318.7,18550.51,0.6667,2,0,0,1,3,0.0,0.3333,0,0,277,3,126634.58,0.0,0.0,0,0,126634.58,0,no_listado
56,MWM200119TRT,Construccion,6,573547.94,95591.32,143310.43,34933.36,0.5,3,0,0,1,5,0.4,0.0,0,0,1335,5,522224.1,0.1667,0.0,0,0,573547.94,0,no_listado
56,IKB100824ZPM,Publicidad,7,449683.3,64240.47,118712.59,39223.72,0.5714,5,1,1,1,7,0.0,0.0,0,0,1272,6,364315.98,0.1429,0.0,0,0,449683.3,0,no_listado
56,OYJ0902207VU,Seguridad,5,495823.83,99164.77,157187.27,31367.23,1.0,3,1,1,1,5,0.0,0.0,0,0,1412,3,273299.2,0.4,0.0,0,0,495823.83,0,no_listado
56,CACS751023AGA,Consultoria,7,626799.41,89542.77,150161.3,48501.14,0.5714,4,0,0,0,0,0.0,0.0,1,1,1152,7,626799.41,0.0,1.0,0,0,626799.41,1,definitivo
56,DDI110904T1B,Papeleria,1,985010.13,985010.13,985010.13,0.0,1.0,1,0,0,0,0,0.0,0.0,0,0,2070,1,985010.13,0.0,0.0,0,0,985010.13,1,no_listado
56,VJJ00122845X,Seguridad,14,674490.61,48177.9,49722.85,985.17,0.6429,5,1,1,1,14,1.0,1.0,0,0,510,11,532157.3,0.0,1.0,0,0,674490.61,1,no_listado
56,XIB001023N1V,Publicidad,6,545050.8,90841.8,171925.35,59505.7,0.6667,4,0,0,1,6,1.0,0.0,0,0,191,5,373125.45,0.1667,0.0,0,0,545050.8,1,no_listado
56,PEF110805PG6,Transporte,3,107258.28,35752.76,60004.2,17546.07,0.6667,3,1,1,1,2,0.0,0.0,1,0,1244,3,107258.28,0.0,0.0,0,0,107258.28,0,desvirtuado
56,CCG150408U15,Tecnologia,6,367505.3,61250.88,164467.68,49137.02,0.6667,5,0,0,1,3,0.0,0.3333,1,0,1564,4,329352.8,0.3333,0.0,0,0,367505.3,0,desvirtuado
56,MCO0806126R6,Mantenimiento,7,531424.82,75917.83,168735.95,43389.48,0.5714,5,1,1,1,1,0.0,0.0,1,0,2071,7,531424.82,0.0,0.0,0,0,531424.82,0,favorable
56,MEN1706152C2,Logistica,3,150181.26,50060.42,79373.08,25062.98,0.3333,2,0,0,0,0,0.0,0.0,1,0,1842,2,132034.2,0.3333,0.0,0,0,150181.26,0,favorable
56,COL201013P10,Seguridad,4,271319.06,67829.76,129752.37,40687.35,0.25,4,1,1,1,1,0.0,0.0,1,0,2536,2,203129.36,0.5,0.0,0,0,271319.06,0,presunto
56,LCB171115GN5,Publicidad,4,373023.4,93255.85,147086.91,42794.1,0.25,3,0,0,1,2,0.0,0.0,1,0,1782,2,224162.03,0.5,0.0,0,0,373023.4,0,presunto
56,MSK080908WRG,Transporte,10,426313.74,42631.37,46262.86,1593.87,0.0,5,1,1,1,10,0.0,0.1,0,0,1708,9,384909.57,0.0,0.0,0,0,426313.74,0,no_listado
56,SBK000221FZ1,Mantenimiento,1,9860.0,9860.0,9860.0,0.0,0.0,1,0,0,0,0,0.0,0.0,0,0,1190,1,9860.0,0.0,0.0,0,0,9860.0,0,no_listado
56,JED180605Y89,Seguridad,8,556800.0,69600.0,69600.0,0.0,0.0,4,1,1,0,0,0.0,0.0,0,0,1249,7,487200.0,0.0,0.0,0,0,556800.0,0,no_listado
56,TXJ010313JY8,Papeleria,4,57077.95,14269.49,16754.73,2051.78,0.0,4,1,1,0,0,0.0,0.0,0,0,2132,4,57077.95,0.0,0.0,0,0,57077.95,0,no_listado
56,XEY111212JW0,Consultoria,6,332523.08,55420.51,62184.49,5038.06,0.0,5,1,1,0,0,0.0,0.0,0,0,2188,6,332523.08,0.0,0.0,0,0,332523.08,0,no_listado
56,MHN110224N36,Construccion,9,562518.64,62502.07,74150.9,10874.03,0.0,5,1,1,1,9,0.0,0.0,0,0,77,8,495917.83,0.1111,0.0,0,0,562518.64,0,no_listado
56,CGC13081356A,Consultoria,5,197838.91,39567.78,45400.8,6236.66,0.0,4,1,1,0,0,0.0,0.0,1,0,2585,5,197838.91,0.0,0.0,0,0,197838.91,0,favorable
56,XBU041123CI1,Limpieza,8,43936.64,5492.08,6570.17,769.84,0.0,1,0,0,0,0,0.0,0.0,0,0,2462,8,43936.64,0.0,0.0,0,0,43936.64,0,no_listado
56,JPG191027NAY,Mantenimiento,6,43821.67,7303.61,9468.52,1347.86,0.6667,4,1,1,1,6,1.0,0.0,0,0,1674,5,38389.88,0.1667,0.0,0,0,43821.67,0,no_listado
57,VMM081104RVZ,Publicidad,5,334803.49,66960.7,142139.61,52060.84,0.2,3,0,0,1,3,0.0,0.0,0,0,2103,4,218462.0,0.2,0.0,0,0,334803.49,0,no_listado
57,QHU22042290C,Seguridad,3,246140.4,82046.8,135437.4,43017.31,0.3333,2,1,1,1,3,0.0,0.0,0,0,256,3,246140.4,0.0,0.0,0,0,246140.4,0,no_listado
57,UXX221113CKO,Papeleria,4,168298.18,42074.54,112684.52,40772.71,0.0,4,1,1,1,4,0.0,0.0,0,0,1938,4,168298.18,0.0,0.0,0,0,168298.18,0,no_listado
57,IAM0210054AB,Seguridad,3,144064.43,48021.48,61672.19,9653.49,0.3333,2,1,1,1,3,0.0,0.0,0,0,305,3,144064.43,0.0,0.0,0,0,144064.43,0,no_listado
57,DWE111108KPS,Papeleria,4,262824.63,65706.16,133952.77,42581.5,0.75,3,1,1,1,4,0.0,0.0,0,0,1015,4,262824.63,0.0,0.0,0,0,262824.63,0,no_listado
57,LEJ010112JSU,Consultoria,8,548274.57,68534.32,132648.99,50629.69,0.25,4,0,0,1,1,0.0,0.0,0,0,96,7,529747.32,0.0,0.0,0,0,548274.57,0,no_listado
57,DDQ111125XT2,Tecnologia,3,335676.02,111892.01,155804.66,37154.65,0.3333,3,0,0,1,3,0.3333,0.0,0,0,789,3,335676.02,0.0,0.0,0,0,335676.02,0,no_listado
57,YKT140704PB5,Consultoria,9,620223.39,68913.71,165843.39,53770.59,0.6667,5,0,0,1,7,0.1429,0.0,0,0,216,9,620223.39,0.0,0.0,0,0,620223.39,0,no_listado
57,XII020510X93,Construccion,4,410955.41,102738.85,173024.74,70677.26,0.5,4,1,1,1,4,0.0,0.25,0,0,1071,1,46250.12,0.75,0.0,0,0,410955.41,0,no_listado
57,QVV1803110F3,Transporte,3,142383.0,47461.0,99160.18,36684.76,0.3333,3,1,1,1,3,0.0,0.0,0,0,871,2,124520.4,0.3333,0.0,0,0,142383.0,0,no_listado
57,GKK200509P9L,Tecnologia,7,516770.21,73824.32,124303.56,38128.26,0.2857,5,1,1,1,7,0.0,0.0,0,0,253,6,408862.3,0.0,0.0,0,0,516770.21,0,no_listado
57,GHZ210527BGU,Tecnologia,4,228005.9,57001.48,98617.82,38735.14,0.5,4,1,1,1,4,0.0,0.0,0,0,868,4,228005.9,0.0,0.0,0,0,228005.9,0,no_listado
57,CIV150326HS0,Consultoria,7,498309.8,71187.11,146701.51,48875.21,0.8571,4,0,0,0,0,0.0,0.0,1,1,770,5,334192.33,0.2857,1.0,0,0,498309.8,1,definitivo
57,PUD11042129L,Logistica,1,1239281.8,1239281.8,1239281.8,0.0,1.0,1,0,0,0,0,0.0,0.0,0,0,215,1,1239281.8,0.0,0.0,0,0,1239281.8,1,no_listado
57,OAR140418VU4,Mantenimiento,14,673753.15,48125.22,49781.2,898.5,0.6429,6,0,0,1,14,1.0,1.0,0,0,1886,12,578696.58,0.0,1.0,0,0,673753.15,1,no_listado
57,FMZ220607BRN,Logistica,5,429059.77,85811.95,166077.35,52959.1,0.6,3,0,0,1,5,1.0,0.0,0,0,305,5,429059.77,0.0,0.0,0,0,429059.77,1,no_listado
57,EED1306245R1,Logistica,3,157346.96,52448.99,97034.63,32692.65,0.0,3,1,1,1,3,0.6667,0.0,1,0,2119,3,157346.96,0.0,0.0,0,0,157346.96,0,desvirtuado
57,LMM130711NW5,Consultoria,4,348280.49,87070.12,138324.14,45839.08,1.0,2,1,1,1,2,0.5,0.0,1,0,1199,3,209956.35,0.25,0.0,0,0,348280.49,0,desvirtuado
57,RPU110721NB7,Papeleria,5,461862.67,92372.53,139931.24,39364.88,0.6,4,0,0,1,3,0.3333,0.3333,1,0,109,5,461862.67,0.0,0.0,0,0,461862.67,0,favorable
57,ACG1108183I5,Mantenimiento,3,340368.23,113456.08,161217.0,47685.12,0.3333,3,1,1,1,1,0.0,1.0,1,0,1121,3,340368.23,0.0,0.0,0,0,340368.23,0,favorable
57,MAN210408HI0,Mantenimiento,5,384790.13,76958.03,121260.09,33180.79,0.2,3,1,1,1,2,0.0,0.0,1,0,2115,4,307729.44,0.2,0.0,0,0,384790.13,0,presunto
57,REF200227SY7,Seguridad,7,582522.18,83217.45,150413.27,39923.51,0.7143,5,1,1,1,1,0.0,0.0,1,0,122,5,421480.72,0.2857,0.0,0,0,582522.18,0,presunto
57,VOY140205PBB,Transporte,10,446915.42,44691.54,47879.2,2414.58,0.0,6,1,1,1,10,0.0,0.5,0,0,1698,10,446915.42,0.0,0.0,0,0,446915.42,0,no_listado
57,IYO050328SUC,Mantenimiento,1,9860.0,9860.0,9860.0,0.0,0.0,1,0,0,0,0,0.0,0.0,0,0,1070,1,9860.0,0.0,0.0,0,0,9860.0,0,no_listado
57,AWF240719W5L,Seguridad,8,556800.0,69600.0,69600.0,0.0,0.0,4,1,1,0,0,0.0,0.0,0,0,1249,8,556800.0,0.0,0.0,0,0,556800.0,0,no_listado
57,QGT030522EA7,Papeleria,4,57150.14,14287.53,17218.91,1752.38,0.0,3,1,1,0,0,0.0,0.0,0,0,2195,3,39931.23,0.25,0.0,0,0,57150.14,0,no_listado
57,NSK161002QW9,Consultoria,6,324598.87,54099.81,60675.7,3855.28,0.0,3,1,1,0,0,0.0,0.0,0,0,2193,5,263923.17,0.1667,0.0,0,0,324598.87,0,no_listado
57,UWZ04101769H,Construccion,9,523633.06,58181.45,79912.43,10638.38,0.0,5,1,1,1,9,0.0,0.0,0,0,105,9,523633.06,0.0,0.0,0,0,523633.06,0,no_listado
57,ICT141023EC0,Consultoria,5,202813.29,40562.66,42536.47,2577.53,0.0,4,1,1,0,0,0.0,0.0,1,0,2683,5,202813.29,0.0,0.0,0,0,202813.29,0,favorable
57,RRZ01022583P,Limpieza,8,25882.8,3235.35,6713.59,1364.14,0.0,1,0,0,0,0,0.0,0.0,0,0,2434,8,25882.8,0.0,0.0,0,0,25882.8,0,no_listado
57,ILK0611263XR,Mantenimiento,6,36082.14,6013.69,7465.41,835.76,0.5,3,1,1,1,6,1.0,0.0,0,0,1613,6,36082.14,0.0,0.0,0,0,36082.14,0,no_listado
58,IXL070706S7L,Tecnologia,4,499064.7,124766.18,172537.04,61546.2,0.5,3,1,1,1,4,0.0,0.0,0,0,696,4,499064.7,0.0,0.0,0,0,499064.7,0,no_listado
58,KXX170128LBZ,Consultoria,6,520409.62,86734.94,160429.01,47075.51,0.6667,5,1,1,1,6,0.0,0.0,0,0,781,6,520409.62,0.0,0.0,0,0,520409.62,0,no_listado
58,KFL030604C6K,Transporte,9,574201.37,63800.15,167078.22,44886.11,0.5556,5,1,1,1,9,0.0,0.1111,0,0,2101,7,303187.31,0.2222,0.0,0,0,574201.37,0,no_listado
58,XBM2310234DM,Consultoria,8,687984.49,85998.06,163124.42,58495.53,0.25,4,1,1,1,8,0.125,0.0,0,0,288,8,687984.49,0.0,0.0,0,0,687984.49,0,no_listado
58,GQC080410DG6,Seguridad,6,542838.63,90473.1,168735.95,58572.4,0.6667,2,0,0,1,5,0.2,0.0,0,0,2196,6,542838.63,0.0,0.0,0,0,542838.63,0,no_listado
58,EOP220721L3S,Publicidad,8,434366.33,54295.79,116111.85,37430.14,0.625,4,0,0,1,6,0.3333,0.1667,0,0,1986,7,318254.48,0.0,0.0,0,0,434366.33,0,no_listado
58,OIE160313S4Q,Papeleria,3,208567.05,69522.35,97058.97,36359.17,0.3333,3,1,1,1,3,0.0,0.0,0,0,2198,3,208567.05,0.0,0.0,0,0,208567.05,0,no_listado
58,LQO0104091SY,Tecnologia,8,475742.31,59467.79,150205.77,42896.54,0.5,6,0,0,1,2,0.0,0.0,0,0,1254,4,283266.28,0.5,0.0,0,0,475742.31,0,no_listado
58,SBJ241002RFD,Limpieza,9,581132.16,64570.24,144230.53,37897.42,0.5556,5,0,0,1,5,0.0,0.0,0,0,2344,7,410223.53,0.2222,0.0,0,0,581132.16,0,no_listado
58,TDM230221Z60,Publicidad,3,339266.69,113088.9,167503.61,51155.37,1.0,3,1,1,1,3,0.3333,0.0,0,0,206,3,339266.69,0.0,0.0,0,0,339266.69,0,no_listado
58,QGN261027VOG,Transporte,7,464899.37,66414.2,119554.37,29918.21,0.4286,5,0,0,1,3,0.0,0.0,0,0,2520,4,318393.21,0.4286,0.0,0,0,464899.37,0,no_listado
58,BYT181122JT1,Transporte,5,331864.13,66372.83,158056.32,53381.38,0.4,4,0,0,0,0,0.0,0.0,0,0,2502,0,0.0,1.0,0.0,0,0,331864.13,0,no_listado
58,MHK111215AJ4,Consultoria,6,425101.3,70850.22,148511.92,49965.37,1.0,4,0,0,0,0,0.0,0.0,1,1,324,6,425101.3,0.0,1.0,0,0,425101.3,1,definitivo
58,JOA090110QM6,Transporte,1,1099604.74,1099604.74,1099604.74,0.0,0.0,1,0,0,0,0,0.0,0.0,0,0,281,1,1099604.74,0.0,0.0,0,0,1099604.74,1,no_listado
58,EEE200327U7T,Papeleria,10,488110.59,48811.06,49747.71,695.19,0.2,5,0,0,1,10,1.0,1.0,0,0,1251,10,488110.59,0.0,1.0,0,0,488110.59,1,no_listado
58,BDD2506192QV,Tecnologia,6,546569.34,91094.89,166548.66,50259.37,0.3333,4,0,0,1,6,1.0,0.1667,0,0,193,6,546569.34,0.0,0.0,0,0,546569.34,1,no_listado
58,PRH140523329,Transporte,7,571714.47,81673.5,169606.2,51782.69,0.5714,5,1,1,1,3,0.3333,0.0,1,0,2074,6,443613.01,0.1429,0.0,0,0,571714.47,0,desvirtuado
58,CIT101215PF3,Tecnologia,5,298908.42,59781.68,135920.75,39913.59,0.4,4,0,0,1,1,0.0,1.0,1,0,609,4,267864.38,0.2,0.0,0,0,298908.42,0,desvirtuado
58,FFH140820323,Mantenimiento,5,352928.59,70585.72,135964.26,45723.5,0.8,3,0,0,1,3,0.0,0.0,1,0,2526,4,216964.33,0.2,0.0,0,0,352928.59,0,favorable
58,QUTU840903RF3,Consultoria,5,387673.64,77534.73,129821.23,36749.16,0.2,5,0,0,1,2,0.0,0.0,1,0,595,5,387673.64,0.0,0.0,0,0,387673.64,0,favorable
58,MAS0909019S4,Consultoria,5,153401.4,30680.28,77830.17,23583.42,0.2,3,0,0,0,0,0.0,0.0,1,0,291,5,153401.4,0.0,0.0,0,0,153401.4,0,presunto
58,RIT190704D2A,Limpieza,6,360313.72,60052.29,173032.26,57034.29,0.3333,5,1,1,1,3,0.0,0.0,1,0,296,3,210129.31,0.5,0.0,0,0,360313.72,0,presunto
58,BLB23092165F,Transporte,10,454059.99,45406.0,48111.48,2135.75,0.0,6,1,1,1,10,0.0,0.5,0,0,1726,9,409641.87,0.1,0.0,0,0,454059.99,0,no_listado
58,CEK2608258WT,Mantenimiento,1,9860.0,9860.0,9860.0,0.0,0.0,1,0,0,0,0,0.0,0.0,0,0,1226,1,9860.0,0.0,0.0,0,0,9860.0,0,no_listado
58,KEO101111Y9J,Seguridad,8,556800.0,69600.0,69600.0,0.0,0.0,5,1,1,0,0,0.0,0.0,0,0,1249,7,487200.0,0.0,0.0,0,0,556800.0,0,no_listado
58,VJU2202038HZ,Papeleria,4,54454.4,13613.6,16733.17,1875.32,0.0,3,1,1,0,0,0.0,0.0,0,0,2143,4,54454.4,0.0,0.0,0,0,54454.4,0,no_listado
58,JMQ250103LKM,Consultoria,6,299036.83,49839.47,62235.29,6647.51,0.0,5,1,1,0,0,0.0,0.0,0,0,2297,5,254093.69,0.1667,0.0,0,0,299036.83,0,no_listado
58,EGA030527Q4H,Construccion,9,543646.27,60405.14,79955.25,10432.04,0.0,4,1,1,1,9,0.0,0.2222,0,0,106,9,543646.27,0.0,0.0,0,0,543646.27,0,no_listado
58,GKU120515KE4,Consultoria,5,191919.82,38383.96,44637.93,6277.16,0.0,3,1,1,0,0,0.0,0.0,1,0,2561,5,191919.82,0.0,0.0,0,0,191919.82,0,desvirtuado
58,ALJ210610K8O,Limpieza,8,33769.31,4221.16,6289.82,1381.81,0.0,1,0,0,0,0,0.0,0.0,0,0,2407,8,33769.31,0.0,0.0,0,0,33769.31,0,no_listado
58,HGQ181013E82,Mantenimiento,6,43670.65,7278.44,8360.19,1229.37,0.5,3,1,1,1,6,1.0,0.0,0,0,1584,5,35310.46,0.0,0.0,0,0,43670.65,0,no_listado
59,OMP0207231V7,Tecnologia,5,373373.96,74674.79,116595.34,38215.72,0.4,5,1,1,1,5,0.2,0.0,0,0,75,5,373373.96,0.0,0.0,0,0,373373.96,0,no_listado
59,VER010606XK1,Consultoria,6,348499.11,58083.18,109180.3,31403.53,0.6667,5,1,1,1,6,0.0,0.0,0,0,808,3,177350.49,0.5,0.0,0,0,348499.11,0,no_listado
59,FFJ0604122BX,Construccion,8,422820.58,52852.57,113471.47,32704.33,0.5,5,1,1,1,8,0.0,0.0,0,0,407,4,186942.74,0.5,0.0,0,0,422820.58,0,no_listado
59,XGQ030623MD5,Construccion,6,334996.92,55832.82,113483.0,34003.21,0.1667,3,1,1,1,6,0.3333,0.0,0,0,1788,6,334996.92,0.0,0.0,0,0,334996.92,0,no_listado
59,VCE05060903Y,Consultoria,3,366500.12,122166.71,154287.19,44933.98,0.3333,2,0,0,1,1,0.0,0.0,0,0,2168,3,366500.12,0.0,0.0,0,0,366500.12,0,no_listado
59,ADE120719IMJ,Limpieza,7,442768.42,63252.63,143973.1,52723.04,0.5714,5,1,1,1,7,0.0,0.0,0,0,2264,7,442768.42,0.0,0.0,0,0,442768.42,0,no_listado
59,ZNR040610RR6,Construccion,7,796889.04,113841.29,163208.51,33801.42,0.2857,3,0,0,0,0,0.0,0.0,0,0,856,6,697306.47,0.0,0.0,0,0,796889.04,0,no_listado
59,DGG050922MVO,Construccion,3,216475.6,72158.53,133705.34,47702.11,1.0,2,1,1,1,3,0.0,0.0,0,0,2085,3,216475.6,0.0,0.0,0,0,216475.6,0,no_listado
59,NUJ110926P2K,Limpieza,5,261220.89,52244.18,141398.22,45842.82,0.2,4,0,0,1,3,0.3333,0.3333,0,0,2134,4,212029.26,0.2,0.0,0,0,261220.89,0,no_listado
59,YUH240118LHR,Transporte,9,733775.71,81530.63,150824.92,50323.8,0.7778,5,1,1,1,9,0.0,0.1111,0,0,408,8,685610.45,0.1111,0.0,0,0,733775.71,0,no_listado
59,PHQ080207B1T,Seguridad,5,411339.57,82267.91,119870.73,40493.39,0.0,3,0,0,1,2,0.0,0.0,0,0,500,4,359646.18,0.2,0.0,0,0,411339.57,0,no_listado
59,QBR0106199KK,Transporte,8,828800.14,103600.02,154251.86,36456.54,0.75,5,1,1,1,8,0.125,0.0,0,0,510,7,728002.25,0.125,0.0,0,0,828800.14,0,no_listado
59,SPU120228UE3,Consultoria,6,457472.58,76245.43,110139.56,19739.94,0.8333,3,0,0,0,0,0.0,0.0,1,1,1586,5,360443.05,0.1667,1.0,0,0,457472.58,1,definitivo
59,EQO060107T4T,Limpieza,1,1408987.33,1408987.33,1408987.33,0.0,1.0,1,0,0,0,0,0.0,0.0,0,0,2030,1,1408987.33,0.0,0.0,0,0,1408987.33,1,no_listado
59,HXU1006208CP,Seguridad,10,480288.66,48028.87,49645.45,982.91,0.4,6,0,0,1,10,1.0,1.0,0,0,261,9,432802.74,0.0,1.0,0,0,480288.66,1,no_listado
59,VYH000806VEC,Publicidad,4,185239.22,46309.81,66951.14,18219.36,0.0,3,1,1,1,4,1.0,0.25,0,0,305,4,185239.22,0.0,0.0,0,0,185239.22,1,no_listado
59,AAA100303L51,Tecnologia,7,286149.86,40878.55,117244.69,36666.51,0.2857,5,1,1,1,5,0.0,0.0,1,0,1921,5,191580.12,0.2857,0.0,0,0,286149.86,0,desvirtuado
59,MFN1006109W4,Tecnologia,3,362133.08,120711.03,162247.12,32364.96,0.3333,2,1,1,1,1,0.0,0.0,1,0,1327,1,83290.62,0.6667,0.0,0,0,362133.08,0,desvirtuado
59,MABD800829C34,Papeleria,5,431127.21,86225.44,136545.53,42263.53,0.4,3,0,0,1,3,0.3333,0.0,1,0,2328,5,431127.21,0.0,0.0,0,0,431127.21,0,favorable
59,NSD160205RJ2,Transporte,7,407613.99,58230.57,137476.04,44399.09,0.4286,4,1,1,1,4,0.0,0.0,1,0,1762,7,407613.99,0.0,0.0,0,0,407613.99,0,favorable
59,CAN200923970,Transporte,4,266706.16,66676.54,103329.69,30220.68,0.5,2,1,1,1,1,1.0,0.0,1,0,1448,4,266706.16,0.0,0.0,0,0,266706.16,0,presunto
59,OEGG770128JI0,Transporte,7,506092.24,72298.89,133143.67,41542.19,0.7143,4,1,1,1,4,0.5,0.25,1,0,1981,4,302320.62,0.4286,0.0,0,0,506092.24,0,presunto
59,HHQ031116TOU,Transporte,10,450265.37,45026.54,48265.93,2487.0,0.0,5,1,1,1,10,0.0,0.6,0,0,1699,9,407445.71,0.1,0.0,0,0,450265.37,0,no_listado
59,VUQ20060718X,Mantenimiento,1,9860.0,9860.0,9860.0,0.0,0.0,1,0,0,0,0,0.0,0.0,0,0,1082,1,9860.0,0.0,0.0,0,0,9860.0,0,no_listado
59,RHP121117X2C,Seguridad,8,556800.0,69600.0,69600.0,0.0,0.0,4,1,1,0,0,0.0,0.0,0,0,1249,8,556800.0,0.0,0.0,0,1,556800.0,0,no_listado
59,XIA111127020,Papeleria,4,60476.56,15119.14,17381.31,1597.13,0.0,3,1,1,0,0,0.0,0.0,0,0,2183,4,60476.56,0.0,0.0,0,0,60476.56,0,no_listado
59,EBX240411HA2,Consultoria,6,308084.0,51347.33,62091.52,6271.3,0.0,3,1,1,0,0,0.0,0.0,0,0,2197,6,308084.0,0.0,0.0,0,0,308084.0,0,no_listado
59,KAY2104136HH,Construccion,9,569445.01,63271.67,80028.75,13763.56,0.0,5,1,1,1,9,0.0,0.1111,0,0,50,8,525272.07,0.1111,0.0,0,0,569445.01,0,no_listado
59,OODS700610J53,Consultoria,5,169203.94,33840.79,38950.85,4516.67,0.0,4,1,1,0,0,0.0,0.0,1,0,2563,5,169203.94,0.0,0.0,0,0,169203.94,0,favorable
59,LKW2504226CJ,Limpieza,8,36620.98,4577.62,6547.17,1244.5,0.0,1,0,0,0,0,0.0,0.0,0,0,2441,8,36620.98,0.0,0.0,0,0,36620.98,0,no_listado
59,WZV0312273PQ,Mantenimiento,6,49313.7,8218.95,10162.77,1768.15,0.8333,5,1,1,1,6,1.0,0.0,0,0,1607,6,49313.7,0.0,0.0,0,0,49313.7,0,no_listado
60,RPO170625WO8,Tecnologia,9,697728.97,77525.44,161429.49,53007.22,0.4444,5,0,0,1,6,0.0,0.0,0,0,103,7,542813.94,0.1111,0.0,0,0,697728.97,0,no_listado
60,VVL010207UU8,Mantenimiento,9,650820.36,72313.37,121804.38,40213.42,0.4444,5,1,1,1,9,0.1111,0.0,0,0,1354,8,545834.58,0.0,0.0,0,0,650820.36,0,no_listado
60,YSY160220X87,Consultoria,7,744673.96,106381.99,161725.62,44849.65,0.7143,6,0,0,1,2,0.0,0.0,0,0,2271,5,457178.48,0.1429,0.0,0,0,744673.96,0,no_listado
60,CZZ100618564,Logistica,3,237518.65,79172.88,114584.39,27568.79,0.0,3,1,1,1,3,0.3333,0.3333,0,0,206,3,237518.65,0.0,0.0,0,0,237518.65,0,no_listado
60,FHY070624UAY,Mantenimiento,6,645356.91,107559.48,143689.21,31365.35,0.5,3,0,0,1,3,0.0,0.3333,0,0,1203,6,645356.91,0.0,0.0,0,0,645356.91,0,no_listado
60,KIM0706084MQ,Publicidad,5,246691.95,49338.39,171479.64,61072.53,0.2,4,0,0,1,2,0.0,0.0,0,0,1144,5,246691.95,0.0,0.0,0,0,246691.95,0,no_listado
60,BQO111006ME3,Limpieza,3,258650.1,86216.7,152399.43,54827.93,0.6667,3,0,0,1,2,0.0,0.0,0,0,1985,3,258650.1,0.0,0.0,0,0,258650.1,0,no_listado
60,TJL261020D1D,Mantenimiento,6,343265.95,57210.99,139427.46,50149.58,0.3333,4,0,0,1,3,0.0,0.0,0,0,63,6,343265.95,0.0,0.0,0,1,343265.95,0,no_listado
60,FWD151204W1J,Logistica,7,405148.69,57878.38,121099.85,36533.55,0.8571,3,1,1,1,7,0.0,0.1429,0,0,78,4,239936.57,0.4286,0.0,0,0,405148.69,0,no_listado
60,OUT181216E7A,Logistica,5,296926.5,59385.3,85740.52,25756.6,0.4,3,1,1,1,5,0.4,0.0,0,0,908,4,212698.39,0.2,0.0,0,0,296926.5,0,no_listado
60,AXU190523QQP,Seguridad,6,338498.95,56416.49,101075.08,25722.57,0.3333,4,1,1,1,6,0.0,0.1667,0,0,414,6,338498.95,0.0,0.0,0,0,338498.95,0,no_listado
60,OUM240625362,Limpieza,8,701629.2,87703.65,167547.04,55580.19,0.625,4,0,0,1,7,0.1429,0.0,0,0,566,7,624080.4,0.125,0.0,0,0,701629.2,0,no_listado
60,MAD120720D42,Consultoria,7,238599.96,34085.71,56921.61,13966.28,0.4286,3,0,0,0,0,0.0,0.0,1,1,796,6,181678.35,0.1429,1.0,0,0,238599.96,1,definitivo
60,NPG260703GPX,Seguridad,1,1469307.01,1469307.01,1469307.01,0.0,0.0,1,1,1,0,0,0.0,0.0,0,0,866,1,1469307.01,0.0,0.0,0,0,1469307.01,1,no_listado
60,NCD25061161M,Transporte,13,633685.45,48745.03,49772.69,1100.16,0.4615,6,0,0,1,13,1.0,1.0,0,0,186,12,583912.76,0.0,1.0,0,0,633685.45,1,no_listado
60,WPL1411157NZ,Papeleria,4,237235.87,59308.97,126868.19,45094.26,0.75,4,0,0,1,4,1.0,0.0,0,0,2455,4,237235.87,0.0,0.0,0,0,237235.87,1,no_listado
60,MUHJ650219LGA,Publicidad,5,255097.03,51019.41,171078.19,60106.9,0.8,3,1,1,1,3,0.0,0.0,1,0,1585,4,235418.6,0.0,0.0,0,0,255097.03,0,desvirtuado
60,COM151021TR6,Limpieza,7,723065.68,103295.1,161812.25,49956.19,0.8571,5,1,1,1,5,0.0,0.0,1,0,180,5,489885.39,0.2857,0.0,0,0,723065.68,0,desvirtuado
60,AAF1307177L2,Transporte,4,350091.15,87522.79,107696.98,18533.39,0.25,3,1,1,1,1,0.0,0.0,1,0,2386,4,350091.15,0.0,0.0,0,0,350091.15,0,favorable
60,PUB130514496,Logistica,4,380359.49,95089.87,151800.98,46902.59,0.25,4,1,1,1,3,0.3333,0.0,1,0,182,3,350456.28,0.25,0.0,0,0,380359.49,0,favorable
60,CCA1608173N6,Transporte,4,130064.18,32516.04,66937.85,20201.73,0.25,2,1,1,1,3,0.3333,0.0,1,0,120,3,111760.25,0.25,0.0,0,0,130064.18,0,presunto
60,ANO1811083G2,Construccion,5,312321.39,62464.28,125586.74,39781.67,0.4,3,0,0,1,3,0.0,0.0,1,0,2060,4,291806.3,0.2,0.0,0,0,312321.39,0,presunto
60,GPY050317N32,Transporte,10,428763.22,42876.32,47637.63,1967.41,0.0,5,1,1,1,10,0.0,0.1,0,0,1740,7,301914.2,0.2,0.0,0,0,428763.22,0,no_listado
60,ZBF1206271BX,Mantenimiento,1,9860.0,9860.0,9860.0,0.0,0.0,1,0,0,0,0,0.0,0.0,0,0,1250,1,9860.0,0.0,0.0,0,0,9860.0,0,no_listado
60,XCN200706ZYV,Seguridad,8,556800.0,69600.0,69600.0,0.0,0.0,6,1,1,0,0,0.0,0.0,0,0,1249,8,556800.0,0.0,0.0,0,0,556800.0,0,no_listado
60,DBF050126WFU,Papeleria,4,48978.57,12244.64,13564.04,914.56,0.0,2,1,1,0,0,0.0,0.0,0,0,2198,4,48978.57,0.0,0.0,0,0,48978.57,0,no_listado
60,EHA0009289DA,Consultoria,6,342392.94,57065.49,60727.22,3105.2,0.0,3,1,1,0,0,0.0,0.0,0,0,2240,6,342392.94,0.0,0.0,0,0,342392.94,0,no_listado
60,URF060704CV2,Construccion,9,478497.74,53166.42,80139.32,15225.54,0.0,5,1,1,1,9,0.0,0.1111,0,0,30,9,478497.74,0.0,0.0,0,0,478497.74,0,no_listado
60,EEU140313RF6,Consultoria,5,147446.86,29489.37,37139.74,3958.67,0.0,4,1,1,0,0,0.0,0.0,1,0,2557,4,121652.13,0.2,0.0,0,0,147446.86,0,favorable
60,XLM170225ZX2,Limpieza,8,38014.04,4751.76,5865.84,1168.87,0.0,1,0,0,0,0,0.0,0.0,0,0,2428,8,38014.04,0.0,0.0,0,0,38014.04,0,no_listado
60,XKS130820QOA,Mantenimiento,6,49399.83,8233.3,10227.8,1300.43,0.6667,4,1,1,1,6,1.0,0.0,0,0,1593,5,39172.03,0.1667,0.0,0,0,49399.83,0,no_listado
61,FHM020501ENL,Limpieza,8,711457.67,88932.21,159149.02,46254.59,0.75,5,0,0,1,2,0.0,0.0,0,0,2317,6,551933.92,0.25,0.0,0,0,711457.67,0,no_listado
61,BJA040208TDP,Tecnologia,3,204862.79,68287.6,126341.99,44358.81,0.3333,2,1,1,1,3,0.0,0.0,0,0,2580,2,145015.46,0.3333,0.0,0,0,204862.79,0,no_listado
61,CZG260716OPQ,Construccion,6,419260.69,69876.78,118682.74,41301.73,0.5,5,0,0,1,3,0.0,0.0,0,0,1961,6,419260.69,0.0,0.0,0,0,419260.69,0,no_listado
61,AKC220910MRX,Limpieza,7,621113.16,88730.45,151809.22,47925.26,0.4286,5,1,1,1,7,0.0,0.0,0,0,1387,6,509489.24,0.1429,0.0,0,0,621113.16,0,no_listado
61,NIM190424OEH,Mantenimiento,4,301950.71,75487.68,154530.66,50877.63,0.25,3,1,1,1,4,0.0,0.25,0,0,1949,2,236555.86,0.5,0.0,0,0,301950.71,0,no_listado
61,YAQ000207FDN,Logistica,3,254675.17,84891.72,140109.3,39885.79,0.3333,2,0,0,1,1,0.0,1.0,0,0,1970,2,114565.87,0.3333,0.0,0,0,254675.17,0,no_listado
61,WNH030620MHC,Transporte,3,366803.55,122267.85,167563.31,34486.42,0.3333,3,1,1,1,3,0.3333,0.0,0,0,1608,2,199240.24,0.3333,0.0,0,0,366803.55,0,no_listado
61,YMN140213NIO,Publicidad,3,211109.81,70369.94,101440.74,36192.66,0.6667,3,1,1,1,3,0.0,0.0,0,0,70,3,211109.81,0.0,0.0,0,0,211109.81,0,no_listado
61,FNT090201MTY,Transporte,5,130644.05,26128.81,54247.01,14112.6,0.0,4,1,1,1,5,0.0,0.0,0,0,2117,4,112193.9,0.0,0.0,0,0,130644.05,0,no_listado
61,AJF070514ZAV,Construccion,9,922715.93,102523.99,172061.96,53022.68,0.4444,4,1,1,1,9,0.1111,0.0,0,0,56,7,886280.89,0.2222,0.0,0,0,922715.93,0,no_listado
61,PAA210226PO6,Publicidad,7,419137.97,59876.85,136653.64,42486.46,0.7143,4,0,0,1,3,0.3333,0.0,0,0,155,7,419137.97,0.0,0.0,0,0,419137.97,0,no_listado
61,BHL120117SGH,Papeleria,9,650892.93,72321.44,171939.62,58610.18,0.6667,5,1,1,1,9,0.0,0.0,0,0,1309,8,617387.15,0.1111,0.0,0,0,650892.93,0,no_listado
61,IPC110817S42,Consultoria,5,440356.99,88071.4,153212.15,57485.55,0.4,4,1,1,0,0,0.0,0.0,1,1,202,5,440356.99,0.0,1.0,0,0,440356.99,1,definitivo
61,WNJ13021663F,Logistica,1,1610460.51,1610460.51,1610460.51,0.0,0.0,1,1,1,0,0,0.0,0.0,0,0,2129,1,1610460.51,0.0,0.0,0,0,1610460.51,1,no_listado
61,KLZ190211USQ,Publicidad,12,574469.52,47872.46,49521.44,953.39,0.3333,5,0,0,1,12,1.0,1.0,0,0,289,10,479945.74,0.0,1.0,0,0,574469.52,1,no_listado
61,FTK250823KTX,Construccion,6,558201.64,93033.61,139035.42,41343.83,0.3333,4,0,0,1,6,1.0,0.0,0,0,419,5,438753.02,0.1667,0.0,0,0,558201.64,1,no_listado
61,JSE130830LY0,Transporte,5,518249.32,103649.86,155219.25,34675.12,0.6,4,1,1,1,2,0.0,0.0,1,0,1235,4,395426.91,0.2,0.0,0,0,518249.32,0,desvirtuado
61,IME150326IB9,Consultoria,6,450984.16,75164.03,160748.71,49974.62,0.3333,2,1,1,1,2,0.0,0.0,1,0,2382,6,450984.16,0.0,0.0,0,0,450984.16,0,desvirtuado
61,MEA1305276I1,Mantenimiento,5,469794.22,93958.84,140022.03,52498.28,0.6,3,0,0,1,1,0.0,0.0,1,0,765,4,336748.83,0.2,0.0,0,0,469794.22,0,favorable
61,ROR0802199G3,Construccion,5,515398.45,103079.69,113093.94,11539.18,0.2,4,0,0,1,3,0.0,0.0,1,0,1943,4,407143.18,0.0,0.0,0,0,515398.45,0,favorable
61,CAP210630UG2,Transporte,5,482286.12,96457.22,142433.74,52019.07,0.8,5,1,1,0,0,0.0,0.0,1,0,259,4,341836.79,0.2,0.0,0,0,482286.12,0,presunto
61,FADJ870430FH8,Tecnologia,7,316996.96,45285.28,145400.32,45999.07,0.7143,4,1,1,1,4,0.0,0.0,1,0,153,6,237449.01,0.1429,0.0,0,0,316996.96,0,presunto
61,YYK0103110EC,Transporte,10,455884.39,45588.44,48401.22,2474.76,0.0,4,1,1,1,10,0.0,0.6,0,0,1723,9,408241.55,0.0,0.0,0,0,455884.39,0,no_listado
61,TMO100707JW2,Mantenimiento,1,9860.0,9860.0,9860.0,0.0,0.0,1,0,0,0,0,0.0,0.0,0,0,1117,1,9860.0,0.0,0.0,0,0,9860.0,0,no_listado
61,GMY10021926Q,Seguridad,8,556800.0,69600.0,69600.0,0.0,0.0,4,1,1,0,0,0.0,0.0,0,0,1249,8,556800.0,0.0,0.0,0,0,556800.0,0,no_listado
61,LWS050203S71,Papeleria,4,55868.62,13967.15,16969.11,2693.15,0.0,3,1,1,0,0,0.0,0.0,0,0,2203,4,55868.62,0.0,0.0,0,0,55868.62,0,no_listado
61,DMT230619DLZ,Consultoria,6,318096.27,53016.05,61121.2,4922.95,0.0,5,1,1,0,0,0.0,0.0,0,0,2193,5,265833.61,0.1667,0.0,0,0,318096.27,0,no_listado
61,UKA22030521E,Construccion,9,568732.9,63192.54,77447.28,10788.07,0.0,5,1,1,1,9,0.0,0.0,0,0,42,9,568732.9,0.0,0.0,0,0,568732.9,0,no_listado
61,CMA060912HU4,Consultoria,5,164691.47,32938.29,41315.98,6464.72,0.0,5,1,1,0,0,0.0,0.0,1,0,2579,5,164691.47,0.0,0.0,0,0,164691.47,0,favorable
61,LHZ210822T23,Limpieza,8,40096.55,5012.07,6776.98,1380.43,0.0,1,0,0,0,0,0.0,0.0,0,0,2416,8,40096.55,0.0,0.0,0,0,40096.55,0,no_listado
61,GQR040926O5R,Mantenimiento,6,42014.3,7002.38,10166.79,2066.39,0.5,3,1,1,1,6,1.0,0.0,0,0,1593,6,42014.3,0.0,0.0,0,0,42014.3,0,no_listado
62,QYG24061856B,Construccion,3,272979.2,90993.07,128020.23,28107.18,0.6667,2,1,1,1,3,0.0,0.0,0,0,619,2,144958.97,0.3333,0.0,0,0,272979.2,0,no_listado
62,ZPH0012010DZ,Mantenimiento,9,894227.85,99358.65,161783.69,38773.38,0.4444,4,1,1,1,9,0.1111,0.0,0,0,1377,8,732444.16,0.1111,0.0,0,0,894227.85,0,no_listado
62,NAM240202ZFV,Consultoria,9,691232.85,76803.65,151726.27,45288.0,0.7778,6,1,1,1,9,0.0,0.0,0,0,90,7,520859.7,0.2222,0.0,0,0,691232.85,0,no_listado
62,KCR1909219IW,Limpieza,3,293832.7,97944.23,159112.42,59407.9,0.3333,3,1,1,1,3,0.0,0.0,0,0,2431,3,293832.7,0.0,0.0,0,0,293832.7,0,no_listado
62,FST151213CWB,Logistica,4,471016.06,117754.02,142599.89,19272.58,0.5,3,0,0,1,1,0.0,0.0,0,0,381,4,471016.06,0.0,0.0,0,0,471016.06,0,no_listado
62,SAO0708249ES,Tecnologia,3,339537.31,113179.1,160882.17,40961.54,1.0,2,1,1,1,3,0.0,0.0,0,0,235,2,278671.73,0.3333,0.0,0,0,339537.31,0,no_listado
62,XHR160718BSE,Consultoria,3,211114.17,70371.39,115879.71,39786.57,0.6667,2,0,0,1,2,0.0,0.0,0,0,235,3,211114.17,0.0,0.0,0,0,211114.17,0,no_listado
62,BJW2107073F4,Papeleria,9,704985.79,78331.75,137127.58,34611.17,0.7778,5,1,1,1,9,0.1111,0.0,0,0,1463,7,456021.79,0.2222,0.0,0,0,704985.79,0,no_listado
62,GYV260414ZPN,Consultoria,7,291276.12,41610.87,117976.41,34127.59,0.4286,4,1,1,1,7,0.4286,0.0,0,0,191,7,291276.12,0.0,0.0,0,0,291276.12,0,no_listado
62,LQO140417Q8V,Seguridad,4,355610.78,88902.69,138418.58,35719.17,0.5,3,0,0,1,1,0.0,0.0,0,0,261,3,310325.78,0.25,0.0,0,0,355610.78,0,no_listado
62,CQM051018VM6,Publicidad,9,354354.48,39372.72,107872.44,28916.12,0.2222,4,0,0,1,5,0.2,0.0,0,0,190,9,354354.48,0.0,0.0,0,0,354354.48,0,no_listado
62,KNC0712089SB,Construccion,3,195249.08,65083.03,76455.67,9549.45,1.0,3,1,1,1,3,0.0,0.0,0,0,2610,2,118793.41,0.3333,0.0,0,0,195249.08,0,no_listado
62,GTC060323A10,Consultoria,7,528858.35,75551.19,152325.74,49455.95,0.7143,5,0,0,0,0,0.0,0.0,1,1,2061,5,456795.29,0.2857,1.0,0,0,528858.35,1,definitivo
62,TYC110717ZYP,Logistica,1,1169148.42,1169148.42,1169148.42,0.0,0.0,1,1,1,0,0,0.0,0.0,0,0,965,1,1169148.42,0.0,0.0,0,0,1169148.42,1,no_listado
62,NOS0506144V7,Construccion,14,675155.36,48225.38,49583.98,787.58,0.4286,5,0,0,1,14,1.0,1.0,0,0,2078,14,675155.36,0.0,1.0,0,0,675155.36,1,no_listado
62,VJR060810V65,Consultoria,6,461204.63,76867.44,173665.07,62287.23,0.3333,5,1,1,1,6,1.0,0.0,0,0,2034,4,300225.22,0.3333,0.0,0,0,461204.63,1,no_listado
62,AEC111111ENA,Transporte,6,533917.89,88986.32,153866.75,61109.6,0.6667,4,1,1,1,4,0.0,0.25,1,0,1764,6,533917.89,0.0,0.0,0,0,533917.89,0,desvirtuado
62,CBA1603071F8,Transporte,3,233919.9,77973.3,86561.3,8857.44,1.0,3,1,1,1,2,0.0,0.0,1,0,218,3,233919.9,0.0,0.0,0,0,233919.9,0,desvirtuado
62,SAN1305162X7,Mantenimiento,6,564961.25,94160.21,161310.46,60948.06,0.5,4,1,1,1,1,0.0,0.0,1,0,799,6,564961.25,0.0,0.0,0,0,564961.25,0,favorable
62,SSE081003SU9,Seguridad,5,535756.29,107151.26,142658.1,47508.65,0.4,5,0,0,1,1,0.0,0.0,1,0,1431,5,535756.29,0.0,0.0,0,0,535756.29,0,favorable
62,AERC720322N54,Tecnologia,6,564842.03,94140.34,132711.67,34635.62,0.8333,4,1,1,1,3,0.0,0.0,1,0,1653,3,233897.04,0.5,0.0,0,0,564842.03,0,presunto
62,MES151021UXA,Publicidad,7,390938.67,55848.38,119031.85,33701.83,0.5714,4,1,1,1,3,0.0,0.3333,1,0,917,4,270408.64,0.4286,0.0,0,0,390938.67,0,presunto
62,ZOZ190109VHB,Transporte,10,432319.1,43231.91,47218.68,2146.2,0.0,5,1,1,1,10,0.0,0.3,0,0,1705,8,345391.63,0.0,0.0,0,0,432319.1,0,no_listado
62,YQC24060212H,Mantenimiento,1,9860.0,9860.0,9860.0,0.0,0.0,1,0,0,0,0,0.0,0.0,0,0,1061,1,9860.0,0.0,0.0,0,0,9860.0,0,no_listado
62,ZIC1205068OZ,Seguridad,8,556800.0,69600.0,69600.0,0.0,0.0,4,1,1,0,0,0.0,0.0,0,0,1249,7,487200.0,0.0,0.0,0,0,556800.0,0,no_listado
62,MZN210419FBX,Papeleria,4,52661.51,13165.38,16389.15,2074.21,0.0,3,1,1,0,0,0.0,0.0,0,0,2153,4,52661.51,0.0,0.0,0,0,52661.51,0,no_listado
62,BMB091218KLZ,Consultoria,6,330141.83,55023.64,61203.99,5154.67,0.0,5,1,1,0,0,0.0,0.0,0,0,2185,5,276323.93,0.1667,0.0,0,0,330141.83,0,no_listado
62,INZ230412I08,Construccion,9,541444.32,60160.48,71353.06,8595.95,0.0,4,1,1,1,9,0.0,0.3333,0,0,88,7,409217.63,0.2222,0.0,0,1,541444.32,0,no_listado
62,ARR130529E10,Consultoria,5,165267.15,33053.43,46261.35,8618.01,0.0,4,1,1,0,0,0.0,0.0,1,0,2652,5,165267.15,0.0,0.0,0,0,165267.15,0,favorable
62,OHT1611030FF,Limpieza,8,30184.92,3773.11,4759.24,760.48,0.0,1,0,0,0,0,0.0,0.0,0,0,2456,8,30184.92,0.0,0.0,0,0,30184.92,0,no_listado
62,YZA1212013HE,Mantenimiento,6,40998.7,6833.12,10107.06,1662.7,0.1667,3,1,1,1,6,1.0,0.0,0,0,1642,4,23377.69,0.3333,0.0,0,0,40998.7,0,no_listado
63,OKC100618JRI,Tecnologia,5,249813.39,49962.68,100237.14,38630.6,0.6,2,1,1,1,5,0.2,0.0,0,0,2115,5,249813.39,0.0,0.0,0,0,249813.39,0,no_listado
63,EIA0804110C2,Consultoria,4,401772.81,100443.2,150427.58,33820.62,0.75,4,1,1,1,4,0.0,0.0,0,0,176,4,401772.81,0.0,0.0,0,0,401772.81,0,no_listado
63,DTG2203160U0,Papeleria,4,420135.46,105033.86,171307.43,46973.71,0.75,3,1,1,1,4,0.0,0.0,0,0,95,3,376393.97,0.25,0.0,0,0,420135.46,0,no_listado
63,XUE260606HXP,Transporte,8,444469.76,55558.72,146996.51,43025.83,0.625,4,1,1,1,8,0.0,0.0,0,0,65,8,444469.76,0.0,0.0,0,0,444469.76,0,no_listado
63,BGL260405M9E,Tecnologia,3,165241.03,55080.34,103514.65,35402.19,0.3333,3,0,0,1,2,0.0,0.0,0,0,297,2,123397.79,0.3333,0.0,0,0,165241.03,0,no_listado
63,SOX11032650C,Consultoria,8,560952.58,70119.07,153228.27,47459.1,0.75,5,0,0,1,3,0.0,0.0,0,0,1475,8,560952.58,0.0,0.0,0,0,560952.58,0,no_listado
63,DUI010709YQ8,Consultoria,9,773752.57,85972.51,164000.59,53438.17,0.7778,5,1,1,1,9,0.0,0.0,0,0,2419,7,597510.75,0.2222,0.0,0,0,773752.57,0,no_listado
63,LAX100528VNM,Transporte,6,345037.69,57506.28,160786.72,48057.0,0.3333,2,0,0,1,3,0.0,0.0,0,0,2506,6,345037.69,0.0,0.0,0,0,345037.69,0,no_listado
63,KYF050403PON,Transporte,3,160993.59,53664.53,78941.77,21093.92,0.6667,3,0,0,1,3,0.0,0.0,0,0,608,3,160993.59,0.0,0.0,0,0,160993.59,0,no_listado
63,WYF010712W0K,Limpieza,5,353277.73,70655.55,98237.64,16629.5,0.4,2,1,1,1,5,0.2,0.2,0,0,2421,4,289921.02,0.2,0.0,0,0,353277.73,0,no_listado
63,UAI130528TK9,Limpieza,6,578551.33,96425.22,166792.43,53377.94,0.3333,5,1,1,1,6,0.0,0.0,0,0,2143,5,502138.05,0.1667,0.0,0,0,578551.33,0,no_listado
63,OEZ181019QC2,Consultoria,7,390580.26,55797.18,147915.21,43995.55,0.4286,4,0,0,1,2,0.0,0.5,0,0,695,4,137744.49,0.4286,0.0,0,0,390580.26,0,no_listado
63,IGO140127LJ0,Consultoria,5,165244.71,33048.94,64295.19,18490.46,0.6,4,1,1,0,0,0.0,0.0,1,1,1167,5,165244.71,0.0,1.0,0,0,165244.71,1,definitivo
63,DOY180911CF3,Papeleria,1,1185327.37,1185327.37,1185327.37,0.0,1.0,1,0,0,0,0,0.0,0.0,0,0,173,1,1185327.37,0.0,0.0,0,0,1185327.37,1,no_listado
63,TGG200704XNN,Publicidad,13,623123.83,47932.6,49469.31,969.95,0.5385,6,0,0,1,13,1.0,1.0,0,0,248,13,623123.83,0.0,1.0,0,0,623123.83,1,no_listado
63,PLT210802KOM,Consultoria,4,254451.57,63612.89,113093.94,41404.12,0.75,4,0,0,1,4,1.0,0.0,0,0,211,4,254451.57,0.0,0.0,0,0,254451.57,1,no_listado
63,BSO090625C67,Mantenimiento,3,178903.97,59634.66,83615.29,29062.25,0.6667,3,0,0,1,1,0.0,0.0,1,0,143,3,178903.97,0.0,0.0,0,0,178903.97,0,desvirtuado
63,GSP000616FV4,Transporte,4,342144.66,85536.17,165873.32,67497.0,0.25,4,1,1,1,2,0.5,0.0,1,0,1030,3,323154.81,0.25,0.0,0,0,342144.66,0,desvirtuado
63,VAL1105273AA,Consultoria,6,440287.1,73381.18,171786.24,51705.18,0.3333,4,1,1,1,3,0.0,0.0,1,0,65,5,364690.71,0.1667,0.0,0,0,440287.1,0,favorable
63,SARR920301B81,Transporte,5,389270.27,77854.05,120277.5,38693.55,0.4,3,0,0,1,3,0.3333,0.0,1,0,256,3,249205.34,0.4,0.0,0,0,389270.27,0,favorable
63,ALV081202S79,Seguridad,3,224224.84,74741.61,97794.29,30952.67,0.0,2,0,0,1,1,0.0,0.0,1,0,368,3,224224.84,0.0,0.0,0,0,224224.84,0,presunto
63,HME161128RQ3,Papeleria,6,716598.57,119433.1,171729.21,43782.01,0.1667,5,0,0,1,2,0.0,0.5,1,0,1196,6,716598.57,0.0,0.0,0,0,716598.57,0,presunto
63,RFE1005184JK,Transporte,10,447053.36,44705.34,47711.22,1504.48,0.0,4,1,1,1,10,0.0,0.4,0,0,1699,9,403452.03,0.0,0.0,0,0,447053.36,0,no_listado
63,NJL130320M5E,Mantenimiento,1,9860.0,9860.0,9860.0,0.0,0.0,1,0,0,0,0,0.0,0.0,0,0,1233,1,9860.0,0.0,0.0,0,0,9860.0,0,no_listado
63,RFU2212229JF,Seguridad,8,556800.0,69600.0,69600.0,0.0,0.0,4,1,1,0,0,0.0,0.0,0,0,1249,8,556800.0,0.0,0.0,0,0,556800.0,0,no_listado
63,XPO140121QEC,Papeleria,4,64708.97,16177.24,17264.29,1074.7,0.0,4,1,1,0,0,0.0,0.0,0,0,2146,4,64708.97,0.0,0.0,0,0,64708.97,0,no_listado
63,SKJ04090520R,Consultoria,6,305336.88,50889.48,62309.16,6848.05,0.0,5,1,1,0,0,0.0,0.0,0,0,2210,6,305336.88,0.0,0.0,0,0,305336.88,0,no_listado
63,FDG2009052KC,Construccion,9,517206.17,57467.35,72141.53,10307.36,0.0,5,1,1,1,9,0.0,0.2222,0,0,34,8,447135.55,0.1111,0.0,0,0,517206.17,0,no_listado
63,AES141008DE7,Consultoria,5,158514.9,31702.98,35146.39,3407.27,0.0,4,1,1,0,0,0.0,0.0,1,0,2558,5,158514.9,0.0,0.0,0,0,158514.9,0,favorable
63,WTC080514YOV,Limpieza,8,40566.79,5070.85,6871.29,1496.43,0.0,1,0,0,0,0,0.0,0.0,0,0,2409,8,40566.79,0.0,0.0,0,0,40566.79,0,no_listado
63,SNV220325Y96,Mantenimiento,6,48904.99,8150.83,10231.64,1331.3,0.1667,4,1,1,1,6,1.0,0.0,0,0,1612,5,41275.76,0.1667,0.0,0,0,48904.99,0,no_listado
64,UYY070717SPR,Construccion,3,365054.61,121684.87,160082.81,31293.47,0.6667,3,0,0,1,3,0.0,0.0,0,0,521,3,365054.61,0.0,0.0,0,0,365054.61,0,no_listado
64,RSO180705X8R,Logistica,7,457177.71,65311.1,132291.2,45526.97,0.7143,3,1,1,1,7,0.1429,0.0,0,0,318,2,87819.74,0.7143,0.0,0,0,457177.71,0,no_listado
64,MQG210720LKE,Consultoria,3,243306.06,81102.02,113739.98,44789.85,0.6667,2,0,0,1,2,0.0,0.0,0,0,1100,2,129566.08,0.3333,0.0,0,0,243306.06,0,no_listado
64,KIE0404234JN,Publicidad,9,559209.57,62134.4,120561.98,42572.23,0.6667,6,1,1,1,9,0.1111,0.1111,0,0,115,9,559209.57,0.0,0.0,0,0,559209.57,0,no_listado
64,WEM1109250X7,Seguridad,4,377836.04,94459.01,132375.91,45322.45,0.25,3,0,0,1,3,0.0,0.0,0,0,1993,4,377836.04,0.0,0.0,0,0,377836.04,0,no_listado
64,ELT120815F5H,Seguridad,4,345495.73,86373.93,156733.81,51965.77,0.75,3,0,0,1,2,0.0,0.0,0,0,166,4,345495.73,0.0,0.0,0,0,345495.73,0,no_listado
64,VOR130911VVK,Tecnologia,8,551261.92,68907.74,164834.38,44815.39,0.375,5,0,0,1,3,0.0,0.0,0,0,793,7,486246.25,0.125,0.0,0,0,551261.92,0,no_listado
64,TLK221023SDA,Logistica,6,378439.25,63073.21,133800.58,48388.35,0.5,4,1,1,1,6,0.0,0.0,0,0,1626,5,259429.9,0.1667,0.0,0,0,378439.25,0,no_listado
64,CCX200605FKS,Papeleria,6,237566.65,39594.44,99753.2,29819.66,0.0,4,0,0,1,1,0.0,0.0,0,0,208,4,119121.36,0.1667,0.0,0,0,237566.65,0,no_listado
64,PGG050911SWO,Transporte,6,308603.45,51433.91,86460.07,27077.96,0.3333,5,0,0,1,3,0.0,0.0,0,0,1908,5,271895.35,0.1667,0.0,0,0,308603.45,0,no_listado
64,LWX030920F2T,Logistica,6,562230.19,93705.03,167800.44,40224.18,0.1667,4,1,1,1,6,0.1667,0.0,0,0,926,5,440650.36,0.1667,0.0,0,0,562230.19,0,no_listado
64,TJM220902ZOW,Seguridad,6,341372.79,56895.46,158788.28,49246.95,0.3333,4,0,0,1,2,0.0,0.0,0,0,487,5,182584.51,0.1667,0.0,0,0,341372.79,0,no_listado
64,SAOS641012PD4,Consultoria,7,302851.56,43264.51,82950.65,22899.78,0.5714,6,0,0,0,0,0.0,0.0,1,1,117,7,302851.56,0.0,1.0,0,0,302851.56,1,definitivo
64,TTM030401X0K,Logistica,1,1181498.74,1181498.74,1181498.74,0.0,1.0,1,0,0,0,0,0.0,0.0,0,0,317,1,1181498.74,0.0,0.0,0,0,1181498.74,1,no_listado
64,UHJ24112434M,Papeleria,10,482089.23,48208.92,49478.16,641.35,0.6,5,0,0,1,10,1.0,1.0,0,0,1127,10,482089.23,0.0,1.0,0,0,482089.23,1,no_listado
64,GID050921W6N,Logistica,4,291312.87,72828.22,99375.53,32278.0,0.75,3,0,0,1,4,1.0,0.0,0,0,1221,3,194915.77,0.25,0.0,0,0,291312.87,1,no_listado
64,MAZ1302117T3,Consultoria,6,468706.23,78117.71,147868.54,47934.48,0.1667,4,1,1,1,4,0.0,0.0,1,0,1222,5,413922.91,0.1667,0.0,0,0,468706.23,0,desvirtuado
64,CIC130131779,Logistica,7,657170.65,93881.52,174000.0,51293.1,0.2857,5,1,1,1,1,0.0,0.0,1,0,2304,5,427154.22,0.2857,0.0,0,0,657170.65,0,desvirtuado
64,AARE6411205X1,Limpieza,5,308948.18,61789.64,131061.52,41949.58,0.6,3,0,0,1,4,0.0,0.0,1,0,244,5,308948.18,0.0,0.0,0,0,308948.18,0,favorable
64,SIT3707156Q2,Limpieza,6,391764.59,65294.1,163570.28,49531.62,0.3333,4,0,0,1,3,0.0,0.3333,1,0,1778,6,391764.59,0.0,0.0,0,0,391764.59,0,favorable
64,AULB770328745,Papeleria,5,366152.29,73230.46,144729.22,36486.65,0.6,3,1,1,1,4,0.0,0.0,1,0,141,2,101364.16,0.2,0.0,0,0,366152.29,0,presunto
64,JIRJ791207J69,Tecnologia,6,495701.36,82616.89,173875.1,53735.86,0.5,3,1,1,1,4,0.0,0.25,1,0,1699,4,272590.98,0.3333,0.0,0,0,495701.36,0,presunto
64,VJW0812069CH,Transporte,10,462145.93,46214.59,48676.24,1714.29,0.0,6,1,1,1,10,0.0,0.9,0,0,1704,9,413469.69,0.1,0.0,0,0,462145.93,0,no_listado
64,HGE071124XWH,Mantenimiento,1,9860.0,9860.0,9860.0,0.0,0.0,1,0,0,0,0,0.0,0.0,0,0,1070,1,9860.0,0.0,0.0,0,0,9860.0,0,no_listado
64,DBH060601GH2,Seguridad,8,556800.0,69600.0,69600.0,0.0,0.0,5,1,1,0,0,0.0,0.0,0,0,1249,8,556800.0,0.0,0.0,0,1,556800.0,0,no_listado
64,LPZ0410097KI,Papeleria,4,53485.92,13371.48,16390.25,2043.31,0.0,4,1,1,0,0,0.0,0.0,0,0,2232,4,53485.92,0.0,0.0,0,0,53485.92,0,no_listado
64,LKK020406BXK,Consultoria,6,315529.85,52588.31,61938.1,5467.64,0.0,5,1,1,0,0,0.0,0.0,0,0,2236,5,265145.68,0.0,0.0,0,0,315529.85,0,no_listado
64,ZOZ140803OZE,Construccion,9,466093.0,51788.11,75883.04,13062.48,0.0,6,1,1,1,9,0.0,0.0,0,0,66,9,466093.0,0.0,0.0,0,0,466093.0,0,no_listado
64,MMO980828PU5,Consultoria,5,171157.53,34231.51,45854.07,8360.36,0.0,4,1,1,0,0,0.0,0.0,1,0,2682,5,171157.53,0.0,0.0,0,0,171157.53,0,favorable
64,QLA180925FSL,Limpieza,8,33387.29,4173.41,5934.92,1368.12,0.0,1,0,0,0,0,0.0,0.0,0,0,2419,8,33387.29,0.0,0.0,0,0,33387.29,0,no_listado
64,HSS00082376L,Mantenimiento,6,38286.44,6381.07,8055.82,1050.97,0.6667,3,1,1,1,6,1.0,0.0,0,0,1583,5,30230.62,0.1667,0.0,0,0,38286.44,0,no_listado
65,ISY261219HDR,Tecnologia,5,467605.82,93521.16,148293.91,61743.28,0.0,4,1,1,1,5,0.2,0.0,0,0,2517,4,449145.03,0.2,0.0,0,0,467605.82,0,no_listado
65,OCL0009029KJ,Construccion,5,341471.12,68294.22,107872.44,37407.37,0.4,5,0,0,1,3,0.0,0.0,0,0,233,4,235042.3,0.2,0.0,0,0,341471.12,0,no_listado
65,ONM010618VBC,Mantenimiento,3,381315.78,127105.26,171864.16,31973.9,0.6667,3,1,1,1,3,0.0,0.0,0,0,1156,2,282155.6,0.3333,0.0,0,0,381315.78,0,no_listado
65,SDE120624OW8,Consultoria,9,351510.8,39056.76,112391.82,29285.14,0.6667,5,1,1,1,9,0.0,0.0,0,0,707,7,281407.14,0.1111,0.0,0,0,351510.8,0,no_listado
65,JRP221022M2E,Logistica,3,97817.36,32605.79,59627.63,19107.39,0.6667,2,1,1,1,3,0.0,0.0,0,0,2259,2,38189.73,0.3333,0.0,0,0,97817.36,0,no_listado
65,AOU260910IKZ,Transporte,6,397689.98,66281.66,114920.41,36439.01,0.8333,4,1,1,1,6,0.0,0.0,0,0,1362,6,397689.98,0.0,0.0,0,0,397689.98,0,no_listado
65,UGR130123KBQ,Transporte,5,203428.68,40685.74,72812.57,20223.41,0.6,4,1,1,1,5,0.4,0.4,0,0,693,5,203428.68,0.0,0.0,0,0,203428.68,0,no_listado
65,OVK021209HD8,Transporte,5,234680.04,46936.01,67033.56,23598.57,0.8,3,0,0,1,1,0.0,0.0,0,0,58,5,234680.04,0.0,0.0,0,1,234680.04,0,no_listado
65,VIU180422JGF,Papeleria,8,576879.72,72109.96,170816.97,49758.7,0.25,5,0,0,1,4,0.0,0.0,0,0,1925,7,557844.68,0.125,0.0,0,0,576879.72,0,no_listado
65,PLP000826CKJ,Tecnologia,5,483485.27,96697.05,165125.57,50128.08,0.4,3,1,1,1,5,0.0,0.0,0,0,1978,4,350591.92,0.2,0.0,0,0,483485.27,0,no_listado
65,WXC050315NA0,Mantenimiento,5,356420.72,71284.14,103089.61,31397.65,0.6,4,1,1,1,5,0.0,0.0,0,0,2385,5,356420.72,0.0,0.0,0,0,356420.72,0,no_listado
65,WNU1801289LR,Construccion,4,207605.71,51901.43,114920.41,39240.79,0.25,3,0,0,1,1,0.0,0.0,0,0,66,4,207605.71,0.0,0.0,0,0,207605.71,0,no_listado
65,WAS130712956,Consultoria,5,231105.27,46221.05,116595.34,39053.58,0.4,4,0,0,0,0,0.0,0.0,1,1,2578,4,213189.5,0.2,1.0,0,0,231105.27,1,definitivo
65,TIZ0712020ME,Transporte,1,1240611.85,1240611.85,1240611.85,0.0,1.0,1,0,0,0,0,0.0,0.0,0,0,213,1,1240611.85,0.0,0.0,0,0,1240611.85,1,no_listado
65,CQZ110904SKD,Publicidad,14,675266.01,48233.29,49709.78,855.64,0.3571,5,0,0,1,14,1.0,1.0,0,0,716,13,628003.79,0.0,1.0,0,0,675266.01,1,no_listado
65,YZG130502F1Y,Papeleria,5,338793.77,67758.75,150729.21,58741.97,0.6,3,0,0,1,5,1.0,0.0,0,0,127,5,338793.77,0.0,0.0,0,0,338793.77,1,no_listado
65,HAZ0712031N7,Tecnologia,4,326093.82,81523.46,123802.81,44054.15,0.75,3,0,0,1,3,0.0,0.0,1,0,2121,4,326093.82,0.0,0.0,0,0,326093.82,0,desvirtuado
65,PIA980421QT4,Publicidad,3,285797.39,95265.8,102932.1,7949.21,0.3333,3,0,0,0,0,0.0,0.0,1,0,609,3,285797.39,0.0,0.0,0,0,285797.39,0,desvirtuado
65,HECN900525HA5,Mantenimiento,3,105997.84,35332.61,63008.43,19643.46,0.3333,2,1,1,1,2,0.5,0.0,1,0,404,2,82421.0,0.3333,0.0,0,0,105997.84,0,favorable
65,AMO120525MA1,Logistica,4,349616.19,87404.05,153975.47,49367.3,0.5,3,0,0,1,2,0.0,0.0,1,0,1126,3,195640.72,0.25,0.0,0,0,349616.19,0,favorable
65,CCE1210166YA,Papeleria,5,297343.68,59468.74,163301.76,56926.28,0.8,3,1,1,1,4,0.0,0.0,1,0,798,4,218622.96,0.2,0.0,0,0,297343.68,0,presunto
65,CML191008R49,Seguridad,7,539260.93,77037.28,155760.6,50432.31,0.5714,4,1,1,1,4,0.25,0.0,1,0,175,5,379650.66,0.2857,0.0,0,0,539260.93,0,presunto
65,WWB071013PV1,Transporte,10,440340.76,44034.08,48330.68,2172.53,0.0,5,1,1,1,10,0.0,0.4,0,0,1727,10,440340.76,0.0,0.0,0,0,440340.76,0,no_listado
65,ZSH110709KIE,Mantenimiento,1,9860.0,9860.0,9860.0,0.0,0.0,1,0,0,0,0,0.0,0.0,0,0,1149,1,9860.0,0.0,0.0,0,0,9860.0,0,no_listado
65,BOM2311260NW,Seguridad,8,556800.0,69600.0,69600.0,0.0,0.0,4,1,1,0,0,0.0,0.0,0,0,1249,8,556800.0,0.0,0.0,0,0,556800.0,0,no_listado
65,YFJ130815BVV,Papeleria,4,52769.67,13192.42,14453.11,956.91,0.0,3,1,1,0,0,0.0,0.0,0,0,2146,4,52769.67,0.0,0.0,0,0,52769.67,0,no_listado
65,QNF060808QUG,Consultoria,6,342638.5,57106.42,60514.33,2355.94,0.0,4,1,1,0,0,0.0,0.0,0,0,2191,6,342638.5,0.0,0.0,0,0,342638.5,0,no_listado
65,PRM120909KCA,Construccion,9,539827.59,59980.84,78922.03,16355.9,0.0,4,1,1,1,9,0.0,0.0,0,0,82,9,539827.59,0.0,0.0,0,0,539827.59,0,no_listado
65,AMM090415MW4,Consultoria,5,187176.84,37435.37,46082.43,8205.48,0.0,4,1,1,0,0,0.0,0.0,1,0,2562,4,162751.08,0.2,0.0,0,0,187176.84,0,favorable
65,QSJ100505T2H,Limpieza,8,43039.47,5379.93,6738.9,1145.13,0.0,1,0,0,0,0,0.0,0.0,0,0,2416,8,43039.47,0.0,0.0,0,0,43039.47,0,no_listado
65,GKC10050189S,Mantenimiento,6,45164.28,7527.38,10240.9,2376.17,0.5,4,1,1,1,6,1.0,0.0,0,0,1624,5,35133.67,0.1667,0.0,0,1,45164.28,0,no_listado
66,UIR050627ZJN,Consultoria,4,486230.64,121557.66,170214.57,35271.03,0.25,4,1,1,1,4,0.0,0.0,0,0,1182,4,486230.64,0.0,0.0,0,1,486230.64,0,no_listado
66,CUT260704S8O,Limpieza,7,402389.18,57484.17,145683.6,41820.58,0.4286,4,0,0,1,4,0.0,0.0,0,0,822,5,201813.88,0.2857,0.0,0,0,402389.18,0,no_listado
66,ADR120704UA7,Logistica,8,645125.27,80640.66,142951.35,50065.87,0.75,6,1,1,1,8,0.125,0.0,0,0,1368,7,626467.75,0.125,0.0,0,0,645125.27,0,no_listado
66,OAN121223WC6,Papeleria,9,485923.39,53991.49,134651.4,42743.55,0.8889,6,0,0,1,3,0.0,0.0,0,0,1688,8,468151.18,0.1111,0.0,0,0,485923.39,0,no_listado
66,XUP251116KQ3,Tecnologia,9,989343.55,109927.06,157298.67,44353.6,0.4444,5,0,0,1,3,0.0,0.0,0,0,2233,7,734118.29,0.1111,0.0,0,0,989343.55,0,no_listado
66,PJK120901FL0,Publicidad,6,506848.8,84474.8,167772.35,45222.37,0.5,5,1,1,1,6,0.0,0.0,0,0,658,5,488377.38,0.1667,0.0,0,0,506848.8,0,no_listado
66,BMC231108SDY,Logistica,8,449856.3,56232.04,130191.42,41143.1,0.375,5,1,1,1,8,0.125,0.0,0,0,1508,7,430443.73,0.0,0.0,0,0,449856.3,0,no_listado
66,QEZ010323YM9,Transporte,7,630674.75,90096.39,149703.39,44670.89,0.5714,4,1,1,1,7,0.1429,0.0,0,0,2316,6,489479.48,0.1429,0.0,0,0,630674.75,0,no_listado
66,FUM221204H00,Seguridad,7,420036.78,60005.25,116266.87,31444.69,0.4286,4,0,0,1,3,0.3333,0.0,0,0,1054,6,401985.42,0.1429,0.0,0,0,420036.78,0,no_listado
66,KWF001122HQ7,Mantenimiento,4,186111.42,46527.85,80549.31,27958.83,0.5,4,1,1,1,4,0.0,0.0,0,0,2328,3,166270.81,0.25,0.0,0,0,186111.42,0,no_listado
66,HSQ220808KVV,Logistica,8,482550.82,60318.85,135555.69,48585.35,0.875,5,1,1,1,8,0.0,0.0,0,0,1399,7,462835.17,0.125,0.0,0,0,482550.82,0,no_listado
66,MUE150604FWC,Tecnologia,9,874576.23,97175.14,164027.94,51269.05,0.3333,4,1,1,1,9,0.2222,0.1111,0,0,387,8,819093.28,0.1111,0.0,0,0,874576.23,0,no_listado
66,BCO050526DQ7,Consultoria,6,579084.65,96514.11,171769.83,45190.86,0.5,2,0,0,0,0,0.0,0.0,1,1,1794,6,579084.65,0.0,1.0,0,0,579084.65,1,definitivo
66,QPI131224ME2,Publicidad,1,974043.23,974043.23,974043.23,0.0,1.0,1,0,0,0,0,0.0,0.0,0,0,348,1,974043.23,0.0,0.0,0,0,974043.23,1,no_listado
66,NAI010119RY7,Publicidad,10,481307.97,48130.8,49248.09,736.67,0.3,5,1,1,1,10,1.0,1.0,0,0,1587,9,433536.19,0.0,1.0,0,0,481307.97,1,no_listado
66,VLM260204TKI,Consultoria,5,323109.64,64621.93,162815.63,60030.23,0.2,4,1,1,1,5,1.0,0.0,0,0,1752,5,323109.64,0.0,0.0,0,0,323109.64,1,no_listado
66,FCO980512JD6,Papeleria,6,422869.83,70478.3,136941.89,45350.42,0.3333,4,0,0,1,4,0.0,0.0,1,0,53,4,232501.96,0.3333,0.0,0,0,422869.83,0,desvirtuado
66,GLI040729JX2,Tecnologia,5,356046.1,71209.22,116427.48,31798.77,0.4,4,0,0,1,2,0.0,0.0,1,0,249,4,284206.5,0.2,0.0,0,0,356046.1,0,desvirtuado
66,DEJ080909C3A,Mantenimiento,5,337102.09,67420.42,93021.2,27130.32,0.6,3,0,0,1,2,0.0,0.0,1,0,1868,5,337102.09,0.0,0.0,0,0,337102.09,0,favorable
66,CEM1009233U0,Transporte,7,496049.29,70864.18,164043.51,59386.49,0.7143,5,1,1,1,6,0.1667,0.0,1,0,1681,5,408768.36,0.1429,0.0,0,0,496049.29,0,favorable
66,FRI200528C87,Transporte,3,143917.92,47972.64,89265.02,29964.37,0.3333,3,1,1,1,2,0.0,0.0,1,0,2486,3,143917.92,0.0,0.0,0,0,143917.92,0,presunto
66,HEGM781101V17,Transporte,7,629882.16,89983.17,173252.96,52773.46,0.2857,6,0,0,1,3,0.3333,0.0,1,0,891,6,456629.2,0.1429,0.0,0,0,629882.16,0,presunto
66,UWB260308846,Transporte,10,438472.99,43847.3,48187.71,2161.03,0.0,4,1,1,1,10,0.0,0.2,0,0,1731,8,347676.04,0.0,0.0,0,0,438472.99,0,no_listado
66,XKY181021P0K,Mantenimiento,1,9860.0,9860.0,9860.0,0.0,0.0,1,0,0,0,0,0.0,0.0,0,0,1153,1,9860.0,0.0,0.0,0,0,9860.0,0,no_listado
66,ABL021003LYE,Seguridad,8,556800.0,69600.0,69600.0,0.0,0.0,6,1,1,0,0,0.0,0.0,0,0,1249,8,556800.0,0.0,0.0,0,0,556800.0,0,no_listado
66,UOJ190324P40,Papeleria,4,51087.29,12771.82,15297.31,1505.11,0.0,3,1,1,0,0,0.0,0.0,0,0,2141,4,51087.29,0.0,0.0,0,0,51087.29,0,no_listado
66,UOE1404166M2,Consultoria,6,305396.57,50899.43,62947.76,8026.19,0.0,4,1,1,0,0,0.0,0.0,0,0,2231,6,305396.57,0.0,0.0,0,0,305396.57,0,no_listado
66,YEP190213HS1,Construccion,9,569879.54,63319.95,77030.82,10839.51,0.0,5,1,1,1,9,0.0,0.1111,0,0,41,8,492848.72,0.0,0.0,0,1,569879.54,0,no_listado
66,DURL861015SV2,Consultoria,5,195668.13,39133.63,45483.74,5047.62,0.0,4,1,1,0,0,0.0,0.0,1,0,2600,5,195668.13,0.0,0.0,0,0,195668.13,0,favorable
66,XYV121211E8O,Limpieza,8,43582.46,5447.81,6945.28,1102.64,0.0,1,0,0,0,0,0.0,0.0,0,0,2416,8,43582.46,0.0,0.0,0,0,43582.46,0,no_listado
66,QDO040620M9O,Mantenimiento,6,47095.56,7849.26,10123.44,1520.63,0.8333,5,1,1,1,6,1.0,0.0,0,0,1588,4,34288.14,0.3333,0.0,0,0,47095.56,0,no_listado
67,INX220923ZEE,Tecnologia,8,709415.25,88676.91,139379.6,42987.19,0.375,5,1,1,1,8,0.125,0.0,0,0,1054,6,450481.28,0.25,0.0,0,0,709415.25,0,no_listado
67,TXW2008043VO,Papeleria,4,359186.2,89796.55,157218.91,53627.61,0.5,4,1,1,1,4,0.25,0.0,0,0,473,3,299152.75,0.25,0.0,0,0,359186.2,0,no_listado
67,ZEN130425NZD,Papeleria,4,437444.52,109361.13,159657.48,57450.18,0.5,3,0,0,1,2,0.0,0.0,0,0,253,3,279546.55,0.25,0.0,0,0,437444.52,0,no_listado
67,BER1409207MF,Seguridad,6,515425.87,85904.31,133805.08,35788.28,0.6667,4,1,1,1,6,0.0,0.0,0,0,1100,6,515425.87,0.0,0.0,0,0,515425.87,0,no_listado
67,UBC200114QI1,Tecnologia,3,213000.56,71000.19,116484.73,34869.76,0.3333,1,1,1,1,3,0.0,0.0,0,0,2195,3,213000.56,0.0,0.0,0,0,213000.56,0,no_listado
67,EUK050301NPH,Limpieza,9,320426.42,35602.94,105761.5,28661.91,0.4444,5,1,1,1,9,0.0,0.1111,0,0,1008,7,283534.9,0.1111,0.0,0,0,320426.42,0,no_listado
67,FJQ081104BM1,Mantenimiento,7,467602.41,66800.34,158798.21,54474.06,0.5714,4,1,1,1,7,0.0,0.0,0,0,1585,5,411448.29,0.2857,0.0,0,0,467602.41,0,no_listado
67,XJI160211SGC,Construccion,6,611291.42,101881.9,137003.23,38353.54,0.5,4,0,0,1,5,0.0,0.0,0,0,172,5,502564.82,0.1667,0.0,0,0,611291.42,0,no_listado
67,LBH1011178H8,Mantenimiento,3,234887.84,78295.95,115760.53,43255.54,0.3333,2,0,0,1,2,0.0,0.0,0,0,1297,2,133445.0,0.3333,0.0,0,0,234887.84,0,no_listado
67,OQU1009026FV,Consultoria,7,603308.07,86186.87,128549.9,42171.43,1.0,4,1,1,1,7,0.0,0.2857,0,0,1288,6,483429.35,0.1429,0.0,0,0,603308.07,0,no_listado
67,UEK251127O4Y,Seguridad,5,349894.94,69978.99,141505.96,41087.87,0.4,3,0,0,1,2,0.0,0.0,0,0,565,3,223038.36,0.4,0.0,0,0,349894.94,0,no_listado
67,IBD0003225W0,Limpieza,8,550831.6,68853.95,128437.25,41862.71,0.5,5,1,1,1,8,0.25,0.0,0,0,2281,7,532360.18,0.0,0.0,0,0,550831.6,0,no_listado
67,CBS120123AN1,Consultoria,7,484190.12,69170.02,158056.32,40274.78,0.5714,3,0,0,0,0,0.0,0.0,1,1,2023,7,484190.12,0.0,1.0,0,0,484190.12,1,definitivo
67,NAS220104NYI,Logistica,1,1434748.22,1434748.22,1434748.22,0.0,0.0,1,0,0,0,0,0.0,0.0,0,0,2320,1,1434748.22,0.0,0.0,0,0,1434748.22,1,no_listado
67,BRV2108159PH,Construccion,13,629336.46,48410.5,49407.74,798.31,0.5385,6,0,0,1,13,1.0,1.0,0,0,1230,12,580951.89,0.0,1.0,0,0,629336.46,1,no_listado
67,MAJ191124VCO,Construccion,4,258426.32,64606.58,99160.18,27536.73,0.0,3,0,0,1,4,1.0,0.0,0,0,135,3,221858.61,0.25,0.0,0,0,258426.32,1,no_listado
67,TSO110412T83,Logistica,5,435092.62,87018.52,148115.95,45795.81,0.6,3,1,1,1,1,0.0,0.0,1,0,2614,4,342444.56,0.2,0.0,0,0,435092.62,0,desvirtuado
67,SALN790417EW7,Logistica,3,221949.96,73983.32,172210.4,69609.27,0.3333,3,1,1,1,3,0.0,0.0,1,0,2325,3,221949.96,0.0,0.0,0,0,221949.96,0,desvirtuado
67,CEE120418UX0,Seguridad,3,171956.84,57318.95,118481.39,43914.14,0.6667,2,0,0,1,1,0.0,0.0,1,0,2322,2,53475.45,0.3333,0.0,0,0,171956.84,0,favorable
67,BIM970430QJ5,Seguridad,5,432458.18,86491.64,140764.23,35691.26,0.4,4,1,1,1,5,0.0,0.0,1,0,145,5,432458.18,0.0,0.0,0,0,432458.18,0,favorable
67,WSE210628DP9,Construccion,5,214004.5,42800.9,104775.16,32233.28,0.6,4,1,1,1,2,0.0,0.0,1,0,2128,5,214004.5,0.0,0.0,0,0,214004.5,0,presunto
67,BARC770529F39,Mantenimiento,6,585606.78,97601.13,166975.96,61601.72,0.6667,5,1,1,1,3,0.0,0.0,1,0,2001,4,372663.46,0.3333,0.0,0,0,585606.78,0,presunto
67,MOR160716YOA,Transporte,10,451251.02,45125.1,48137.27,2585.69,0.0,5,1,1,1,10,0.0,0.6,0,0,1704,10,451251.02,0.0,0.0,0,0,451251.02,0,no_listado
67,RMH070505CLL,Mantenimiento,1,9860.0,9860.0,9860.0,0.0,0.0,1,0,0,0,0,0.0,0.0,0,0,1264,1,9860.0,0.0,0.0,0,0,9860.0,0,no_listado
67,THJ1109133EM,Seguridad,8,556800.0,69600.0,69600.0,0.0,0.0,3,1,1,0,0,0.0,0.0,0,0,1249,8,556800.0,0.0,0.0,0,0,556800.0,0,no_listado
67,REB0308249NP,Papeleria,4,56906.01,14226.5,16465.33,1867.38,0.0,4,1,1,0,0,0.0,0.0,0,0,2268,3,45040.83,0.25,0.0,0,0,56906.01,0,no_listado
67,ZNN030615TL8,Consultoria,6,294729.62,49121.6,58115.72,5698.73,0.0,4,1,1,0,0,0.0,0.0,0,0,2300,6,294729.62,0.0,0.0,0,0,294729.62,0,no_listado
67,YVC200420QZ9,Construccion,9,548888.4,60987.6,74576.08,10287.17,0.0,5,1,1,1,9,0.0,0.1111,0,0,57,8,479663.25,0.1111,0.0,0,0,548888.4,0,no_listado
67,RACD831102286,Consultoria,5,178753.34,35750.67,42429.75,5418.79,0.0,4,1,1,0,0,0.0,0.0,1,0,2591,4,144911.31,0.2,0.0,0,0,178753.34,0,favorable
67,SYJ031101EPK,Limpieza,8,34429.55,4303.69,6332.36,1199.34,0.0,1,0,0,0,0,0.0,0.0,0,0,2413,8,34429.55,0.0,0.0,0,0,34429.55,0,no_listado
67,ISE14081438B,Mantenimiento,6,40005.36,6667.56,8556.59,1118.47,0.3333,4,1,1,1,6,1.0,0.0,0,0,1593,5,34239.68,0.1667,0.0,0,0,40005.36,0,no_listado
68,VYH1605098I2,Mantenimiento,3,273213.93,91071.31,158155.86,57138.55,0.3333,2,1,1,1,3,0.3333,0.0,0,0,967,3,273213.93,0.0,0.0,0,0,273213.93,0,no_listado
68,RCJ090215H03,Limpieza,3,335060.09,111686.7,163028.92,65952.09,1.0,2,0,0,0,0,0.0,0.0,0,0,1419,3,335060.09,0.0,0.0,0,0,335060.09,0,no_listado
68,PUA1611263FD,Consultoria,5,239761.91,47952.38,127783.71,42652.05,0.6,3,0,0,1,3,0.0,0.0,0,0,170,4,222263.54,0.0,0.0,0,0,239761.91,0,no_listado
68,FNB110327JEW,Limpieza,5,382446.56,76489.31,143482.57,49801.31,0.2,3,0,0,1,2,0.0,0.0,0,0,1123,4,274749.58,0.2,0.0,0,0,382446.56,0,no_listado
68,EER100520R81,Consultoria,4,151757.23,37939.31,75992.06,23834.93,0.5,3,1,1,1,4,0.0,0.0,0,0,254,4,151757.23,0.0,0.0,0,0,151757.23,0,no_listado
68,GFB080621TNE,Limpieza,7,546106.33,78015.19,168735.95,67593.44,0.5714,4,0,0,1,4,0.25,0.0,0,0,1601,6,383110.09,0.1429,0.0,0,0,546106.33,0,no_listado
68,CGO041024REF,Mantenimiento,6,444169.24,74028.21,137598.65,55402.11,0.6667,4,1,1,1,6,0.0,0.0,0,0,175,4,308328.51,0.3333,0.0,0,0,444169.24,0,no_listado
68,UCF260706EBL,Papeleria,9,735582.95,81731.44,142660.6,32127.41,0.5556,5,1,1,1,9,0.0,0.0,0,0,1904,7,569373.73,0.2222,0.0,0,0,735582.95,0,no_listado
68,AYB130604OD6,Papeleria,5,485319.77,97063.95,173686.29,47955.8,0.8,4,1,1,1,5,0.2,0.2,0,0,469,3,267041.23,0.4,0.0,0,0,485319.77,0,no_listado
68,WIL230827I39,Tecnologia,6,319007.42,53167.9,120817.2,32329.38,0.5,3,1,1,1,6,0.0,0.0,0,0,173,6,319007.42,0.0,0.0,0,0,319007.42,0,no_listado
68,MKV08062300Z,Papeleria,3,398255.99,132752.0,155225.49,30542.87,0.3333,2,1,1,1,3,0.0,0.0,0,0,839,2,244795.37,0.3333,0.0,0,0,398255.99,0,no_listado
68,FRS020108VMC,Transporte,9,522944.7,58104.97,143128.62,45518.13,0.3333,4,1,1,1,9,0.1111,0.0,0,0,242,9,522944.7,0.0,0.0,0,0,522944.7,0,no_listado
68,JIC110711IN4,Consultoria,8,616265.86,77033.23,154605.45,51301.82,0.5,5,0,0,0,0,0.0,0.0,1,1,2246,8,616265.86,0.0,1.0,0,0,616265.86,1,definitivo
68,MHO041020V03,Consultoria,1,1062491.42,1062491.42,1062491.42,0.0,1.0,1,0,0,0,0,0.0,0.0,0,0,1054,1,1062491.42,0.0,0.0,0,0,1062491.42,1,no_listado
68,PWR081008FOS,Logistica,11,532664.12,48424.01,49375.55,653.92,0.6364,3,0,0,1,11,1.0,1.0,0,0,1407,9,437640.57,0.0909,1.0,0,0,532664.12,1,no_listado
68,SSL150124MHJ,Transporte,4,327179.75,81794.94,142114.18,43623.18,0.5,3,0,0,1,4,1.0,0.25,0,0,291,4,327179.75,0.0,0.0,0,0,327179.75,1,no_listado
68,CPS1207305A2,Mantenimiento,7,533961.46,76280.21,169461.28,58048.15,0.7143,4,1,1,1,3,0.0,0.0,1,0,525,7,533961.46,0.0,0.0,0,0,533961.46,0,desvirtuado
68,CAI991014B39,Publicidad,3,400713.54,133571.18,143528.61,11958.04,0.6667,3,1,1,1,2,0.0,0.0,1,0,884,2,257184.93,0.3333,0.0,0,0,400713.54,0,desvirtuado
68,SME150115EK2,Limpieza,6,500384.52,83397.42,147086.91,40557.93,0.8333,5,1,1,1,3,0.0,0.0,1,0,1264,6,500384.52,0.0,0.0,0,0,500384.52,0,favorable
68,GEM1212044H2,Mantenimiento,5,221618.6,44323.72,93361.75,32328.56,0.2,3,1,1,1,4,0.25,0.0,1,0,523,5,221618.6,0.0,0.0,0,0,221618.6,0,favorable
68,CIM250224BF8,Consultoria,3,279343.51,93114.5,173606.53,63751.56,0.0,3,1,1,1,2,0.0,0.0,1,0,1013,2,105736.98,0.3333,0.0,0,0,279343.51,0,presunto
68,AAP200401PB5,Seguridad,4,269186.69,67296.67,95977.99,28492.22,0.75,3,0,0,0,0,0.0,0.0,1,0,241,2,171893.44,0.5,0.0,0,0,269186.69,0,presunto
68,PPC220414NF8,Transporte,10,455312.51,45531.25,48205.86,2194.65,0.0,4,1,1,1,10,0.0,0.7,0,0,1745,8,364970.37,0.1,0.0,0,0,455312.51,0,no_listado
68,UWY220702K2D,Mantenimiento,1,9860.0,9860.0,9860.0,0.0,0.0,1,0,0,0,0,0.0,0.0,0,0,1104,1,9860.0,0.0,0.0,0,0,9860.0,0,no_listado
68,ELU190503K8S,Seguridad,8,556800.0,69600.0,69600.0,0.0,0.0,5,1,1,0,0,0.0,0.0,0,0,1249,6,417600.0,0.0,0.0,0,0,556800.0,0,no_listado
68,ZDB190911B6Q,Papeleria,4,56655.21,14163.8,15455.99,978.94,0.0,4,1,1,0,0,0.0,0.0,0,0,2147,4,56655.21,0.0,0.0,0,0,56655.21,0,no_listado
68,ZTJ151025ZOJ,Consultoria,6,336144.29,56024.05,60364.13,2834.43,0.0,4,1,1,0,0,0.0,0.0,0,0,2280,6,336144.29,0.0,0.0,0,0,336144.29,0,no_listado
68,LHY021027GCM,Construccion,9,518477.4,57608.6,75091.9,12176.37,0.0,5,1,1,1,9,0.0,0.0,0,0,93,7,378693.88,0.2222,0.0,0,0,518477.4,0,no_listado
68,ATW13101257A,Consultoria,5,183705.17,36741.03,44031.63,5706.38,0.0,3,1,1,0,0,0.0,0.0,1,0,2569,3,103824.98,0.4,0.0,0,0,183705.17,0,favorable
68,HCB030726TPZ,Limpieza,8,35337.52,4417.19,6087.88,1181.61,0.0,1,0,0,0,0,0.0,0.0,0,0,2433,8,35337.52,0.0,0.0,0,0,35337.52,0,no_listado
68,VEX190516BL6,Mantenimiento,6,44386.36,7397.73,9164.43,1666.86,0.8333,4,1,1,1,6,1.0,0.0,0,0,1662,5,35221.93,0.1667,0.0,0,0,44386.36,0,no_listado
69,ULJ250825CXC,Logistica,3,288095.65,96031.88,116066.27,24298.73,0.6667,3,0,0,1,2,0.0,0.0,0,0,625,2,177902.25,0.3333,0.0,0,0,288095.65,0,no_listado
69,CQN110703LSE,Publicidad,4,301513.92,75378.48,173606.53,58765.24,0.75,4,1,1,1,4,0.0,0.0,0,0,2544,3,250394.26,0.25,0.0,0,0,301513.92,0,no_listado
69,POJ130910POZ,Publicidad,3,178931.09,59643.7,87802.52,22410.28,0.6667,3,1,1,1,3,0.0,0.0,0,0,1969,2,91128.57,0.3333,0.0,0,0,178931.09,0,no_listado
69,SFU181118USA,Logistica,8,643852.38,80481.55,121332.97,34734.47,0.75,5,0,0,1,4,0.25,0.0,0,0,109,8,643852.38,0.0,0.0,0,0,643852.38,0,no_listado
69,SSS1008266LO,Transporte,5,304663.87,60932.77,125548.48,52467.16,0.6,4,0,0,1,1,0.0,0.0,0,0,761,5,304663.87,0.0,0.0,0,0,304663.87,0,no_listado
69,WKH130602FY3,Transporte,7,1025422.25,146488.89,171327.96,21207.54,0.2857,5,1,1,1,7,0.0,0.0,0,0,290,7,1025422.25,0.0,0.0,0,0,1025422.25,0,no_listado
69,XPA080107SV7,Construccion,9,687266.22,76362.91,122009.24,38037.04,0.3333,6,1,1,1,9,0.2222,0.0,0,0,891,5,464411.92,0.4444,0.0,0,0,687266.22,0,no_listado
69,VMG141021J39,Tecnologia,9,882416.8,98046.31,165168.41,59479.84,0.5556,5,0,0,1,5,0.2,0.0,0,0,243,7,714205.19,0.1111,0.0,0,0,882416.8,0,no_listado
69,XZP150503QIW,Limpieza,5,159726.24,31945.25,51693.39,15440.24,0.4,3,1,1,1,5,0.0,0.2,0,0,1381,4,140396.09,0.0,0.0,0,0,159726.24,0,no_listado
69,MIF2004175S0,Transporte,9,973101.35,108122.37,168176.74,53564.82,0.4444,6,1,1,1,9,0.1111,0.0,0,0,2402,8,954021.11,0.1111,0.0,0,0,973101.35,0,no_listado
69,BQJ160728SO2,Papeleria,9,600081.16,66675.68,147868.54,50052.6,0.5556,6,0,0,1,5,0.2,0.0,0,0,632,9,600081.16,0.0,0.0,0,0,600081.16,0,no_listado
69,RLG1908252JO,Limpieza,3,296278.68,98759.56,152081.6,38744.61,0.3333,3,1,1,1,3,0.0,0.0,0,0,1998,3,296278.68,0.0,0.0,0,0,296278.68,0,no_listado
69,CUF101220PM0,Consultoria,7,521472.66,74496.09,170413.54,61158.92,0.2857,4,0,0,0,0,0.0,0.0,1,1,186,7,521472.66,0.0,1.0,0,0,521472.66,1,definitivo
69,HLP020325I22,Logistica,1,1464135.37,1464135.37,1464135.37,0.0,0.0,1,1,1,0,0,0.0,0.0,0,0,319,1,1464135.37,0.0,0.0,0,0,1464135.37,1,no_listado
69,AZV191018BS3,Tecnologia,11,526241.89,47840.17,49413.78,949.71,0.5455,5,0,0,1,11,1.0,1.0,0,0,448,11,526241.89,0.0,1.0,0,0,526241.89,1,no_listado
69,RPB031228UCB,Publicidad,5,379496.68,75899.34,149756.65,57456.92,0.2,4,0,0,1,5,1.0,0.0,0,0,239,5,379496.68,0.0,0.0,0,0,379496.68,1,no_listado
69,IFO050531BI6,Tecnologia,5,129237.31,25847.46,54213.75,14200.05,0.6,2,1,1,1,2,0.0,0.0,1,0,70,4,110500.03,0.0,0.0,0,0,129237.31,0,desvirtuado
69,GYM101022A86,Logistica,6,274291.2,45715.2,123266.53,37472.74,0.5,4,0,0,1,3,0.0,0.0,1,0,1044,5,254548.96,0.1667,0.0,0,0,274291.2,0,desvirtuado
69,GAPA670815LR7,Logistica,5,259145.36,51829.07,117119.08,38047.12,0.6,3,1,1,1,2,0.0,0.0,1,0,2101,5,259145.36,0.0,0.0,0,0,259145.36,0,favorable
69,PIHL8009185P7,Transporte,6,615917.54,102652.92,163301.76,36636.42,0.1667,4,1,1,1,2,0.5,0.0,1,0,1255,4,394223.72,0.3333,0.0,0,0,615917.54,0,favorable
69,CFS1902159M7,Mantenimiento,4,392039.12,98009.78,170102.95,52296.48,0.5,3,1,1,1,3,0.0,0.3333,1,0,776,3,341924.95,0.25,0.0,0,0,392039.12,0,presunto
69,AFG191220HG3,Mantenimiento,3,221195.45,73731.82,98237.64,25180.31,1.0,2,1,1,1,1,0.0,0.0,1,0,141,1,39103.24,0.6667,0.0,0,0,221195.45,0,presunto
69,PAQ160928PZB,Transporte,10,443828.04,44382.8,47211.69,1921.51,0.0,5,1,1,1,10,0.0,0.4,0,0,1735,8,358497.28,0.0,0.0,0,0,443828.04,0,no_listado
69,RAJ010815X7T,Mantenimiento,1,9860.0,9860.0,9860.0,0.0,0.0,1,0,0,0,0,0.0,0.0,0,0,1288,1,9860.0,0.0,0.0,0,0,9860.0,0,no_listado
69,NRI010228MYD,Seguridad,8,556800.0,69600.0,69600.0,0.0,0.0,4,1,1,0,0,0.0,0.0,0,0,1249,7,487200.0,0.0,0.0,0,0,556800.0,0,no_listado
69,MPN221218RZW,Papeleria,4,55627.85,13906.96,17010.53,2809.96,0.0,4,1,1,0,0,0.0,0.0,0,0,2278,3,44866.69,0.25,0.0,0,0,55627.85,0,no_listado
69,USD160123E3A,Consultoria,6,326111.44,54351.91,63485.15,6461.49,0.0,4,1,1,0,0,0.0,0.0,0,0,2189,6,326111.44,0.0,0.0,0,0,326111.44,0,no_listado
69,FNM171205PTJ,Construccion,9,592162.53,65795.84,79987.9,13060.84,0.0,3,1,1,1,9,0.0,0.1111,0,0,32,8,543762.68,0.1111,0.0,0,0,592162.53,0,no_listado
69,LMR1507247I1,Consultoria,5,166801.81,33360.36,39483.45,5255.47,0.0,4,1,1,0,0,0.0,0.0,1,0,2566,5,166801.81,0.0,0.0,0,0,166801.81,0,favorable
69,OIP140723AC1,Limpieza,8,36961.26,4620.16,6837.91,1348.4,0.0,1,0,0,0,0,0.0,0.0,0,0,2440,8,36961.26,0.0,0.0,0,0,36961.26,0,no_listado
69,ZMJ160307W7Z,Mantenimiento,6,42906.99,7151.16,9282.77,1183.48,0.8333,3,1,1,1,6,1.0,0.0,0,0,1635,6,42906.99,0.0,0.0,0,0,42906.99,0,no_listado
70,YMG160528FUP,Publicidad,7,419751.39,59964.48,127886.52,42407.42,0.1429,4,0,0,1,4,0.0,0.0,0,0,1388,5,342204.36,0.1429,0.0,0,0,419751.39,0,no_listado
70,WZR0002161IF,Tecnologia,8,347498.14,43437.27,97669.26,25593.61,0.5,4,0,0,1,5,0.0,0.0,0,0,1783,7,328957.59,0.125,0.0,0,0,347498.14,0,no_listado
70,LTZ06112031A,Publicidad,9,787492.0,87499.11,140083.78,48591.65,0.5556,5,0,0,1,1,0.0,0.0,0,0,114,5,503564.34,0.4444,0.0,0,0,787492.0,0,no_listado
70,OVQ1010263R7,Transporte,4,373728.19,93432.05,152857.17,42422.87,0.5,2,1,1,1,4,0.0,0.25,0,0,1962,2,173795.63,0.5,0.0,0,0,373728.19,0,no_listado
70,RKN200815SU5,Papeleria,7,489074.65,69867.81,143107.92,43884.27,0.5714,4,1,1,1,7,0.1429,0.0,0,0,1087,6,399275.16,0.1429,0.0,0,0,489074.65,0,no_listado
70,NGP2311259LS,Publicidad,4,305742.91,76435.73,116762.83,40317.71,0.5,4,1,1,1,4,0.0,0.0,0,0,1415,4,305742.91,0.0,0.0,0,0,305742.91,0,no_listado
70,QNK010520EVS,Papeleria,4,106469.02,26617.26,38060.28,6963.75,0.75,2,1,1,1,4,0.25,0.0,0,0,2326,4,106469.02,0.0,0.0,0,0,106469.02,0,no_listado
70,BHL00070986F,Consultoria,7,532631.12,76090.16,166669.59,50712.99,0.4286,5,0,0,1,6,0.1667,0.1667,0,0,230,5,369734.77,0.2857,0.0,0,0,532631.12,0,no_listado
70,HND1203225BH,Limpieza,4,485186.83,121296.71,167465.41,45455.93,0.25,4,1,1,1,4,0.0,0.0,0,0,1356,3,317721.42,0.25,0.0,0,0,485186.83,0,no_listado
70,VZT150502XDD,Logistica,8,484107.71,60513.46,143925.02,47583.52,0.375,5,0,0,1,6,0.1667,0.0,0,0,2328,5,252864.45,0.25,0.0,0,0,484107.71,0,no_listado
70,VAG120621N6W,Logistica,4,432009.3,108002.32,141936.07,28026.47,0.5,3,1,1,1,4,0.25,0.0,0,0,1747,4,432009.3,0.0,0.0,0,0,432009.3,0,no_listado
70,HOU061011I3X,Seguridad,8,863251.06,107906.38,160786.72,51628.76,0.625,5,1,1,1,8,0.0,0.0,0,0,2186,6,678664.88,0.25,0.0,0,0,863251.06,0,no_listado
70,CMT120227I10,Consultoria,5,307083.89,61416.78,110067.79,30075.92,0.4,5,0,0,0,0,0.0,0.0,1,1,2399,5,307083.89,0.0,1.0,0,0,307083.89,1,definitivo
70,BSJ240902SM6,Publicidad,1,989125.18,989125.18,989125.18,0.0,1.0,1,0,0,0,0,0.0,0.0,0,0,864,1,989125.18,0.0,0.0,0,0,989125.18,1,no_listado
70,VIO090318EZE,Tecnologia,12,578753.6,48229.47,49262.85,821.66,0.9167,5,0,0,1,12,1.0,1.0,0,0,167,12,578753.6,0.0,1.0,0,0,578753.6,1,no_listado
70,IJK170812BEY,Seguridad,6,386823.08,64470.51,132472.06,48188.25,0.5,4,0,0,1,6,1.0,0.0,0,0,833,6,386823.08,0.0,0.0,0,0,386823.08,1,no_listado
70,OVI1204205E4,Consultoria,5,380732.31,76146.46,116595.34,33771.98,0.4,4,1,1,1,2,0.0,0.0,1,0,651,5,380732.31,0.0,0.0,0,0,380732.31,0,desvirtuado
70,GPC1506039G8,Tecnologia,6,399033.56,66505.59,122091.3,42245.05,0.6667,4,1,1,1,2,0.0,0.0,1,0,1965,4,297203.86,0.3333,0.0,0,0,399033.56,0,desvirtuado
70,MSM140728TD4,Publicidad,4,416496.04,104124.01,145314.96,51019.31,0.25,2,1,1,1,3,0.0,0.0,1,0,860,4,416496.04,0.0,0.0,0,0,416496.04,0,favorable
70,MSC150720H81,Consultoria,4,267648.29,66912.07,143689.21,45831.87,0.25,4,1,1,1,1,0.0,0.0,1,0,795,4,267648.29,0.0,0.0,0,0,267648.29,0,favorable
70,PEME9008023G1,Seguridad,3,98957.45,32985.82,54889.53,15824.6,0.3333,3,0,0,1,2,0.0,0.0,1,0,1769,2,44067.92,0.3333,0.0,0,0,98957.45,0,presunto
70,CIC21060973A,Publicidad,6,312822.37,52137.06,116016.66,33299.66,0.5,4,1,1,1,4,0.5,0.25,1,0,532,4,275632.27,0.3333,0.0,0,0,312822.37,0,presunto
70,DIT040521IG6,Transporte,10,441093.12,44109.31,48333.3,2434.69,0.0,4,1,1,1,10,0.0,0.4,0,0,1718,9,399250.39,0.1,0.0,0,0,441093.12,0,no_listado
70,BUQ1206159I7,Mantenimiento,1,9860.0,9860.0,9860.0,0.0,0.0,1,0,0,0,0,0.0,0.0,0,0,1294,1,9860.0,0.0,0.0,0,0,9860.0,0,no_listado
70,IJJ060421P6O,Seguridad,8,556800.0,69600.0,69600.0,0.0,0.0,4,1,1,0,0,0.0,0.0,0,0,1249,7,487200.0,0.0,0.0,0,0,556800.0,0,no_listado
70,LWC1206163XJ,Papeleria,4,56502.95,14125.74,16708.07,1587.07,0.0,3,1,1,0,0,0.0,0.0,0,0,2149,4,56502.95,0.0,0.0,0,0,56502.95,0,no_listado
70,JTM051120QEV,Consultoria,6,325569.23,54261.54,63371.83,6335.23,0.0,3,1,1,0,0,0.0,0.0,0,0,2229,5,266879.53,0.1667,0.0,0,1,325569.23,0,no_listado
70,JKA120703II3,Construccion,9,475400.06,52822.23,75202.79,12425.51,0.0,4,1,1,1,9,0.0,0.3333,0,0,51,8,418146.53,0.1111,0.0,0,0,475400.06,0,no_listado
70,ISE161207NG3,Consultoria,5,181879.3,36375.86,45209.31,6105.77,0.0,4,1,1,0,0,0.0,0.0,1,0,2613,4,144363.28,0.2,0.0,0,0,181879.3,0,favorable
70,FMA1808207E2,Limpieza,8,33093.47,4136.68,5759.91,1132.22,0.0,1,0,0,0,0,0.0,0.0,0,0,2412,8,33093.47,0.0,0.0,0,0,33093.47,0,no_listado
70,VUR2001167UX,Mantenimiento,6,50650.82,8441.8,10042.35,1736.54,0.1667,5,1,1,1,6,1.0,0.0,0,0,1601,6,50650.82,0.0,0.0,0,0,50650.82,0,no_listado
71,ZSS171110597,Transporte,6,614031.9,102338.65,158056.32,32686.02,0.6667,4,1,1,1,6,0.0,0.1667,0,0,825,5,519305.01,0.1667,0.0,0,0,614031.9,0,no_listado
71,PLG241116CLY,Tecnologia,4,325398.81,81349.7,123590.95,38480.57,0.75,3,1,1,1,4,0.0,0.0,0,0,2355,3,305842.68,0.25,0.0,0,0,325398.81,0,no_listado
71,ONL2009195EC,Seguridad,3,155388.56,51796.19,94823.99,31893.46,0.6667,3,1,1,1,3,0.3333,0.0,0,0,1914,3,155388.56,0.0,0.0,0,0,155388.56,0,no_listado
71,RAL060928D42,Logistica,4,496435.24,124108.81,161939.99,33198.32,0.5,3,0,0,1,1,0.0,0.0,0,0,609,2,220755.27,0.5,0.0,0,0,496435.24,0,no_listado
71,LDP0404019JL,Limpieza,9,683776.12,75975.12,165125.57,48396.69,0.6667,5,1,1,1,9,0.0,0.0,0,0,1543,8,666081.02,0.1111,0.0,0,0,683776.12,0,no_listado
71,ZYV1502026ED,Logistica,6,525108.41,87518.07,126457.79,34593.6,0.3333,4,0,0,1,1,0.0,0.0,0,0,1016,5,506171.73,0.1667,0.0,0,0,525108.41,0,no_listado
71,WON250906TUB,Seguridad,5,321111.84,64222.37,113454.45,42180.71,0.6,4,1,1,1,5,0.0,0.0,0,0,774,5,321111.84,0.0,0.0,0,0,321111.84,0,no_listado
71,TSQ160318GE2,Publicidad,4,189553.56,47388.39,77217.44,19588.42,0.5,4,1,1,1,4,0.0,0.25,0,0,1655,4,189553.56,0.0,0.0,0,0,189553.56,0,no_listado
71,DRS120508ZW7,Limpieza,8,551883.69,68985.46,124190.96,44498.26,0.5,4,1,1,1,8,0.125,0.0,0,0,2402,7,532229.2,0.125,0.0,0,0,551883.69,0,no_listado
71,CGB070328OQJ,Logistica,9,863627.37,95958.6,150697.65,47945.62,0.5556,5,1,1,1,9,0.0,0.0,0,0,771,6,474663.29,0.3333,0.0,0,0,863627.37,0,no_listado
71,RUW101019DK1,Tecnologia,5,337720.14,67544.03,125222.6,46106.37,0.2,4,1,1,1,5,0.2,0.0,0,0,1970,5,337720.14,0.0,0.0,0,0,337720.14,0,no_listado
71,MEH021118J7D,Papeleria,5,337046.46,67409.29,146996.51,47268.13,0.4,4,0,0,1,2,0.0,0.0,0,0,2305,4,318085.85,0.2,0.0,0,0,337046.46,0,no_listado
71,FER170119CQ1,Consultoria,6,393337.52,65556.25,111637.03,34041.56,0.5,4,0,0,0,0,0.0,0.0,1,1,191,4,214892.33,0.3333,1.0,0,0,393337.52,1,definitivo
71,CEB100328Y7S,Limpieza,1,1502367.72,1502367.72,1502367.72,0.0,0.0,1,0,0,0,0,0.0,0.0,0,0,321,1,1502367.72,0.0,0.0,0,0,1502367.72,1,no_listado
71,KIU1909035YF,Construccion,12,583560.65,48630.05,49744.54,922.42,0.5833,4,0,0,1,12,1.0,1.0,0,0,157,11,534249.55,0.0,1.0,0,0,583560.65,1,no_listado
71,RJF070125XXB,Tecnologia,4,225116.25,56279.06,108883.49,38494.57,0.25,4,0,0,1,4,1.0,0.0,0,0,988,4,225116.25,0.0,0.0,0,0,225116.25,1,no_listado
71,CCG150408U15,Transporte,4,314586.45,78646.61,163500.64,63155.99,0.5,3,0,0,1,2,0.0,0.0,1,0,1568,3,151085.81,0.25,0.0,0,0,314586.45,0,desvirtuado
71,SOL1504093D5,Transporte,6,332019.4,55336.57,119554.37,44055.31,0.5,4,1,1,1,4,0.0,0.0,1,0,1140,6,332019.4,0.0,0.0,0,0,332019.4,0,desvirtuado
71,GIN120409SA5,Transporte,7,548509.31,78358.47,148985.49,45051.67,0.7143,3,1,1,1,2,0.0,0.0,1,0,2073,6,438714.7,0.1429,0.0,0,0,548509.31,0,favorable
71,VPI090106S41,Consultoria,3,287136.66,95712.22,142251.9,54171.56,0.6667,2,0,0,1,2,0.0,0.0,1,0,1644,3,287136.66,0.0,0.0,0,0,287136.66,0,favorable
71,STM070612K15,Limpieza,6,422909.65,70484.94,156780.14,50357.54,0.5,4,1,1,1,3,0.3333,0.3333,1,0,1639,4,200419.94,0.3333,0.0,0,0,422909.65,0,presunto
71,LAN231023HQ5,Papeleria,5,398622.85,79724.57,140485.19,48608.99,0.6,5,1,1,1,3,0.0,0.3333,1,0,2484,2,273852.76,0.6,0.0,0,0,398622.85,0,presunto
71,SGN0309288GP,Transporte,10,455177.76,45517.78,48583.39,2206.24,0.0,4,1,1,1,10,0.0,0.4,0,0,1701,8,367644.88,0.0,0.0,0,0,455177.76,0,no_listado
71,UDF2406063II,Mantenimiento,1,9860.0,9860.0,9860.0,0.0,0.0,1,0,0,0,0,0.0,0.0,0,0,1197,1,9860.0,0.0,0.0,0,0,9860.0,0,no_listado
71,JPZ090228V8L,Seguridad,8,556800.0,69600.0,69600.0,0.0,0.0,5,1,1,0,0,0.0,0.0,0,0,1249,7,487200.0,0.0,0.0,0,0,556800.0,0,no_listado
71,GBK200920UJN,Papeleria,4,58496.39,14624.1,17098.04,2516.34,0.0,2,1,1,0,0,0.0,0.0,0,0,2142,3,41398.35,0.0,0.0,0,0,58496.39,0,no_listado
71,ATA1010071N9,Consultoria,6,280391.35,46731.89,53460.94,4530.87,0.0,3,1,1,0,0,0.0,0.0,0,0,2211,6,280391.35,0.0,0.0,0,0,280391.35,0,no_listado
71,RNI050513IAV,Construccion,9,520836.97,57870.77,79824.25,13832.69,0.0,5,1,1,1,9,0.0,0.4444,0,0,56,9,520836.97,0.0,0.0,0,0,520836.97,0,no_listado
71,ICO131212CG9,Consultoria,5,153256.13,30651.23,36794.04,4372.94,0.0,4,1,1,0,0,0.0,0.0,1,0,2596,3,88644.16,0.4,0.0,0,0,153256.13,0,favorable
71,PMB120403ZGS,Limpieza,8,33814.91,4226.86,5825.43,1077.01,0.0,1,0,0,0,0,0.0,0.0,0,0,2430,8,33814.91,0.0,0.0,0,0,33814.91,0,no_listado
71,ZUV081222STH,Mantenimiento,6,45778.84,7629.81,10039.81,1331.17,0.0,4,1,1,1,6,1.0,0.0,0,0,1629,6,45778.84,0.0,0.0,0,0,45778.84,0,no_listado
72,REQ231214R9G,Seguridad,7,554955.31,79279.33,110457.0,28921.48,0.7143,5,0,0,1,3,0.3333,0.0,0,0,1581,6,444498.31,0.1429,0.0,0,0,554955.31,0,no_listado
72,UPX190225HLA,Tecnologia,5,521836.11,104367.22,156722.95,40059.43,0.4,3,1,1,1,5,0.2,0.0,0,0,197,5,521836.11,0.0,0.0,0,0,521836.11,0,no_listado
72,GAG260507IGU,Logistica,7,377267.99,53895.43,139902.3,44031.07,0.2857,5,1,1,1,7,0.0,0.0,0,0,2599,6,352650.69,0.1429,0.0,0,0,377267.99,0,no_listado
72,ZNN101123IFI,Papeleria,9,736636.23,81848.47,167348.59,39842.27,0.5556,4,1,1,1,9,0.0,0.1111,0,0,1968,9,736636.23,0.0,0.0,0,0,736636.23,0,no_listado
72,INX121019881,Seguridad,9,1061473.32,117941.48,168280.7,39040.94,0.5556,5,1,1,1,9,0.1111,0.1111,0,0,183,7,782046.88,0.2222,0.0,0,0,1061473.32,0,no_listado
72,HNV120515SJM,Limpieza,5,447372.2,89474.44,165192.36,62009.62,0.2,3,0,0,1,1,0.0,0.0,0,0,1674,4,404472.22,0.2,0.0,0,0,447372.2,0,no_listado
72,ZON130814KR7,Construccion,9,802919.6,89213.29,171129.51,50222.14,0.2222,6,1,1,1,9,0.1111,0.0,0,0,1455,8,742688.65,0.1111,0.0,0,0,802919.6,0,no_listado
72,HDQ061008IAF,Construccion,5,267135.89,53427.18,115558.11,35538.13,0.0,4,0,0,1,1,0.0,0.0,0,0,2594,4,151577.78,0.2,0.0,0,0,267135.89,0,no_listado
72,GHY1907248DK,Construccion,4,92028.28,23007.07,38169.3,8763.32,0.25,3,1,1,1,4,0.0,0.0,0,0,170,3,74535.22,0.25,0.0,0,0,92028.28,0,no_listado
72,LWH070904MKH,Transporte,6,421610.5,70268.42,122314.29,32919.56,0.6667,4,1,1,1,6,0.0,0.0,0,0,169,6,421610.5,0.0,0.0,0,0,421610.5,0,no_listado
72,ZYG121205RX6,Limpieza,5,590838.69,118167.74,166868.35,30520.01,0.4,4,0,0,1,2,0.0,0.0,0,0,1218,4,423970.34,0.2,0.0,0,0,590838.69,0,no_listado
72,LSN030506OI2,Tecnologia,7,583916.28,83416.61,164217.46,52889.58,0.2857,5,1,1,1,7,0.0,0.0,0,0,2457,5,547199.42,0.2857,0.0,0,0,583916.28,0,no_listado
72,CIP1203092T4,Consultoria,5,549418.88,109883.78,137384.99,22046.75,0.0,4,0,0,0,0,0.0,0.0,1,1,1677,4,457362.5,0.2,1.0,0,0,549418.88,1,definitivo
72,OIP121108PJZ,Mantenimiento,1,1693957.56,1693957.56,1693957.56,0.0,1.0,1,0,0,0,0,0.0,0.0,0,0,2536,1,1693957.56,0.0,0.0,0,0,1693957.56,1,no_listado
72,ZJC040612LH4,Papeleria,10,482754.57,48275.46,49671.93,1163.5,0.8,5,0,0,1,10,1.0,1.0,0,0,316,8,387697.23,0.0,1.0,0,0,482754.57,1,no_listado
72,CKZ0603123IT,Limpieza,5,388764.51,77752.9,138825.64,40056.69,0.8,4,0,0,1,5,1.0,0.0,0,0,1765,4,327012.36,0.0,0.0,0,0,388764.51,1,no_listado
72,VDP120224JP1,Limpieza,4,229613.02,57403.26,90628.7,28743.81,0.5,4,0,0,1,1,0.0,0.0,1,0,804,4,229613.02,0.0,0.0,0,0,229613.02,0,desvirtuado
72,CSM031008RA0,Limpieza,6,265339.44,44223.24,79580.57,26769.89,0.6667,4,0,0,0,0,0.0,0.0,1,0,1337,5,247200.35,0.1667,0.0,0,0,265339.44,0,desvirtuado
72,LOPM870909LX2,Construccion,6,403642.35,67273.72,142028.81,42254.3,0.5,4,1,1,1,5,0.0,0.0,1,0,192,6,403642.35,0.0,0.0,0,0,403642.35,0,favorable
72,JRC9610103Z5,Limpieza,5,543125.76,108625.15,144779.24,30512.27,0.2,3,1,1,1,5,0.2,0.0,1,0,2397,4,438402.33,0.2,0.0,0,0,543125.76,0,favorable
72,DCO171115LJ9,Tecnologia,7,402586.73,57512.39,143291.76,43045.24,0.4286,5,1,1,1,3,0.0,0.0,1,0,1004,5,181436.43,0.2857,0.0,0,0,402586.73,0,presunto
72,CHU220420DQ4,Logistica,7,578138.51,82591.22,133519.83,48037.64,0.2857,5,1,1,1,4,0.0,0.25,1,0,2216,5,336884.49,0.2857,0.0,0,0,578138.51,0,presunto
72,GYK110728TH6,Transporte,10,436102.49,43610.25,47732.06,2269.1,0.0,6,1,1,1,10,0.0,0.2,0,0,1714,8,352474.11,0.1,0.0,0,0,436102.49,0,no_listado
72,FBM060821LPH,Mantenimiento,1,9860.0,9860.0,9860.0,0.0,0.0,1,0,0,0,0,0.0,0.0,0,0,1164,1,9860.0,0.0,0.0,0,0,9860.0,0,no_listado
72,JNR150522JF3,Seguridad,8,556800.0,69600.0,69600.0,0.0,0.0,4,1,1,0,0,0.0,0.0,0,0,1249,8,556800.0,0.0,0.0,0,0,556800.0,0,no_listado
72,BKQ040705VXY,Papeleria,4,48133.7,12033.42,14487.03,1436.26,0.0,2,1,1,0,0,0.0,0.0,0,0,2170,4,48133.7,0.0,0.0,0,0,48133.7,0,no_listado
72,BJO260208UOC,Consultoria,6,347117.11,57852.85,63333.48,5292.45,0.0,4,1,1,0,0,0.0,0.0,0,0,2258,6,347117.11,0.0,0.0,0,0,347117.11,0,no_listado
72,RRF221207NGS,Construccion,9,491065.4,54562.82,71281.79,12839.65,0.0,5,1,1,1,9,0.0,0.0,0,0,80,8,450851.61,0.1111,0.0,0,0,491065.4,0,no_listado
72,CIR131202TG2,Consultoria,5,197549.14,39509.83,44595.9,5517.93,0.0,3,1,1,0,0,0.0,0.0,1,0,2593,4,163026.64,0.2,0.0,0,0,197549.14,0,favorable
72,SUT0312060CJ,Limpieza,8,37520.93,4690.12,6703.91,1361.65,0.0,1,0,0,0,0,0.0,0.0,0,0,2420,8,37520.93,0.0,0.0,0,0,37520.93,0,no_listado
72,ANK0608151V8,Mantenimiento,6,41061.52,6843.59,8928.37,1159.38,1.0,5,1,1,1,6,1.0,0.0,0,0,1587,6,41061.52,0.0,0.0,0,0,41061.52,0,no_listado
73,MKI131206PSA,Mantenimiento,8,716800.33,89600.04,158345.85,46803.79,0.5,5,1,1,1,8,0.0,0.0,0,0,184,8,716800.33,0.0,0.0,0,0,716800.33,0,no_listado
73,KTV091011AUE,Papeleria,7,626701.15,89528.74,168735.95,49383.36,0.1429,5,0,0,1,4,0.0,0.0,0,0,280,6,457965.2,0.1429,0.0,0,0,626701.15,0,no_listado
73,EAB1005206ZQ,Publicidad,3,276023.13,92007.71,161159.47,58682.66,0.6667,3,1,1,1,3,0.0,0.0,0,0,461,2,258328.03,0.3333,0.0,0,0,276023.13,0,no_listado
73,RJE150922UYO,Seguridad,7,534873.18,76410.45,172204.95,58369.02,0.2857,4,1,1,1,7,0.0,0.0,0,0,1284,6,362668.23,0.1429,0.0,0,0,534873.18,0,no_listado
73,KSF19081473E,Construccion,7,726024.87,103717.84,169755.08,53259.09,0.7143,5,0,0,1,3,0.0,0.0,0,0,2010,7,726024.87,0.0,0.0,0,0,726024.87,0,no_listado
73,YRD100724YKJ,Mantenimiento,8,495846.86,61980.86,125249.33,37124.24,0.625,5,1,1,1,8,0.0,0.125,0,0,403,8,495846.86,0.0,0.0,0,0,495846.86,0,no_listado
73,PPK2112186L6,Limpieza,8,739622.26,92452.78,170531.69,45602.97,0.5,4,0,0,1,8,0.125,0.0,0,0,613,7,569090.57,0.125,0.0,0,0,739622.26,0,no_listado
73,MSL001123BCG,Limpieza,8,631320.16,78915.02,151618.46,54451.35,0.625,5,0,0,1,2,0.0,0.0,0,0,2161,6,558163.29,0.25,0.0,0,0,631320.16,0,no_listado
73,KUW000326M1M,Limpieza,3,293532.33,97844.11,155897.86,47545.97,0.6667,3,1,1,1,3,0.0,0.0,0,0,77,3,293532.33,0.0,0.0,0,0,293532.33,0,no_listado
73,ALB170522TSN,Construccion,5,248701.05,49740.21,104900.11,29170.64,0.4,5,0,0,1,5,0.2,0.2,0,0,1858,2,82252.69,0.6,0.0,0,0,248701.05,0,no_listado
73,QYE230201VUK,Papeleria,9,539314.23,59923.8,149873.13,49298.28,0.4444,5,1,1,1,9,0.0,0.0,0,0,1688,9,539314.23,0.0,0.0,0,0,539314.23,0,no_listado
73,RAL011212H2E,Mantenimiento,8,321566.51,40195.81,92528.5,27854.02,0.5,6,0,0,1,4,0.25,0.0,0,0,1983,6,210978.68,0.125,0.0,0,0,321566.51,0,no_listado
73,MAR130311SB5,Consultoria,5,309696.53,61939.31,117119.08,40896.61,0.4,3,0,0,0,0,0.0,0.0,1,1,638,5,309696.53,0.0,1.0,0,0,309696.53,1,definitivo
73,HVS120807QDQ,Logistica,1,1102886.58,1102886.58,1102886.58,0.0,0.0,1,0,0,0,0,0.0,0.0,0,0,1627,1,1102886.58,0.0,0.0,0,0,1102886.58,1,no_listado
73,MGR1801281L3,Tecnologia,14,671312.45,47950.89,49623.35,940.81,0.4286,6,0,0,1,14,1.0,1.0,0,0,143,14,671312.45,0.0,1.0,0,0,671312.45,1,no_listado
73,BRG231002UEU,Limpieza,5,345684.17,69136.83,155247.23,54346.64,0.4,3,0,0,1,5,1.0,0.0,0,0,217,4,325652.51,0.2,0.0,0,0,345684.17,1,no_listado
73,EOP150603EE2,Mantenimiento,7,545361.75,77908.82,159349.98,48260.08,0.2857,5,0,0,1,3,0.0,0.0,1,0,1732,4,347346.15,0.4286,0.0,0,0,545361.75,0,desvirtuado
73,PVP121107HN5,Publicidad,3,55366.4,18455.47,19375.34,808.22,0.6667,2,1,1,1,1,0.0,0.0,1,0,266,3,55366.4,0.0,0.0,0,0,55366.4,0,desvirtuado
73,MEN1706152C2,Seguridad,3,204990.21,68330.07,168735.95,70999.63,0.6667,2,1,1,1,2,0.0,0.0,1,0,2159,3,204990.21,0.0,0.0,0,0,204990.21,0,favorable
73,FPA150909J78,Consultoria,5,468129.69,93625.94,137869.21,46321.71,0.4,4,0,0,1,3,0.0,0.0,1,0,273,4,448570.9,0.2,0.0,0,0,468129.69,0,favorable
73,CNA231206I56,Limpieza,7,540726.82,77246.69,165496.93,55090.24,0.7143,4,0,0,1,3,0.0,0.0,1,0,2303,5,502935.88,0.2857,0.0,0,0,540726.82,0,presunto
73,GUJM730705IL0,Papeleria,5,466714.38,93342.88,132968.35,31689.46,0.8,2,1,1,1,2,0.0,0.0,1,0,822,2,120292.88,0.6,0.0,0,0,466714.38,0,presunto
73,HHB220719MHL,Transporte,10,446998.77,44699.88,48323.98,2317.12,0.0,6,1,1,1,10,0.0,0.4,0,0,1738,8,351406.24,0.1,0.0,0,0,446998.77,0,no_listado
73,PBE070704DAR,Mantenimiento,1,9860.0,9860.0,9860.0,0.0,0.0,1,0,0,0,0,0.0,0.0,0,0,1188,1,9860.0,0.0,0.0,0,0,9860.0,0,no_listado
73,CCP120404V2Y,Seguridad,8,556800.0,69600.0,69600.0,0.0,0.0,5,1,1,0,0,0.0,0.0,0,0,1249,7,487200.0,0.0,0.0,0,0,556800.0,0,no_listado
73,NIO001025MVU,Papeleria,4,54567.34,13641.83,16363.66,1643.12,0.0,3,1,1,0,0,0.0,0.0,0,0,2293,3,42590.51,0.25,0.0,0,0,54567.34,0,no_listado
73,BUL030318MO1,Consultoria,6,291847.94,48641.32,59445.68,5626.71,0.0,4,1,1,0,0,0.0,0.0,0,0,2199,6,291847.94,0.0,0.0,0,0,291847.94,0,no_listado
73,SIU260304LZD,Construccion,9,509620.35,56624.48,70368.62,10114.68,0.0,5,1,1,1,9,0.0,0.1111,0,0,89,9,509620.35,0.0,0.0,0,0,509620.35,0,no_listado
73,MGS1502241I5,Consultoria,5,137685.21,27537.04,36387.56,4751.59,0.0,2,1,1,0,0,0.0,0.0,1,0,2595,3,85586.09,0.4,0.0,0,0,137685.21,0,favorable
73,UJE050509CPX,Limpieza,8,42987.04,5373.38,6942.15,1557.97,0.0,1,0,0,0,0,0.0,0.0,0,0,2425,8,42987.04,0.0,0.0,0,0,42987.04,0,no_listado
73,KGH1804175WZ,Mantenimiento,6,43579.24,7263.21,9219.12,1629.3,0.6667,4,1,1,1,6,1.0,0.0,0,0,1644,6,43579.24,0.0,0.0,0,0,43579.24,0,no_listado
74,AYI170205GPH,Limpieza,9,1042349.65,115816.63,169248.96,37660.16,0.6667,5,0,0,1,6,0.1667,0.0,0,0,1223,7,820834.39,0.2222,0.0,0,0,1042349.65,0,no_listado
74,WEH050111RZX,Logistica,8,730624.51,91328.06,150290.48,45994.58,0.625,4,1,1,1,8,0.0,0.0,0,0,1807,4,323720.45,0.5,0.0,0,0,730624.51,0,no_listado
74,QYN130401VYJ,Logistica,4,403558.54,100889.64,151647.21,34475.84,0.5,3,1,1,1,4,0.0,0.0,0,0,894,2,179897.54,0.5,0.0,0,0,403558.54,0,no_listado
74,OFW2204241MN,Mantenimiento,5,293051.13,58610.23,155050.01,51198.35,0.4,3,0,0,1,3,0.0,0.0,0,0,260,5,293051.13,0.0,0.0,0,0,293051.13,0,no_listado
74,UEP060123J6B,Seguridad,8,502247.18,62780.9,114920.41,35170.58,0.5,4,1,1,1,8,0.0,0.0,0,0,599,8,502247.18,0.0,0.0,0,0,502247.18,0,no_listado
74,ZDQ1201232BU,Papeleria,6,455970.86,75995.14,160461.59,59709.78,0.1667,4,1,1,1,6,0.0,0.0,0,0,2207,6,455970.86,0.0,0.0,0,0,455970.86,0,no_listado
74,VWZ040627H86,Construccion,5,336560.82,67312.16,163740.86,60720.24,0.4,3,0,0,1,2,0.5,0.0,0,0,279,5,336560.82,0.0,0.0,0,0,336560.82,0,no_listado
74,QFW070620I2U,Limpieza,5,378704.63,75740.93,145419.03,49660.97,0.8,4,1,1,1,5,0.0,0.0,0,0,1775,4,316061.76,0.2,0.0,0,0,378704.63,0,no_listado
74,LQL220607UAM,Papeleria,7,598881.44,85554.49,173796.08,44244.17,0.7143,3,0,0,1,3,0.3333,0.0,0,0,2042,7,598881.44,0.0,0.0,0,0,598881.44,0,no_listado
74,HPV150514A8C,Consultoria,8,666045.2,83255.65,173884.66,68032.03,0.625,6,1,1,1,8,0.125,0.0,0,0,2165,7,647528.58,0.125,0.0,0,0,666045.2,0,no_listado
74,JUF210718HL1,Transporte,8,810725.24,101340.65,159873.62,33101.87,0.5,5,1,1,1,8,0.0,0.0,0,0,238,7,717142.82,0.125,0.0,0,0,810725.24,0,no_listado
74,SPH1110124VD,Limpieza,3,132423.85,44141.28,78199.4,25097.33,0.6667,3,1,1,1,3,0.0,0.0,0,0,277,3,132423.85,0.0,0.0,0,0,132423.85,0,no_listado
74,STA080801GK0,Consultoria,6,441466.94,73577.82,167705.14,56009.55,0.3333,3,1,1,0,0,0.0,0.0,1,1,590,6,441466.94,0.0,1.0,0,0,441466.94,1,definitivo
74,OGE151112Z3L,Transporte,1,1037659.36,1037659.36,1037659.36,0.0,0.0,1,1,1,0,0,0.0,0.0,0,0,2625,1,1037659.36,0.0,0.0,0,0,1037659.36,1,no_listado
74,JSN070606SZ7,Limpieza,12,574247.58,47853.97,49337.77,846.29,0.6667,4,0,0,1,12,1.0,1.0,0,0,290,10,477803.29,0.0,1.0,0,0,574247.58,1,no_listado
74,NGT100526RLI,Papeleria,6,352271.92,58711.99,148195.54,48452.58,0.1667,5,0,0,1,6,1.0,0.0,0,0,169,6,352271.92,0.0,0.0,0,0,352271.92,1,no_listado
74,DPM0607072F1,Consultoria,7,495689.75,70812.82,119166.21,39894.7,0.7143,5,1,1,1,3,0.0,0.0,1,0,1128,4,330110.48,0.2857,0.0,0,0,495689.75,0,desvirtuado
74,CEC160506GE3,Limpieza,3,457165.55,152388.52,163301.76,14621.28,0.3333,3,1,1,1,1,0.0,0.0,1,0,1408,2,295023.51,0.0,0.0,0,0,457165.55,0,desvirtuado
74,CSU1106156G4,Consultoria,6,483985.19,80664.2,160686.07,56008.54,0.1667,5,1,1,1,3,0.0,0.0,1,0,2211,4,384428.89,0.3333,0.0,0,0,483985.19,0,favorable
74,STT120830HVA,Consultoria,4,417965.92,104491.48,154940.43,49514.6,0.5,2,1,1,1,1,0.0,1.0,1,0,1105,3,357031.21,0.25,0.0,0,1,417965.92,0,favorable
74,CRI1707069F8,Consultoria,6,406350.88,67725.15,163931.66,52240.73,0.6667,4,1,1,1,3,0.0,0.0,1,0,400,6,406350.88,0.0,0.0,0,0,406350.88,0,presunto
74,CRT121003FZ3,Publicidad,4,315211.86,78802.96,155547.08,60150.82,0.25,3,0,0,1,1,0.0,0.0,1,0,264,2,174114.21,0.5,0.0,0,0,315211.86,0,presunto
74,CCT170909L2P,Transporte,10,444166.7,44416.67,48251.15,2542.08,0.0,4,1,1,1,10,0.0,0.4,0,0,1708,7,310158.16,0.2,0.0,0,0,444166.7,0,no_listado
74,XJY1008244BC,Mantenimiento,1,9860.0,9860.0,9860.0,0.0,0.0,1,0,0,0,0,0.0,0.0,0,0,1294,1,9860.0,0.0,0.0,0,0,9860.0,0,no_listado
74,QAR04022384O,Seguridad,8,556800.0,69600.0,69600.0,0.0,0.0,5,1,1,0,0,0.0,0.0,0,0,1249,7,487200.0,0.0,0.0,0,0,556800.0,0,no_listado
74,AOE060123MHP,Papeleria,4,61462.69,15365.67,16654.98,916.68,0.0,3,1,1,0,0,0.0,0.0,0,0,2189,4,61462.69,0.0,0.0,0,0,61462.69,0,no_listado
74,XNY231121IW6,Consultoria,6,315017.2,52502.87,61823.41,7762.76,0.0,4,1,1,0,0,0.0,0.0,0,0,2245,6,315017.2,0.0,0.0,0,0,315017.2,0,no_listado
74,AGH2306255SG,Construccion,9,552545.88,61393.99,80320.85,12524.58,0.0,5,1,1,1,9,0.0,0.0,0,0,83,8,515061.32,0.1111,0.0,0,0,552545.88,0,no_listado
74,OCV081223187,Consultoria,5,176286.97,35257.39,44713.12,7586.38,0.0,4,1,1,0,0,0.0,0.0,1,0,2577,5,176286.97,0.0,0.0,0,0,176286.97,0,favorable
74,PWW100914W1V,Limpieza,8,33990.08,4248.76,6575.41,1417.1,0.0,1,0,0,0,0,0.0,0.0,0,0,2430,8,33990.08,0.0,0.0,0,0,33990.08,0,no_listado
74,NKP181128NE0,Mantenimiento,6,50964.65,8494.11,9870.73,1608.64,0.8333,3,1,1,1,6,1.0,0.0,0,0,1638,5,42949.97,0.1667,0.0,0,0,50964.65,0,no_listado
75,FBW110302GQB,Tecnologia,4,206563.81,51640.95,110190.74,36932.75,0.5,4,0,0,1,3,0.0,0.0,0,0,2125,4,206563.81,0.0,0.0,0,0,206563.81,0,no_listado
75,DVP241001CKE,Construccion,9,796776.84,88530.76,161968.67,53354.88,0.4444,5,1,1,1,9,0.1111,0.0,0,0,916,8,649965.56,0.1111,0.0,0,0,796776.84,0,no_listado
75,JCN000327WXL,Publicidad,3,435309.81,145103.27,165912.13,20247.78,0.6667,2,1,1,1,3,0.0,0.0,0,0,1245,3,435309.81,0.0,0.0,0,0,435309.81,0,no_listado
75,IHR061018PJA,Consultoria,6,574793.81,95798.97,147061.13,36471.49,0.8333,3,0,0,1,2,0.0,0.0,0,0,1768,5,468381.0,0.1667,0.0,0,0,574793.81,0,no_listado
75,XIK140303YUI,Publicidad,3,229457.71,76485.9,106809.31,40282.18,0.6667,3,0,0,0,0,0.0,0.0,0,0,352,2,126368.1,0.3333,0.0,0,0,229457.71,0,no_listado
75,WKH150416D6T,Construccion,9,620582.38,68953.6,163442.24,50244.56,0.4444,4,0,0,1,4,0.0,0.0,0,0,65,6,421226.18,0.3333,0.0,0,0,620582.38,0,no_listado
75,KZE261126DTR,Papeleria,5,334973.83,66994.77,133105.05,43261.16,0.6,4,0,0,1,1,0.0,0.0,0,0,413,5,334973.83,0.0,0.0,0,0,334973.83,0,no_listado
75,SEJ140410YXW,Papeleria,6,371098.67,61849.78,119166.21,29344.02,0.8333,4,1,1,1,6,0.0,0.0,0,0,2077,5,310844.57,0.1667,0.0,0,0,371098.67,0,no_listado
75,ZBN060305XGA,Publicidad,4,346447.64,86611.91,158320.55,49629.89,0.0,3,1,1,1,4,0.0,0.0,0,0,433,4,346447.64,0.0,0.0,0,0,346447.64,0,no_listado
75,VBI260306DBH,Construccion,6,358275.45,59712.58,144728.72,47073.74,1.0,3,0,0,1,2,0.0,0.5,0,0,1652,5,339804.03,0.1667,0.0,0,0,358275.45,0,no_listado
75,SMV1510183VX,Papeleria,6,549112.91,91518.82,171567.9,50630.64,0.3333,4,1,1,1,6,0.0,0.1667,0,0,180,4,367639.25,0.3333,0.0,0,0,549112.91,0,no_listado
75,FMU22011307D,Papeleria,7,530841.3,75834.47,165369.81,60686.81,0.5714,3,1,1,1,7,0.0,0.0,0,0,2017,6,511686.61,0.1429,0.0,0,0,530841.3,0,no_listado
75,ROAS810714CS8,Consultoria,8,597715.05,74714.38,155823.84,45167.55,0.375,4,0,0,0,0,0.0,0.0,1,1,426,8,597715.05,0.0,1.0,0,0,597715.05,1,definitivo
75,EZN0608248C4,Publicidad,1,1397908.25,1397908.25,1397908.25,0.0,1.0,1,1,1,0,0,0.0,0.0,0,0,2225,1,1397908.25,0.0,0.0,0,0,1397908.25,1,no_listado
75,EZH240811PB5,Transporte,13,627383.02,48260.23,49531.3,886.18,0.6923,6,0,0,1,13,1.0,1.0,0,0,937,11,533243.1,0.0,1.0,0,0,627383.02,1,no_listado
75,VDD210319X04,Papeleria,6,535527.69,89254.62,131615.05,46729.49,0.3333,4,0,0,1,6,1.0,0.0,0,0,2180,6,535527.69,0.0,0.0,0,0,535527.69,1,no_listado
75,PLS010430M88,Tecnologia,5,360451.02,72090.2,129361.51,48513.26,0.4,4,1,1,1,2,0.0,0.0,1,0,220,5,360451.02,0.0,0.0,0,0,360451.02,0,desvirtuado
75,BIT110908RJ6,Transporte,4,443861.31,110965.33,138881.44,26764.8,0.75,3,1,1,1,1,0.0,0.0,1,0,1434,4,443861.31,0.0,0.0,0,0,443861.31,0,desvirtuado
75,ISE161207NG3,Construccion,6,570974.95,95162.49,158814.12,46518.32,0.5,5,1,1,1,3,0.0,0.0,1,0,1359,6,570974.95,0.0,0.0,0,0,570974.95,0,favorable
75,ZACM6901195EA,Consultoria,4,221941.75,55485.44,122348.56,42598.38,0.5,3,0,0,1,2,0.0,0.0,1,0,2493,4,221941.75,0.0,0.0,0,0,221941.75,0,favorable
75,VAN130710N18,Papeleria,3,301221.88,100407.29,161457.38,60358.47,0.3333,2,0,0,1,2,0.0,0.0,1,0,1705,3,301221.88,0.0,0.0,0,0,301221.88,0,presunto
75,KOM1410241M5,Publicidad,7,303877.6,43411.09,83091.55,28948.84,0.5714,4,1,1,1,3,0.0,0.0,1,0,1834,6,285892.7,0.0,0.0,0,0,303877.6,0,presunto
75,CZF180614I5S,Transporte,10,450035.69,45003.57,47452.32,2009.6,0.0,5,1,1,1,10,0.0,0.5,0,0,1710,7,312395.55,0.0,0.0,0,0,450035.69,0,no_listado
75,MIZ100124ZVO,Mantenimiento,1,9860.0,9860.0,9860.0,0.0,0.0,1,0,0,0,0,0.0,0.0,0,0,1057,1,9860.0,0.0,0.0,0,0,9860.0,0,no_listado
75,RFW2206270DC,Seguridad,8,556800.0,69600.0,69600.0,0.0,0.0,4,1,1,0,0,0.0,0.0,0,0,1249,7,487200.0,0.0,0.0,0,0,556800.0,0,no_listado
75,RJH000221B2T,Papeleria,4,56325.31,14081.33,16944.72,1698.97,0.0,2,1,1,0,0,0.0,0.0,0,0,2171,4,56325.31,0.0,0.0,0,0,56325.31,0,no_listado
75,DFT200402EF4,Consultoria,6,302632.81,50438.8,58638.26,6798.43,0.0,4,1,1,0,0,0.0,0.0,0,0,2190,5,249648.74,0.1667,0.0,0,0,302632.81,0,no_listado
75,CHT2507222H4,Construccion,9,507747.2,56416.36,77289.32,12094.37,0.0,5,1,1,1,9,0.0,0.3333,0,0,71,8,457256.44,0.1111,0.0,0,0,507747.2,0,no_listado
75,LIV091209P58,Consultoria,5,169802.13,33960.43,40099.95,4774.64,0.0,4,1,1,0,0,0.0,0.0,1,0,2586,3,97203.91,0.4,0.0,0,0,169802.13,0,favorable
75,ZWF050625CIK,Limpieza,8,31557.45,3944.68,6926.02,1444.89,0.0,1,0,0,0,0,0.0,0.0,0,0,2433,8,31557.45,0.0,0.0,0,0,31557.45,0,no_listado
75,KAF16102205K,Mantenimiento,6,39540.76,6590.13,10166.98,1854.26,0.6667,4,1,1,1,6,1.0,0.0,0,0,1625,5,34518.78,0.1667,0.0,0,0,39540.76,0,no_listado
76,INZ020126FDC,Seguridad,4,395589.98,98897.49,168760.0,55900.12,0.0,3,0,0,1,1,1.0,0.0,0,0,2285,3,266837.54,0.25,0.0,0,0,395589.98,0,no_listado
76,LRX100111UVP,Seguridad,4,484116.69,121029.17,149908.03,30482.33,0.5,4,1,1,1,4,0.0,0.0,0,0,1921,4,484116.69,0.0,0.0,0,0,484116.69,0,no_listado
76,QKK100920Z8V,Transporte,9,682998.8,75888.76,149679.06,46936.36,0.6667,5,1,1,1,9,0.1111,0.0,0,0,769,8,613867.6,0.1111,0.0,0,0,682998.8,0,no_listado
76,YMS100916B32,Logistica,3,221548.29,73849.43,136848.68,48278.57,0.6667,3,1,1,1,3,0.0,0.0,0,0,2054,2,201992.16,0.3333,0.0,0,0,221548.29,0,no_listado
76,LWI010902577,Limpieza,6,244685.95,40780.99,112268.41,34582.79,1.0,4,0,0,1,1,0.0,0.0,0,0,151,4,169756.39,0.1667,0.0,0,0,244685.95,0,no_listado
76,EXY150228N25,Construccion,4,326301.11,81575.28,162863.55,50134.15,0.25,3,0,0,1,2,0.0,0.5,0,0,1477,3,293195.14,0.25,0.0,0,0,326301.11,0,no_listado
76,SRX071118WLU,Consultoria,8,424633.56,53079.19,157867.86,49467.22,0.75,4,0,0,1,5,0.0,0.0,0,0,1446,7,406901.23,0.125,0.0,0,0,424633.56,0,no_listado
76,BYL010820OYE,Papeleria,6,223588.22,37264.7,114920.41,35145.93,0.3333,4,0,0,1,3,0.0,0.0,0,0,240,3,152947.96,0.3333,0.0,0,0,223588.22,0,no_listado
76,YKE2507229EA,Seguridad,5,484259.13,96851.83,170748.38,52958.25,0.0,4,0,0,1,4,0.0,0.0,0,0,945,5,484259.13,0.0,0.0,0,0,484259.13,0,no_listado
76,TWM230411ZQ3,Mantenimiento,4,89487.41,22371.85,29332.63,4557.6,0.25,3,1,1,1,4,0.25,0.0,0,0,193,4,89487.41,0.0,0.0,0,0,89487.41,0,no_listado
76,BEN021226KII,Papeleria,6,461940.91,76990.15,121371.9,42229.47,0.3333,3,1,1,1,6,0.1667,0.0,0,0,1229,5,356511.73,0.1667,0.0,0,0,461940.91,0,no_listado
76,JBP010306V4G,Papeleria,5,353528.06,70705.61,139651.66,49304.89,0.4,4,1,1,1,5,0.0,0.0,0,0,1918,5,353528.06,0.0,0.0,0,0,353528.06,0,no_listado
76,PIBE300228QM2,Consultoria,6,443328.42,73888.07,148255.56,36228.84,0.5,3,0,0,0,0,0.0,0.0,1,1,57,6,443328.42,0.0,1.0,0,0,443328.42,1,definitivo
76,UUH210719WZS,Transporte,1,1241366.68,1241366.68,1241366.68,0.0,1.0,1,1,1,0,0,0.0,0.0,0,0,69,1,1241366.68,0.0,0.0,0,0,1241366.68,1,no_listado
76,QZF230405H9G,Tecnologia,10,482432.81,48243.28,49380.91,979.68,0.7,4,0,0,1,10,1.0,1.0,0,0,2328,9,434387.57,0.0,1.0,0,0,482432.81,1,no_listado
76,RFQ040625XIU,Papeleria,6,369092.41,61515.4,110953.07,34429.33,0.5,5,0,0,1,6,1.0,0.0,0,0,133,5,263820.09,0.1667,0.0,0,0,369092.41,1,no_listado
76,MTM140527GW0,Transporte,7,267960.73,38280.1,98245.62,28195.47,0.4286,6,0,0,1,3,0.0,0.0,1,0,2161,7,267960.73,0.0,0.0,0,0,267960.73,0,desvirtuado
76,CMO070907SW0,Logistica,4,275402.86,68850.72,105272.32,34247.95,0.5,3,1,1,1,1,0.0,0.0,1,0,546,4,275402.86,0.0,0.0,0,0,275402.86,0,desvirtuado
76,MUD170502NS6,Construccion,4,304829.33,76207.33,151796.29,59309.15,0.5,3,1,1,1,3,0.6667,0.0,1,0,1652,4,304829.33,0.0,0.0,0,0,304829.33,0,favorable
76,GCO131129A51,Limpieza,7,425689.62,60812.8,119995.75,42174.57,0.5714,3,0,0,1,5,0.4,0.0,1,0,246,6,320513.01,0.1429,0.0,0,0,425689.62,0,favorable
76,IKR1402281J9,Papeleria,6,440371.31,73395.22,158131.55,59881.92,0.1667,4,1,1,1,3,0.0,0.0,1,0,832,3,117724.88,0.5,0.0,0,0,440371.31,0,presunto
76,CAV230130APA,Logistica,3,178275.59,59425.2,124422.49,46563.5,0.0,3,1,1,1,2,0.0,0.0,1,0,92,3,178275.59,0.0,0.0,0,0,178275.59,0,presunto
76,BRI170213EAO,Transporte,10,448030.31,44803.03,47413.45,2047.95,0.0,5,1,1,1,10,0.0,0.6,0,0,1820,7,312442.17,0.1,0.0,0,0,448030.31,0,no_listado
76,JSV151117SAZ,Mantenimiento,1,9860.0,9860.0,9860.0,0.0,0.0,1,0,0,0,0,0.0,0.0,0,0,1114,1,9860.0,0.0,0.0,0,0,9860.0,0,no_listado
76,UZK120319A50,Seguridad,8,556800.0,69600.0,69600.0,0.0,0.0,5,1,1,0,0,0.0,0.0,0,0,1249,7,487200.0,0.0,0.0,0,0,556800.0,0,no_listado
76,HJC071028HRC,Papeleria,4,59207.94,14801.99,16692.4,2134.0,0.0,4,1,1,0,0,0.0,0.0,0,0,2144,3,43161.32,0.25,0.0,0,0,59207.94,0,no_listado
76,YBL060614SXA,Consultoria,6,307362.69,51227.11,59408.61,5448.73,0.0,3,1,1,0,0,0.0,0.0,0,0,2219,5,247954.08,0.1667,0.0,0,0,307362.69,0,no_listado
76,KHR1601142V5,Construccion,9,514994.61,57221.62,74734.55,11200.04,0.0,6,1,1,1,9,0.0,0.0,0,0,46,8,472350.19,0.1111,0.0,0,0,514994.61,0,no_listado
76,NSD160205RJ2,Consultoria,5,150508.94,30101.79,35936.08,4099.04,0.0,4,1,1,0,0,0.0,0.0,1,0,2610,4,123494.14,0.2,0.0,0,0,150508.94,0,favorable
76,SXA181002M1A,Limpieza,8,39447.24,4930.91,6807.41,1367.89,0.0,1,0,0,0,0,0.0,0.0,0,0,2423,8,39447.24,0.0,0.0,0,0,39447.24,0,no_listado
76,SFR020516KSQ,Mantenimiento,6,44011.77,7335.29,9065.08,907.24,0.1667,4,1,1,1,6,1.0,0.0,0,0,1604,6,44011.77,0.0,0.0,0,0,44011.77,0,no_listado
77,PGR181211U4O,Publicidad,3,352244.32,117414.77,162474.54,32062.28,0.6667,3,0,0,0,0,0.0,0.0,0,0,126,3,352244.32,0.0,0.0,0,0,352244.32,0,no_listado
77,LVE2605172ST,Limpieza,9,720740.61,80082.29,162501.8,57358.79,0.1111,5,0,0,1,7,0.1429,0.0,0,0,2176,6,402218.62,0.3333,0.0,0,0,720740.61,0,no_listado
77,FMM170720QBT,Transporte,5,481785.86,96357.17,166487.6,43111.78,0.8,3,1,1,1,5,0.0,0.0,0,0,871,5,481785.86,0.0,0.0,0,0,481785.86,0,no_listado
77,CVI240306V1B,Seguridad,8,516225.35,64528.17,173686.29,48482.37,0.75,5,1,1,1,8,0.0,0.0,0,0,2161,7,446651.95,0.125,0.0,0,0,516225.35,0,no_listado
77,WBV211023KL9,Mantenimiento,6,427716.63,71286.11,124777.63,40050.59,0.5,5,1,1,1,6,0.1667,0.0,0,0,1419,3,121879.48,0.5,0.0,0,0,427716.63,0,no_listado
77,PHJ250911QV4,Construccion,8,573971.19,71746.4,147063.13,48266.51,0.625,6,1,1,1,8,0.125,0.0,0,0,1280,6,447390.71,0.25,0.0,0,0,573971.19,0,no_listado
77,FMP130306BCD,Tecnologia,7,327084.75,46726.39,164381.18,49549.65,0.5714,4,0,0,1,4,0.0,0.0,0,0,195,5,288219.74,0.2857,0.0,0,0,327084.75,0,no_listado
77,DWL260909AKS,Transporte,3,215764.2,71921.4,145301.68,53503.72,0.6667,3,1,1,1,3,0.0,0.0,0,0,1785,3,215764.2,0.0,0.0,0,0,215764.2,0,no_listado
77,IVM030322BH6,Publicidad,6,173654.42,28942.4,73376.99,19940.28,0.6667,4,1,1,1,6,0.0,0.0,0,0,2032,6,173654.42,0.0,0.0,0,0,173654.42,0,no_listado
77,MND0309057W6,Papeleria,5,132677.55,26535.51,57933.14,15718.0,0.8,2,1,1,1,5,0.0,0.0,0,0,1998,4,113368.67,0.2,0.0,0,0,132677.55,0,no_listado
77,WVB260208TD7,Publicidad,9,641057.96,71228.66,171510.11,52702.82,0.3333,5,0,0,1,3,0.0,0.0,0,0,2173,9,641057.96,0.0,0.0,0,0,641057.96,0,no_listado
77,UAP160804VYD,Seguridad,5,187158.1,37431.62,114841.0,38706.31,0.6,3,0,0,1,2,0.0,0.0,0,0,1045,5,187158.1,0.0,0.0,0,0,187158.1,0,no_listado
77,GCM101202V76,Consultoria,7,364244.88,52034.98,141742.48,44558.74,0.4286,4,0,0,0,0,0.0,0.0,1,1,1318,6,222502.4,0.1429,1.0,0,0,364244.88,1,definitivo
77,PHB1411026GL,Logistica,1,1323819.96,1323819.96,1323819.96,0.0,1.0,1,0,0,0,0,0.0,0.0,0,0,312,1,1323819.96,0.0,0.0,0,0,1323819.96,1,no_listado
77,SGU110920VW9,Limpieza,12,582867.69,48572.31,49721.25,875.04,0.5,5,0,0,1,12,1.0,1.0,0,0,1197,11,534004.37,0.0,1.0,0,0,582867.69,1,no_listado
77,JNP1610168GH,Limpieza,4,511941.77,127985.44,169039.92,30740.58,0.0,3,0,0,1,4,1.0,0.0,0,0,1486,4,511941.77,0.0,0.0,0,0,511941.77,1,no_listado
77,ADD130411TF7,Mantenimiento,6,642649.3,107108.22,166019.58,52050.99,0.3333,4,1,1,1,1,0.0,0.0,1,0,634,6,642649.3,0.0,0.0,0,0,642649.3,0,desvirtuado
77,AEX131014G81,Construccion,5,242087.21,48417.44,120298.72,40797.35,0.2,4,1,1,1,2,0.0,0.0,1,0,1423,5,242087.21,0.0,0.0,0,0,242087.21,0,desvirtuado
77,CPE1212146D6,Seguridad,4,407922.79,101980.7,162222.37,58752.04,0.75,3,1,1,1,3,0.0,0.0,1,0,853,3,245700.42,0.25,0.0,0,0,407922.79,0,favorable
77,DIM1404218S5,Publicidad,7,284784.31,40683.47,82735.29,25810.48,0.7143,5,1,1,1,4,0.0,0.25,1,0,199,7,284784.31,0.0,0.0,0,0,284784.31,0,favorable
77,EZI390111PP5,Mantenimiento,7,329998.14,47142.59,88063.55,27683.08,0.4286,4,0,0,1,4,0.0,0.0,1,0,230,6,260388.4,0.1429,0.0,0,0,329998.14,0,presunto
77,VJP090205JG2,Seguridad,6,519454.13,86575.69,151470.96,46496.81,0.3333,5,0,0,1,4,0.0,0.0,1,0,263,5,439882.4,0.1667,0.0,0,0,519454.13,0,presunto
77,BIM030517LF8,Transporte,10,454748.22,45474.82,48510.62,2345.01,0.0,5,1,1,1,10,0.0,0.6,0,0,1714,9,407357.24,0.0,0.0,0,0,454748.22,0,no_listado
77,NQT130307MKO,Mantenimiento,1,9860.0,9860.0,9860.0,0.0,0.0,1,0,0,0,0,0.0,0.0,0,0,1185,1,9860.0,0.0,0.0,0,0,9860.0,0,no_listado
77,WJK150610CY2,Seguridad,8,556800.0,69600.0,69600.0,0.0,0.0,6,1,1,0,0,0.0,0.0,0,0,1249,8,556800.0,0.0,0.0,0,0,556800.0,0,no_listado
77,BHG2012208Y2,Papeleria,4,57519.55,14379.89,16694.37,2333.2,0.0,2,1,1,0,0,0.0,0.0,0,0,2191,3,40825.18,0.25,0.0,0,0,57519.55,0,no_listado
77,UMN020621SXK,Consultoria,6,287467.93,47911.32,52966.38,4879.34,0.0,4,1,1,0,0,0.0,0.0,0,0,2214,6,287467.93,0.0,0.0,0,0,287467.93,0,no_listado
77,REI0302126OR,Construccion,9,565061.35,62784.59,80032.73,16485.58,0.0,5,1,1,1,9,0.0,0.0,0,0,7,9,565061.35,0.0,0.0,0,0,565061.35,0,no_listado
77,ODN810907G94,Consultoria,5,165698.6,33139.72,43697.51,7501.03,0.0,3,1,1,0,0,0.0,0.0,1,0,2581,5,165698.6,0.0,0.0,0,0,165698.6,0,favorable
77,SVR21050980K,Limpieza,8,42873.39,5359.17,6864.71,1160.68,0.0,1,0,0,0,0,0.0,0.0,0,0,2417,8,42873.39,0.0,0.0,0,0,42873.39,0,no_listado
77,UMZ170605PFO,Mantenimiento,6,41557.65,6926.27,8739.39,1414.29,0.1667,3,1,1,1,6,1.0,0.0,0,0,1612,6,41557.65,0.0,0.0,0,0,41557.65,0,no_listado
78,VKJ09100504Z,Construccion,6,390300.59,65050.1,170591.98,62859.0,0.3333,6,1,1,1,6,0.0,0.0,0,0,625,5,255561.56,0.1667,0.0,0,0,390300.59,0,no_listado
78,MWD100802L5D,Papeleria,7,479239.43,68462.78,160725.57,48374.09,0.4286,5,0,0,1,3,0.0,0.0,0,0,1121,6,461544.33,0.0,0.0,0,0,479239.43,0,no_listado
78,OUA220907P3K,Papeleria,8,545121.22,68140.15,117191.59,34244.96,0.625,4,1,1,1,8,0.0,0.0,0,0,1630,5,366720.87,0.25,0.0,0,0,545121.22,0,no_listado
78,RFF050722L0W,Limpieza,9,687785.25,76420.58,147837.05,46148.77,0.1111,5,1,1,1,9,0.1111,0.2222,0,0,1446,8,622024.54,0.1111,0.0,0,0,687785.25,0,no_listado
78,JSC161119U2A,Limpieza,3,295518.46,98506.15,165125.57,60132.08,0.3333,3,1,1,1,3,0.0,0.0,0,0,310,2,130392.89,0.3333,0.0,0,0,295518.46,0,no_listado
78,NLI180722AB4,Tecnologia,7,356892.96,50984.71,95368.85,26509.25,0.2857,5,0,0,1,2,0.0,0.0,0,0,1298,6,261524.11,0.1429,0.0,0,0,356892.96,0,no_listado
78,SIO2010150VL,Consultoria,6,426701.86,71116.98,138029.4,47205.07,0.5,4,1,1,1,6,0.0,0.0,0,0,226,5,372158.44,0.1667,0.0,0,0,426701.86,0,no_listado
78,QEH14102044S,Construccion,7,459380.69,65625.81,148519.73,45086.2,0.5714,4,0,0,1,3,0.3333,0.0,0,0,1825,4,223479.71,0.4286,0.0,0,0,459380.69,0,no_listado
78,UQC121023WWZ,Mantenimiento,3,423729.31,141243.1,160120.48,16522.48,1.0,3,1,1,1,3,0.3333,0.0,0,0,960,3,423729.31,0.0,0.0,0,0,423729.31,0,no_listado
78,YAN220418V6F,Publicidad,5,239352.83,47870.57,128865.51,41483.5,0.0,4,1,1,1,5,0.2,0.0,0,0,710,4,209329.18,0.2,0.0,0,0,239352.83,0,no_listado
78,QWB120125Z13,Publicidad,5,441731.66,88346.33,172712.62,61474.47,0.6,4,0,0,1,5,0.0,0.0,0,0,1912,5,441731.66,0.0,0.0,0,0,441731.66,0,no_listado
78,TYW200423PO6,Consultoria,8,566498.72,70812.34,120151.62,42823.4,0.5,5,0,0,1,3,0.0,0.0,0,0,682,8,566498.72,0.0,0.0,0,0,566498.72,0,no_listado
78,SMI040315M13,Consultoria,8,880253.71,110031.71,170343.96,49797.8,0.75,3,0,0,0,0,0.0,0.0,1,1,63,7,722246.66,0.125,1.0,0,0,880253.71,1,definitivo
78,HVD241020SMG,Consultoria,1,1199680.82,1199680.82,1199680.82,0.0,0.0,1,0,0,0,0,0.0,0.0,0,0,1876,1,1199680.82,0.0,0.0,0,0,1199680.82,1,no_listado
78,AXE010926N06,Construccion,14,669746.49,47839.03,49708.92,1001.47,0.5714,6,0,0,1,14,1.0,1.0,0,0,298,14,669746.49,0.0,1.0,0,0,669746.49,1,no_listado
78,GYE090618HNR,Logistica,5,396158.33,79231.67,172523.66,57259.45,0.0,4,0,0,1,5,1.0,0.0,0,0,2502,5,396158.33,0.0,0.0,0,0,396158.33,1,no_listado
78,ROBV611013LX9,Tecnologia,7,487859.34,69694.19,113659.19,44913.72,0.7143,5,1,1,1,4,0.25,0.0,1,0,1301,7,487859.34,0.0,0.0,0,0,487859.34,0,desvirtuado
78,OSN120727BV8,Logistica,3,187583.2,62527.73,75594.28,18107.83,1.0,2,1,1,1,1,0.0,0.0,1,0,2267,3,187583.2,0.0,0.0,0,0,187583.2,0,desvirtuado
78,NEL170627838,Logistica,7,447873.99,63982.0,108255.27,32973.11,0.1429,4,0,0,1,5,0.2,0.0,1,0,142,7,447873.99,0.0,0.0,0,0,447873.99,0,favorable
78,CIE890925GE9,Tecnologia,5,425156.13,85031.23,119896.67,40143.38,1.0,3,1,1,1,1,0.0,0.0,1,0,1592,5,425156.13,0.0,0.0,0,0,425156.13,0,favorable
78,TOMA980418LR7,Publicidad,6,315505.18,52584.2,108874.87,32986.48,0.1667,3,1,1,1,4,0.0,0.0,1,0,49,4,276041.98,0.3333,0.0,0,0,315505.18,0,presunto
78,CEGC430901D63,Papeleria,4,207465.93,51866.48,80015.12,22004.29,0.0,3,0,0,1,2,0.0,0.0,1,0,418,4,207465.93,0.0,0.0,0,0,207465.93,0,presunto
78,RCX130315MET,Transporte,10,458066.53,45806.65,48309.79,2521.15,0.0,5,1,1,1,10,0.0,0.7,0,0,1699,10,458066.53,0.0,0.0,0,0,458066.53,0,no_listado
78,JBR250904OOL,Mantenimiento,1,9860.0,9860.0,9860.0,0.0,0.0,1,0,0,0,0,0.0,0.0,0,0,1278,1,9860.0,0.0,0.0,0,0,9860.0,0,no_listado
78,ILP2202242PM,Seguridad,8,556800.0,69600.0,69600.0,0.0,0.0,4,1,1,0,0,0.0,0.0,0,0,1249,6,417600.0,0.0,0.0,0,0,556800.0,0,no_listado
78,PRE071219PMU,Papeleria,4,48475.75,12118.94,13639.41,908.75,0.0,3,1,1,0,0,0.0,0.0,0,0,2149,3,34836.34,0.25,0.0,0,0,48475.75,0,no_listado
78,TIO120408NT6,Consultoria,6,339713.77,56618.96,63356.58,6354.23,0.0,5,1,1,0,0,0.0,0.0,0,0,2190,6,339713.77,0.0,0.0,0,0,339713.77,0,no_listado
78,KYV261109C68,Construccion,9,588628.87,65403.21,79944.76,9277.96,0.0,5,1,1,1,9,0.0,0.0,0,0,42,8,510823.33,0.1111,0.0,0,0,588628.87,0,no_listado
78,RAL0812013R9,Consultoria,5,192281.79,38456.36,44030.89,5689.18,0.0,3,1,1,0,0,0.0,0.0,1,0,2605,5,192281.79,0.0,0.0,0,0,192281.79,0,favorable
78,FUX160718BDL,Limpieza,8,34541.82,4317.73,6681.63,1453.61,0.0,1,0,0,0,0,0.0,0.0,0,0,2449,8,34541.82,0.0,0.0,0,0,34541.82,0,no_listado
78,MXI190523AYE,Mantenimiento,6,42738.53,7123.09,9084.1,1111.32,0.6667,4,1,1,1,6,1.0,0.0,0,0,1618,6,42738.53,0.0,0.0,0,0,42738.53,0,no_listado
79,MCH1710157DM,Construccion,6,418257.25,69709.54,140938.05,45501.17,0.3333,4,0,0,1,1,0.0,0.0,0,0,1691,6,418257.25,0.0,0.0,0,0,418257.25,0,no_listado
79,XOD011019J6H,Construccion,5,572375.14,114475.03,156430.58,41640.33,0.8,3,0,0,1,5,0.2,0.0,0,0,809,4,420237.16,0.2,0.0,0,1,572375.14,0,no_listado
79,VWW050721NKJ,Transporte,3,173271.37,57757.12,77992.79,27199.56,0.6667,3,0,0,1,1,0.0,0.0,0,0,1926,3,173271.37,0.0,0.0,0,0,173271.37,0,no_listado
79,CZD210414IIJ,Mantenimiento,5,475956.98,95191.4,166826.56,58378.51,0.4,5,1,1,1,5,0.0,0.0,0,0,2041,4,329172.46,0.2,0.0,0,0,475956.98,0,no_listado
79,TQM0408136F4,Papeleria,8,498528.49,62316.06,158030.69,54055.58,0.375,4,1,1,1,8,0.125,0.125,0,0,225,8,498528.49,0.0,0.0,0,0,498528.49,0,no_listado
79,JES180706EWP,Limpieza,6,196068.73,32678.12,88258.5,25439.19,0.5,4,1,1,1,6,0.0,0.0,0,0,2037,5,162723.05,0.1667,0.0,0,0,196068.73,0,no_listado
79,JUM070503WCJ,Papeleria,4,550519.36,137629.84,144775.95,8667.67,0.25,3,1,1,1,4,0.0,0.0,0,0,1247,4,550519.36,0.0,0.0,0,0,550519.36,0,no_listado
79,BXA091020QV4,Consultoria,8,781744.43,97718.05,169229.5,52454.04,0.5,4,0,0,1,6,0.1667,0.0,0,0,879,7,612514.93,0.125,0.0,0,0,781744.43,0,no_listado
79,FNW050222P4U,Tecnologia,8,651122.22,81390.28,162121.69,56887.68,0.375,5,1,1,1,8,0.0,0.0,0,0,1128,7,632448.75,0.125,0.0,0,0,651122.22,0,no_listado
79,QNX020806H30,Logistica,8,662815.58,82851.95,157588.9,44924.33,0.5,5,1,1,1,8,0.125,0.0,0,0,2323,8,662815.58,0.0,0.0,0,0,662815.58,0,no_listado
79,NEQ190313R9L,Papeleria,6,367292.98,61215.5,116595.34,38143.1,0.5,4,0,0,1,4,0.0,0.0,0,0,696,6,367292.98,0.0,0.0,0,0,367292.98,0,no_listado
79,LXF230528U4Q,Mantenimiento,4,185658.58,46414.65,79073.57,27719.86,0.5,4,1,1,1,4,0.0,0.0,0,0,306,3,106585.01,0.25,0.0,0,0,185658.58,0,no_listado
79,CES0104209KA,Consultoria,8,598645.42,74830.68,123978.34,41807.7,0.25,4,1,1,0,0,0.0,0.0,1,1,302,6,371978.98,0.25,1.0,0,0,598645.42,1,definitivo
79,EPA2203142ZR,Seguridad,1,1000141.27,1000141.27,1000141.27,0.0,1.0,1,0,0,0,0,0.0,0.0,0,0,289,1,1000141.27,0.0,0.0,0,0,1000141.27,1,no_listado
79,ONK210314DBQ,Seguridad,13,626047.08,48157.47,49055.1,707.59,0.6923,5,0,0,1,13,1.0,1.0,0,0,1852,11,528632.97,0.0,1.0,0,0,626047.08,1,no_listado
79,OGW0803246AG,Tecnologia,6,515501.91,85916.99,168735.95,55411.59,0.1667,5,0,0,1,6,1.0,0.0,0,0,195,4,400770.86,0.3333,0.0,0,0,515501.91,1,no_listado
79,HCC130521KC2,Tecnologia,3,300955.03,100318.34,158845.18,43981.91,0.3333,3,0,0,1,2,0.0,0.0,1,0,2302,3,300955.03,0.0,0.0,0,0,300955.03,0,desvirtuado
79,REN121210GN9,Logistica,3,123568.56,41189.52,75201.54,24462.13,0.3333,2,0,0,0,0,0.0,0.0,1,0,1573,3,123568.56,0.0,0.0,0,0,123568.56,0,desvirtuado
79,SOL1404251H6,Tecnologia,5,337713.94,67542.79,122338.73,44197.27,0.6,5,1,1,1,3,0.0,0.0,1,0,62,3,183230.31,0.4,0.0,0,0,337713.94,0,favorable
79,LTA150909GQ4,Papeleria,7,507366.6,72480.94,148630.31,49873.71,0.5714,4,1,1,1,3,0.0,0.3333,1,0,1007,6,368136.92,0.1429,0.0,0,0,507366.6,0,favorable
79,GCR17061318A,Papeleria,3,103963.97,34654.66,59528.31,17961.18,0.0,3,0,0,1,2,0.0,0.0,1,0,2535,2,77287.23,0.3333,0.0,0,0,103963.97,0,presunto
79,VARW7611026D3,Construccion,4,433278.33,108319.58,150311.08,35752.47,0.5,3,1,1,1,2,0.0,0.0,1,0,575,3,381635.45,0.25,0.0,0,0,433278.33,0,presunto
79,RHM230912CBM,Transporte,10,434672.99,43467.3,46973.86,2062.53,0.0,5,1,1,1,10,0.0,0.3,0,0,1719,8,347103.24,0.1,0.0,0,0,434672.99,0,no_listado
79,BXU080411NMA,Mantenimiento,1,9860.0,9860.0,9860.0,0.0,0.0,1,0,0,0,0,0.0,0.0,0,0,1096,1,9860.0,0.0,0.0,0,0,9860.0,0,no_listado
79,EZV250625ANM,Seguridad,8,556800.0,69600.0,69600.0,0.0,0.0,6,1,1,0,0,0.0,0.0,0,0,1249,7,487200.0,0.0,0.0,0,0,556800.0,0,no_listado
79,IJF080103GP1,Papeleria,4,49435.62,12358.91,13914.64,1488.73,0.0,3,1,1,0,0,0.0,0.0,0,0,2225,3,35520.98,0.25,0.0,0,0,49435.62,0,no_listado
79,HWW2203080X6,Consultoria,6,300917.08,50152.85,60726.44,6705.57,0.0,5,1,1,0,0,0.0,0.0,0,0,2249,5,246694.35,0.0,0.0,0,0,300917.08,0,no_listado
79,EGL2103129GO,Construccion,9,544486.54,60498.5,78879.11,10185.56,0.0,5,1,1,1,9,0.0,0.0,0,0,86,8,493508.44,0.1111,0.0,0,0,544486.54,0,no_listado
79,IRT100517PC6,Consultoria,5,177975.6,35595.12,44164.69,6895.18,0.0,3,1,1,0,0,0.0,0.0,1,0,2619,5,177975.6,0.0,0.0,0,0,177975.6,0,favorable
79,UIK1607135I1,Limpieza,8,34861.24,4357.66,6692.41,1216.45,0.0,1,0,0,0,0,0.0,0.0,0,0,2408,8,34861.24,0.0,0.0,0,0,34861.24,0,no_listado
79,IWP140727QI9,Mantenimiento,6,41403.04,6900.51,9322.49,1597.88,0.3333,5,1,1,1,6,1.0,0.0,0,0,1602,6,41403.04,0.0,0.0,0,0,41403.04,0,no_listado
80,OCF060627FKX,Mantenimiento,5,352354.14,70470.83,154081.19,50914.07,0.8,3,1,1,1,5,0.0,0.0,0,0,1902,4,198272.95,0.2,0.0,0,0,352354.14,0,no_listado
80,NBF021004IIQ,Logistica,4,319257.2,79814.3,169234.4,62044.25,0.5,4,1,1,1,4,0.0,0.0,0,0,1486,4,319257.2,0.0,0.0,0,0,319257.2,0,no_listado
80,OMD1904049SW,Limpieza,8,818392.83,102299.1,154251.86,46190.5,0.625,5,1,1,1,8,0.0,0.0,0,0,1530,7,685303.84,0.125,0.0,0,0,818392.83,0,no_listado
80,IDS0311067E3,Transporte,5,251290.94,50258.19,75097.98,19033.44,0.8,3,0,0,1,3,0.0,0.6667,0,0,825,4,233553.3,0.2,0.0,0,0,251290.94,0,no_listado
80,ISI140407KIS,Seguridad,5,219030.58,43806.12,144506.91,50360.87,0.6,3,1,1,1,5,0.2,0.0,0,0,1289,4,201335.48,0.0,0.0,0,0,219030.58,0,no_listado
80,PUH2511241D4,Papeleria,4,395546.51,98886.63,168683.07,53962.24,0.25,4,1,1,1,4,0.0,0.0,0,0,2501,3,302601.38,0.25,0.0,0,0,395546.51,0,no_listado
80,MAI1110097UQ,Transporte,7,414672.86,59238.98,110089.31,40965.07,0.2857,4,1,1,1,7,0.1429,0.0,0,0,469,7,414672.86,0.0,0.0,0,0,414672.86,0,no_listado
80,DYV200127CC4,Consultoria,7,484814.63,69259.23,142152.54,49432.22,0.7143,5,1,1,1,7,0.0,0.0,0,0,41,6,342662.09,0.1429,0.0,0,0,484814.63,0,no_listado
80,WGW150716597,Tecnologia,6,213943.58,35657.26,59094.3,17321.8,0.3333,4,1,1,1,6,0.1667,0.1667,0,0,2533,5,194387.45,0.0,0.0,0,0,213943.58,0,no_listado
80,FNS130802L7Q,Tecnologia,3,164771.27,54923.76,76541.21,25894.2,0.6667,3,1,1,1,3,0.0,0.0,0,0,273,2,88230.06,0.3333,0.0,0,0,164771.27,0,no_listado
80,RZR180405RUY,Seguridad,3,305092.82,101697.61,113967.61,10705.95,0.3333,2,0,0,1,2,0.0,0.0,0,0,1990,2,191125.21,0.3333,0.0,0,0,305092.82,0,no_listado
80,PNG100907LCK,Mantenimiento,8,420035.08,52504.38,122997.77,37629.75,0.375,4,0,0,1,5,0.0,0.0,0,0,91,8,420035.08,0.0,0.0,0,0,420035.08,0,no_listado
80,EIGJ531225MR8,Consultoria,6,256606.32,42767.72,119528.78,38184.93,0.3333,3,1,1,0,0,0.0,0.0,1,1,1831,6,256606.32,0.0,1.0,0,0,256606.32,1,definitivo
80,ICC08050512S,Publicidad,1,972912.22,972912.22,972912.22,0.0,0.0,1,0,0,0,0,0.0,0.0,0,0,414,1,972912.22,0.0,0.0,0,0,972912.22,1,no_listado
80,OXN070206JT0,Limpieza,11,530237.32,48203.39,49148.91,699.21,0.6364,6,1,1,1,11,1.0,1.0,0,0,315,10,482045.93,0.0,1.0,0,0,530237.32,1,no_listado
80,ISU031223HCX,Limpieza,6,477729.89,79621.65,142286.95,51471.47,0.6667,4,0,0,1,6,1.0,0.0,0,0,2460,5,460297.99,0.1667,0.0,0,0,477729.89,1,no_listado
80,APC030624DA3,Construccion,3,160084.63,53361.54,121065.42,47873.89,0.3333,3,1,1,0,0,0.0,0.0,1,0,1179,2,140528.5,0.0,0.0,0,0,160084.63,0,desvirtuado
80,HGE0704133L6,Consultoria,5,372799.08,74559.82,152931.34,58511.87,0.2,5,0,0,1,3,0.0,0.3333,1,0,215,3,202013.11,0.2,0.0,0,0,372799.08,0,desvirtuado
80,IMM1111085Y3,Papeleria,7,639189.07,91312.72,152594.98,47338.47,0.2857,6,0,0,1,3,0.0,0.0,1,0,2234,4,344292.46,0.4286,0.0,0,0,639189.07,0,favorable
80,CON130228PE8,Transporte,7,359940.79,51420.11,89300.11,26395.68,0.7143,4,0,0,1,1,0.0,0.0,1,0,2251,7,359940.79,0.0,0.0,0,0,359940.79,0,favorable
80,SACV981015R94,Logistica,3,179952.1,59984.03,98237.64,32565.87,1.0,3,1,1,1,1,0.0,0.0,1,0,305,3,179952.1,0.0,0.0,0,0,179952.1,0,presunto
80,LEPJ950403GB0,Logistica,4,182793.66,45698.42,127169.38,47043.59,0.5,4,1,1,1,1,0.0,0.0,1,0,2418,3,164210.58,0.25,0.0,0,0,182793.66,0,presunto
80,YPG220822SJT,Transporte,10,449424.03,44942.4,48178.21,2197.42,0.0,5,1,1,1,10,0.0,0.6,0,0,1737,9,404345.37,0.1,0.0,0,0,449424.03,0,no_listado
80,TRA090711ISL,Mantenimiento,1,9860.0,9860.0,9860.0,0.0,0.0,1,0,0,0,0,0.0,0.0,0,0,1067,1,9860.0,0.0,0.0,0,0,9860.0,0,no_listado
80,HVQ130419WBD,Seguridad,8,556800.0,69600.0,69600.0,0.0,0.0,5,1,1,0,0,0.0,0.0,0,0,1249,5,348000.0,0.0,0.0,0,0,556800.0,0,no_listado
80,XTO040610DY8,Papeleria,4,61237.23,15309.31,17183.49,1487.97,0.0,3,1,1,0,0,0.0,0.0,0,0,2194,4,61237.23,0.0,0.0,0,0,61237.23,0,no_listado
80,YPK210811N68,Consultoria,6,304298.62,50716.44,59580.58,6850.02,0.0,5,1,1,0,0,0.0,0.0,0,0,2256,6,304298.62,0.0,0.0,0,0,304298.62,0,no_listado
80,YHE130407F6W,Construccion,9,580849.84,64538.87,78204.64,13545.86,0.0,5,1,1,1,9,0.0,0.1111,0,0,81,8,527258.48,0.1111,0.0,0,0,580849.84,0,no_listado
80,FOD100331TLA,Consultoria,5,216909.06,43381.81,45560.55,2015.95,0.0,4,1,1,0,0,0.0,0.0,1,0,2573,5,216909.06,0.0,0.0,0,0,216909.06,0,desvirtuado
80,TTZ021117SRW,Limpieza,8,32548.0,4068.5,5416.09,798.97,0.0,1,0,0,0,0,0.0,0.0,0,0,2447,8,32548.0,0.0,0.0,0,0,32548.0,0,no_listado
80,SGW0801157I5,Mantenimiento,6,47090.25,7848.38,10222.78,1699.57,0.1667,2,1,1,1,6,1.0,0.0,0,0,1630,6,47090.25,0.0,0.0,0,0,47090.25,0,no_listado
81,FIW0206041RP,Limpieza,4,508213.63,127053.41,132910.45,8912.3,0.75,4,0,0,1,2,0.0,0.0,0,0,1618,4,508213.63,0.0,0.0,0,0,508213.63,0,no_listado
81,RWY0006241V2,Publicidad,9,792621.66,88069.07,154688.01,46200.98,0.4444,5,1,1,1,9,0.1111,0.0,0,0,2071,9,792621.66,0.0,0.0,0,0,792621.66,0,no_listado
81,ALO080302MYH,Transporte,9,897559.8,99728.87,171819.46,55781.75,0.6667,5,0,0,1,6,0.0,0.0,0,0,1616,7,662267.26,0.2222,0.0,0,1,897559.8,0,no_listado
81,DEC190124MZA,Consultoria,6,330296.67,55049.44,104820.8,28050.61,0.8333,4,1,1,1,6,0.3333,0.0,0,0,1966,4,237144.58,0.3333,0.0,0,0,330296.67,0,no_listado
81,YJO2005090PR,Tecnologia,8,630810.85,78851.36,159263.05,52630.04,0.5,4,1,1,1,8,0.0,0.125,0,0,233,6,449077.68,0.25,0.0,0,0,630810.85,0,no_listado
81,ZWB180923TE8,Tecnologia,8,621510.62,77688.83,171648.69,53505.96,0.625,4,1,1,1,8,0.0,0.0,0,0,797,7,602983.37,0.125,0.0,0,0,621510.62,0,no_listado
81,AQY0401273OD,Seguridad,9,904372.6,100485.84,165821.86,47982.82,0.5556,5,0,0,1,5,0.0,0.0,0,0,1667,5,540392.06,0.4444,0.0,0,0,904372.6,0,no_listado
81,ZTI2206137SU,Mantenimiento,5,384889.42,76977.88,133697.83,33231.12,0.2,4,1,1,1,5,0.0,0.0,0,0,2336,5,384889.42,0.0,0.0,0,0,384889.42,0,no_listado
81,WTY200413J90,Consultoria,8,488034.68,61004.33,170098.53,64072.3,0.25,3,1,1,1,8,0.0,0.0,0,0,435,6,450246.4,0.125,0.0,0,0,488034.68,0,no_listado
81,MPX1107134ZC,Transporte,8,392327.85,49040.98,99527.8,28966.19,0.5,4,0,0,1,5,0.4,0.0,0,0,884,7,329548.07,0.125,0.0,0,0,392327.85,0,no_listado
81,VFB181012N5K,Logistica,9,621378.73,69042.08,158403.59,51190.97,0.5556,5,1,1,1,9,0.1111,0.0,0,0,2232,6,232804.39,0.3333,0.0,0,0,621378.73,0,no_listado
81,YWW240310QCW,Publicidad,7,396591.84,56655.98,107500.23,33286.96,0.4286,4,0,0,1,4,0.25,0.0,0,0,1932,5,318619.07,0.2857,0.0,0,0,396591.84,0,no_listado
81,COF140519NM1,Consultoria,5,575957.76,115191.55,159016.77,50427.65,0.4,4,1,1,0,0,0.0,0.0,1,1,78,5,575957.76,0.0,1.0,0,0,575957.76,1,definitivo
81,GEX130125IYX,Construccion,1,1199493.46,1199493.46,1199493.46,0.0,0.0,1,1,1,0,0,0.0,0.0,0,0,2329,1,1199493.46,0.0,0.0,0,0,1199493.46,1,no_listado
81,OVZ180228RB4,Consultoria,12,580160.07,48346.67,49607.14,1018.14,0.5833,6,0,0,1,12,1.0,1.0,0,0,1587,11,530552.93,0.0,1.0,0,0,580160.07,1,no_listado
81,GCW121009ZWJ,Seguridad,5,414132.47,82826.49,159836.91,55842.73,0.4,4,0,0,1,5,1.0,0.0,0,0,1586,4,311928.42,0.2,0.0,0,0,414132.47,1,no_listado
81,AEX131014G81,Transporte,5,112386.41,22477.28,36711.49,7152.13,0.4,4,1,1,0,0,0.0,0.0,1,0,213,3,58123.38,0.4,0.0,0,0,112386.41,0,desvirtuado
81,SAC9201286A1,Limpieza,4,242792.69,60698.17,107104.41,42269.75,1.0,4,1,1,1,1,0.0,0.0,1,0,1686,2,125812.45,0.5,0.0,0,0,242792.69,0,desvirtuado
81,MOC111205PH1,Construccion,6,362954.06,60492.34,145135.65,48376.64,0.6667,4,1,1,1,2,0.0,0.0,1,0,2211,5,217818.41,0.1667,0.0,0,0,362954.06,0,favorable
81,GHA130930E82,Seguridad,4,336134.23,84033.56,157461.91,49411.77,0.25,3,1,1,1,1,0.0,0.0,1,0,117,4,336134.23,0.0,0.0,0,0,336134.23,0,favorable
81,GSC170623A6A,Transporte,5,563505.75,112701.15,153219.42,35470.3,1.0,5,1,1,1,4,0.25,0.0,1,0,1432,3,357879.76,0.4,0.0,0,0,563505.75,0,presunto
81,VARW7611026D3,Mantenimiento,6,675951.17,112658.53,168890.25,48266.56,0.5,4,1,1,1,5,0.0,0.0,1,0,2183,3,415393.75,0.5,0.0,0,0,675951.17,0,presunto
81,ZAP1011130R6,Transporte,10,448949.08,44894.91,48325.43,2190.36,0.0,4,1,1,1,10,0.0,0.5,0,0,1720,10,448949.08,0.0,0.0,0,0,448949.08,0,no_listado
81,OJV0506069DH,Mantenimiento,1,9860.0,9860.0,9860.0,0.0,0.0,1,0,0,0,0,0.0,0.0,0,0,1211,1,9860.0,0.0,0.0,0,0,9860.0,0,no_listado
81,GBD100814MS6,Seguridad,8,556800.0,69600.0,69600.0,0.0,0.0,5,1,1,0,0,0.0,0.0,0,0,1249,6,417600.0,0.0,0.0,0,0,556800.0,0,no_listado
81,NCN060407VTV,Papeleria,4,49443.04,12360.76,14653.25,1556.73,0.0,3,1,1,0,0,0.0,0.0,0,0,2133,4,49443.04,0.0,0.0,0,0,49443.04,0,no_listado
81,AIT120601QCJ,Consultoria,6,308114.85,51352.47,62291.42,7605.56,0.0,3,1,1,0,0,0.0,0.0,0,0,2189,6,308114.85,0.0,0.0,0,0,308114.85,0,no_listado
81,GCE210822QF8,Construccion,9,558462.1,62051.34,79924.75,13884.96,0.0,4,1,1,1,9,0.0,0.0,0,0,77,8,514715.47,0.0,0.0,0,0,558462.1,0,no_listado
81,CASV600810FW0,Consultoria,5,167072.02,33414.4,42121.32,5806.95,0.0,3,1,1,0,0,0.0,0.0,1,0,2615,4,133278.88,0.2,0.0,0,0,167072.02,0,desvirtuado
81,KYT240622C23,Limpieza,8,34767.18,4345.9,6761.05,1444.4,0.0,1,0,0,0,0,0.0,0.0,0,0,2457,8,34767.18,0.0,0.0,0,0,34767.18,0,no_listado
81,YRX140717RZI,Mantenimiento,6,51085.89,8514.32,9614.47,1329.68,0.5,4,1,1,1,6,1.0,0.0,0,0,1643,5,44775.2,0.1667,0.0,0,0,51085.89,0,no_listado
82,MGN120906E61,Construccion,9,458030.48,50892.28,126868.19,40357.99,0.3333,4,0,0,1,4,0.0,0.0,0,0,2515,7,268180.59,0.2222,0.0,0,0,458030.48,0,no_listado
82,NJL070223U43,Logistica,9,524004.07,58222.67,133436.12,37725.06,0.6667,5,0,0,1,5,0.0,0.0,0,0,436,7,293968.01,0.2222,0.0,0,0,524004.07,0,no_listado
82,UES171003OG8,Tecnologia,7,592412.84,84630.41,171136.55,52610.76,0.5714,5,1,1,1,7,0.1429,0.1429,0,0,2251,7,592412.84,0.0,0.0,0,0,592412.84,0,no_listado
82,IWH181117KCG,Transporte,9,455635.32,50626.15,101627.37,25262.77,0.4444,5,0,0,1,6,0.1667,0.1667,0,0,2283,6,292072.91,0.3333,0.0,0,0,455635.32,0,no_listado
82,FWJ071216XPM,Logistica,4,426504.02,106626.0,168521.08,38535.88,0.75,4,0,0,1,4,0.25,0.0,0,0,2046,3,325461.22,0.25,0.0,0,0,426504.02,0,no_listado
82,GXZ0901038K7,Limpieza,3,177425.77,59141.92,105272.32,35889.99,0.6667,3,0,0,1,1,0.0,0.0,0,0,2235,3,177425.77,0.0,0.0,0,0,177425.77,0,no_listado
82,IAK0606110TY,Limpieza,5,353183.7,70636.74,159392.19,53788.97,0.8,3,0,0,1,2,0.0,0.0,0,0,1904,5,353183.7,0.0,0.0,0,0,353183.7,0,no_listado
82,VLV020628KVL,Construccion,6,488317.95,81386.32,119471.13,40560.41,0.5,4,0,0,1,4,0.0,0.0,0,0,794,6,488317.95,0.0,0.0,0,0,488317.95,0,no_listado
82,DIV030401STL,Transporte,4,204666.02,51166.51,106537.82,37008.19,0.5,3,0,0,1,1,1.0,0.0,0,0,1613,4,204666.02,0.0,0.0,0,0,204666.02,0,no_listado
82,VAM060404KL7,Construccion,3,130841.61,43613.87,73073.91,22725.68,0.6667,3,1,1,1,3,0.0,0.0,0,0,626,3,130841.61,0.0,0.0,0,0,130841.61,0,no_listado
82,PPM061126OG0,Seguridad,5,464971.84,92994.37,155118.48,50690.12,0.8,4,0,0,1,2,0.5,0.0,0,0,2260,5,464971.84,0.0,0.0,0,0,464971.84,0,no_listado
82,LUG100722H83,Transporte,5,309240.56,61848.11,106733.92,36370.3,0.6,4,1,1,1,5,0.0,0.0,0,0,2448,3,182897.34,0.2,0.0,0,0,309240.56,0,no_listado
82,HEPJ770720AQ2,Consultoria,8,837499.77,104687.47,165926.28,53441.79,0.25,6,1,1,0,0,0.0,0.0,1,1,278,8,837499.77,0.0,1.0,0,0,837499.77,1,definitivo
82,EHL1904200SE,Tecnologia,1,1467018.04,1467018.04,1467018.04,0.0,1.0,1,1,1,0,0,0.0,0.0,0,0,314,1,1467018.04,0.0,0.0,0,0,1467018.04,1,no_listado
82,ZXP101218VA7,Publicidad,13,624103.11,48007.93,49407.9,732.66,0.5385,6,1,1,1,13,1.0,1.0,0,0,331,11,529371.71,0.0769,1.0,0,0,624103.11,1,no_listado
82,VEI210505MR3,Seguridad,6,733008.29,122168.05,167390.7,51446.64,0.5,4,0,0,1,6,1.0,0.0,0,0,197,5,612837.13,0.1667,0.0,0,0,733008.29,1,no_listado
82,PTP140121EU3,Publicidad,3,190582.7,63527.57,152945.97,63228.51,0.6667,3,0,0,0,0,0.0,0.0,1,0,1494,3,190582.7,0.0,0.0,0,0,190582.7,0,desvirtuado
82,INT1611225X9,Transporte,7,432127.63,61732.52,135617.68,44671.28,0.4286,4,1,1,1,3,0.0,0.0,1,0,2019,5,373054.19,0.2857,0.0,0,0,432127.63,0,desvirtuado
82,CIR131202TG2,Limpieza,6,370614.95,61769.16,148780.21,51061.4,0.6667,4,0,0,0,0,0.0,0.0,1,0,694,6,370614.95,0.0,0.0,0,0,370614.95,0,favorable
82,NGC101118PI6,Seguridad,3,221256.29,73752.1,170413.54,68624.15,1.0,3,1,1,1,1,0.0,0.0,1,0,1612,3,221256.29,0.0,0.0,0,0,221256.29,0,favorable
82,HEHC010912JE2,Publicidad,5,407358.64,81471.73,140729.02,41973.15,1.0,3,1,1,1,1,0.0,0.0,1,0,49,4,323046.79,0.2,0.0,0,0,407358.64,0,presunto
82,TCO2402197UA,Papeleria,7,638626.33,91232.33,154605.45,53396.52,0.5714,5,1,1,1,3,0.3333,0.0,1,0,1191,7,638626.33,0.0,0.0,0,0,638626.33,0,presunto
82,ZJH120306XWC,Transporte,10,433183.86,43318.39,46323.2,1838.83,0.0,4,1,1,1,10,0.0,0.2,0,0,1710,10,433183.86,0.0,0.0,0,0,433183.86,0,no_listado
82,GTI0304229BZ,Mantenimiento,1,9860.0,9860.0,9860.0,0.0,0.0,1,0,0,0,0,0.0,0.0,0,0,1200,1,9860.0,0.0,0.0,0,0,9860.0,0,no_listado
82,UMJ171228KTV,Seguridad,8,556800.0,69600.0,69600.0,0.0,0.0,4,1,1,0,0,0.0,0.0,0,0,1249,7,487200.0,0.0,0.0,0,0,556800.0,0,no_listado
82,KPA200909NKA,Papeleria,4,62996.27,15749.07,17145.4,1307.32,0.0,3,1,1,0,0,0.0,0.0,0,0,2210,4,62996.27,0.0,0.0,0,0,62996.27,0,no_listado
82,RLO221111IKB,Consultoria,6,312995.38,52165.9,63220.89,7570.54,0.0,3,1,1,0,0,0.0,0.0,0,0,2192,4,189822.07,0.3333,0.0,0,0,312995.38,0,no_listado
82,HOL1207099UA,Construccion,9,561342.31,62371.37,80813.78,12879.4,0.0,5,1,1,1,9,0.0,0.2222,0,0,113,9,561342.31,0.0,0.0,0,0,561342.31,0,no_listado
82,SIU0902057W1,Consultoria,5,174205.6,34841.12,43466.28,8192.13,0.0,2,1,1,0,0,0.0,0.0,1,0,2561,5,174205.6,0.0,0.0,0,0,174205.6,0,favorable
82,ZMH1105129NM,Limpieza,8,33623.18,4202.9,6206.43,1345.51,0.0,1,0,0,0,0,0.0,0.0,0,0,2432,8,33623.18,0.0,0.0,0,0,33623.18,0,no_listado
82,ISN130807N9A,Mantenimiento,6,51563.13,8593.85,10030.67,1877.87,0.6667,4,1,1,1,6,1.0,0.0,0,0,1660,5,41532.46,0.0,0.0,0,0,51563.13,0,no_listado
83,LYB180109OSQ,Mantenimiento,8,536444.63,67055.58,132468.98,46027.7,0.375,5,1,1,1,8,0.0,0.0,0,0,1744,7,516835.33,0.125,0.0,0,0,536444.63,0,no_listado
83,GQJ1708279FV,Mantenimiento,4,171364.76,42841.19,81858.95,23357.73,0.0,3,1,1,1,4,0.5,0.0,0,0,1250,4,171364.76,0.0,0.0,0,0,171364.76,0,no_listado
83,HOD1602228Z8,Seguridad,6,425304.15,70884.03,107696.98,38443.33,0.3333,4,1,1,1,6,0.0,0.0,0,0,1670,6,425304.15,0.0,0.0,0,0,425304.15,0,no_listado
83,IDC1411225Q6,Consultoria,4,291771.5,72942.88,137373.55,47275.42,0.5,3,0,0,0,0,0.0,0.0,0,0,973,3,154397.95,0.25,0.0,0,0,291771.5,0,no_listado
83,VIK190612TMX,Limpieza,3,239818.4,79939.47,152452.4,55452.6,0.6667,3,1,1,1,3,0.0,0.0,0,0,662,2,170272.46,0.3333,0.0,0,0,239818.4,0,no_listado
83,DMK03061251B,Transporte,5,220860.22,44172.04,109794.61,34042.06,0.8,4,1,1,1,5,0.4,0.0,0,0,2125,4,111065.61,0.2,0.0,0,0,220860.22,0,no_listado
83,KSL220713WNY,Limpieza,4,366578.47,91644.62,145959.02,45843.64,0.5,2,1,1,1,4,0.0,0.0,0,0,160,4,366578.47,0.0,0.0,0,0,366578.47,0,no_listado
83,XQN021115TBA,Mantenimiento,6,283289.22,47214.87,154667.45,48662.1,0.3333,4,1,1,1,6,0.0,0.0,0,0,1141,4,230744.32,0.3333,0.0,0,0,283289.22,0,no_listado
83,BXY1606235I9,Mantenimiento,3,78142.83,26047.61,42077.34,11338.08,1.0,2,0,0,1,2,0.0,0.0,0,0,2400,3,78142.83,0.0,0.0,0,0,78142.83,0,no_listado
83,ZWP050810OPI,Construccion,7,568128.64,81161.23,163195.75,39335.71,0.4286,3,0,0,1,4,0.0,0.0,0,0,2318,6,404932.89,0.1429,0.0,0,0,568128.64,0,no_listado
83,BKR17090312J,Papeleria,3,296809.32,98936.44,116660.56,12926.03,0.3333,3,0,0,1,1,0.0,0.0,0,0,2247,3,296809.32,0.0,0.0,0,0,296809.32,0,no_listado
83,KDM2308083FY,Seguridad,8,697030.35,87128.79,160107.18,41626.54,0.625,5,1,1,1,8,0.25,0.125,0,0,1870,6,533687.03,0.25,0.0,0,0,697030.35,0,no_listado
83,SRM090901GF8,Consultoria,8,554987.29,69373.41,155066.5,55332.42,0.5,4,0,0,0,0,0.0,0.0,1,1,2125,7,410478.92,0.125,1.0,0,0,554987.29,1,definitivo
83,UKT2112164RS,Seguridad,1,1347522.57,1347522.57,1347522.57,0.0,1.0,1,0,0,0,0,0.0,0.0,0,0,1257,1,1347522.57,0.0,0.0,0,0,1347522.57,1,no_listado
83,MJF220108S4G,Mantenimiento,11,528569.21,48051.75,49753.55,1168.26,0.6364,6,0,0,1,11,1.0,1.0,0,0,331,11,528569.21,0.0,1.0,0,0,528569.21,1,no_listado
83,ZDU220803N2R,Consultoria,6,518617.49,86436.25,160895.28,52963.21,0.8333,3,0,0,1,6,1.0,0.1667,0,0,1007,6,518617.49,0.0,0.0,0,0,518617.49,1,no_listado
83,DIS080521KB5,Mantenimiento,7,309529.66,44218.52,111754.01,33434.94,0.4286,4,1,1,1,5,0.0,0.0,1,0,1119,6,197775.65,0.1429,0.0,0,0,309529.66,0,desvirtuado
83,MER990813SCA,Consultoria,3,242406.39,80802.13,132596.29,47253.11,0.6667,2,0,0,1,1,0.0,0.0,1,0,1641,2,224070.56,0.3333,0.0,0,0,242406.39,0,desvirtuado
83,CAN120120EG9,Transporte,3,185828.82,61942.94,84231.29,29977.95,0.3333,2,0,0,1,3,0.0,0.0,1,0,2574,3,185828.82,0.0,0.0,0,0,185828.82,0,favorable
83,AIHA690912L10,Publicidad,4,252928.41,63232.1,104084.28,31884.34,0.25,2,1,1,1,3,0.0,0.3333,1,0,2465,4,252928.41,0.0,0.0,0,0,252928.41,0,favorable
83,VIMF9811239D8,Consultoria,3,127895.0,42631.67,91329.69,34435.37,0.6667,2,1,1,1,2,0.0,0.0,1,0,275,0,0.0,1.0,0.0,0,0,127895.0,0,presunto
83,GCE200401FF1,Mantenimiento,7,478436.83,68348.12,148915.31,56892.05,0.5714,4,0,0,1,2,0.0,0.0,1,0,1369,4,335099.48,0.4286,0.0,0,0,478436.83,0,presunto
83,PUJ090302IPG,Transporte,10,448389.56,44838.96,47669.32,2027.42,0.0,5,1,1,1,10,0.0,0.5,0,0,1706,9,400792.36,0.0,0.0,0,0,448389.56,0,no_listado
83,ZKR14070908C,Mantenimiento,1,9860.0,9860.0,9860.0,0.0,0.0,1,0,0,0,0,0.0,0.0,0,0,1198,1,9860.0,0.0,0.0,0,0,9860.0,0,no_listado
83,NDJ20050267I,Seguridad,8,556800.0,69600.0,69600.0,0.0,0.0,5,1,1,0,0,0.0,0.0,0,0,1249,8,556800.0,0.0,0.0,0,0,556800.0,0,no_listado
83,WYP180714PL4,Papeleria,4,57005.09,14251.27,16410.95,2241.33,0.0,3,1,1,0,0,0.0,0.0,0,0,2200,4,57005.09,0.0,0.0,0,1,57005.09,0,no_listado
83,ONV1501215OG,Consultoria,6,298275.33,49712.56,53935.22,4880.68,0.0,4,1,1,0,0,0.0,0.0,0,0,2188,6,298275.33,0.0,0.0,0,0,298275.33,0,no_listado
83,HBU100828GMY,Construccion,9,568321.18,63146.8,77766.1,11571.21,0.0,3,1,1,1,9,0.0,0.1111,0,0,55,8,496722.96,0.1111,0.0,0,0,568321.18,0,no_listado
83,PSI130308P69,Consultoria,5,194555.31,38911.06,44040.86,5442.15,0.0,4,1,1,0,0,0.0,0.0,1,0,2601,4,166051.19,0.2,0.0,0,0,194555.31,0,favorable
83,IAX150610EYN,Limpieza,8,38744.86,4843.11,6904.08,1409.49,0.0,1,0,0,0,0,0.0,0.0,0,0,2416,8,38744.86,0.0,0.0,0,0,38744.86,0,no_listado
83,UQQ170906I4J,Mantenimiento,6,46413.89,7735.65,8807.13,1272.44,0.5,5,1,1,1,6,1.0,0.0,0,0,1592,5,38108.55,0.1667,0.0,0,0,46413.89,0,no_listado
84,RTG150501RZ5,Seguridad,5,459989.53,91997.91,159957.13,49307.86,0.2,3,0,0,1,2,0.0,0.0,0,0,1550,4,300032.4,0.2,0.0,0,0,459989.53,0,no_listado
84,TTN1504073IE,Seguridad,6,427920.81,71320.13,153839.86,47332.51,0.6667,4,1,1,1,6,0.0,0.0,0,0,754,5,367791.65,0.1667,0.0,0,0,427920.81,0,no_listado
84,GRQ040907ILF,Consultoria,6,329779.69,54963.28,161569.57,54593.34,0.5,5,0,0,1,4,0.25,0.0,0,0,143,6,329779.69,0.0,0.0,0,0,329779.69,0,no_listado
84,UCU100409YSH,Papeleria,3,358354.97,119451.66,170299.5,37706.56,0.6667,2,0,0,1,2,0.0,0.0,0,0,2130,3,358354.97,0.0,0.0,0,0,358354.97,0,no_listado
84,RAQ150518OYE,Seguridad,6,481636.02,80272.67,159978.5,62416.83,0.5,2,0,0,1,4,0.0,0.0,0,0,1614,3,158522.77,0.5,0.0,0,0,481636.02,0,no_listado
84,GAY130227Z7I,Construccion,9,639448.55,71049.84,164183.02,50148.81,0.6667,5,0,0,1,6,0.0,0.1667,0,0,240,6,494604.04,0.3333,0.0,0,0,639448.55,0,no_listado
84,BLU010410RWE,Transporte,4,237785.96,59446.49,106038.0,29575.4,0.0,3,1,1,1,4,0.0,0.0,0,0,1104,4,237785.96,0.0,0.0,0,0,237785.96,0,no_listado
84,PTQ260428YJ4,Papeleria,8,500008.8,62501.1,167018.3,58506.2,0.5,5,1,1,1,8,0.125,0.0,0,0,948,7,332990.5,0.125,0.0,0,0,500008.8,0,no_listado
84,GTG200226QJS,Tecnologia,7,429303.18,61329.03,105324.81,34747.11,0.7143,4,0,0,1,3,0.0,0.0,0,0,1761,5,391264.99,0.2857,0.0,0,0,429303.18,0,no_listado
84,SEM020110GAQ,Construccion,8,546142.94,68267.87,170413.54,62142.63,0.25,4,0,0,1,6,0.3333,0.0,0,0,2355,5,339661.24,0.25,0.0,0,0,546142.94,0,no_listado
84,RXW130923DTV,Construccion,9,551315.7,61257.3,169116.1,47232.85,0.5556,5,1,1,1,9,0.1111,0.1111,0,0,208,9,551315.7,0.0,0.0,0,0,551315.7,0,no_listado
84,ZWA210209CPS,Publicidad,8,657484.81,82185.6,140582.8,43386.22,0.5,3,0,0,1,5,0.0,0.0,0,0,1981,7,638508.25,0.125,0.0,0,0,657484.81,0,no_listado
84,HEGF790108HT2,Consultoria,7,572702.19,81814.6,126801.72,32002.68,0.8571,4,0,0,0,0,0.0,0.0,1,1,150,6,553372.04,0.1429,1.0,0,0,572702.19,1,definitivo
84,QUX210511ACS,Transporte,1,1561436.87,1561436.87,1561436.87,0.0,0.0,1,0,0,0,0,0.0,0.0,0,0,494,1,1561436.87,0.0,0.0,0,0,1561436.87,1,no_listado
84,YNQ1007062U7,Mantenimiento,10,473827.05,47382.71,48980.26,781.39,0.6,4,0,0,1,10,1.0,1.0,0,0,263,8,379878.04,0.0,1.0,0,0,473827.05,1,no_listado
84,RNY000223OOG,Papeleria,4,164816.28,41204.07,104967.97,36823.06,0.75,2,1,1,1,4,1.0,0.0,0,0,160,4,164816.28,0.0,0.0,0,0,164816.28,1,no_listado
84,MOLD441220BQ2,Seguridad,6,600080.77,100013.46,158592.51,33071.87,0.6667,4,1,1,1,4,0.25,0.0,1,0,193,5,441488.26,0.1667,0.0,0,0,600080.77,0,desvirtuado
84,GSP000616FV4,Papeleria,7,418352.18,59764.6,172020.24,54383.43,0.4286,5,1,1,1,4,0.0,0.0,1,0,692,5,306383.42,0.1429,0.0,0,0,418352.18,0,desvirtuado
84,OFF1305168F1,Seguridad,3,243569.27,81189.76,120277.5,45086.25,1.0,3,0,0,1,2,0.0,0.0,1,0,1193,3,243569.27,0.0,0.0,0,0,243569.27,0,favorable
84,TCT140331PXA,Logistica,6,386994.37,64499.06,138187.92,41980.41,0.6667,5,0,0,1,6,0.0,0.1667,1,0,1513,6,386994.37,0.0,0.0,0,0,386994.37,0,favorable
84,IRE170303G18,Seguridad,7,728111.14,104015.88,163538.77,33869.55,0.4286,5,0,0,1,4,0.25,0.0,1,0,922,5,436737.95,0.2857,0.0,0,0,728111.14,0,presunto
84,MLO1908193M3,Publicidad,3,239960.34,79986.78,116100.06,42874.03,0.6667,3,0,0,1,2,0.0,0.0,1,0,1333,2,123860.28,0.3333,0.0,0,0,239960.34,0,presunto
84,IDE211206I6J,Transporte,10,455389.43,45538.94,48285.95,2423.04,0.0,5,1,1,1,10,0.0,0.7,0,0,1719,10,455389.43,0.0,0.0,0,0,455389.43,0,no_listado
84,YRI0306138V4,Mantenimiento,1,9860.0,9860.0,9860.0,0.0,0.0,1,0,0,0,0,0.0,0.0,0,0,1266,1,9860.0,0.0,0.0,0,0,9860.0,0,no_listado
84,BNI0308138VN,Seguridad,8,556800.0,69600.0,69600.0,0.0,0.0,4,1,1,0,0,0.0,0.0,0,0,1249,8,556800.0,0.0,0.0,0,0,556800.0,0,no_listado
84,MDT080523G6P,Papeleria,4,62166.81,15541.7,17050.48,1880.07,0.0,3,1,1,0,0,0.0,0.0,0,0,2171,3,45523.68,0.25,0.0,0,0,62166.81,0,no_listado
84,JVO000901OA4,Consultoria,6,333579.41,55596.57,62962.11,5327.49,0.0,4,1,1,0,0,0.0,0.0,0,0,2190,4,210795.45,0.3333,0.0,0,0,333579.41,0,no_listado
84,HHJ100714578,Construccion,9,454628.36,50514.26,75443.48,11407.73,0.0,5,1,1,1,9,0.0,0.1111,0,0,13,8,395850.95,0.0,0.0,0,0,454628.36,0,no_listado
84,AIR140611PJ6,Consultoria,5,151263.7,30252.74,42078.45,6199.19,0.0,4,1,1,0,0,0.0,0.0,1,0,2593,4,127118.71,0.2,0.0,0,0,151263.7,0,favorable
84,ZYD091120QS8,Limpieza,8,36171.63,4521.45,5971.56,1087.56,0.0,1,0,0,0,0,0.0,0.0,0,0,2433,8,36171.63,0.0,0.0,0,0,36171.63,0,no_listado
84,RVY120301PKB,Mantenimiento,6,40396.29,6732.72,10021.88,1846.82,0.3333,4,1,1,1,6,1.0,0.0,0,0,1657,6,40396.29,0.0,0.0,0,0,40396.29,0,no_listado
85,JJU200109B2J,Publicidad,9,668938.22,74326.47,163086.36,56176.37,0.5556,3,1,1,1,9,0.0,0.0,0,0,2141,7,496326.31,0.2222,0.0,0,0,668938.22,0,no_listado
85,FID100418C6Y,Papeleria,7,392621.79,56088.83,153765.33,59322.19,0.8571,5,1,1,1,7,0.0,0.0,0,0,1008,5,355779.98,0.1429,0.0,0,0,392621.79,0,no_listado
85,HTE090209V31,Publicidad,4,344693.36,86173.34,170413.54,54018.5,0.5,4,0,0,1,3,0.0,0.0,0,0,2426,3,174279.82,0.25,0.0,0,0,344693.36,0,no_listado
85,GTO1807214YM,Construccion,6,514332.38,85722.06,170347.07,58596.04,0.3333,2,1,1,1,6,0.0,0.0,0,0,470,4,381198.43,0.3333,0.0,0,0,514332.38,0,no_listado
85,AMK191127VJW,Mantenimiento,4,462767.51,115691.88,157850.67,56070.05,0.25,3,0,0,1,1,0.0,0.0,0,0,491,3,443216.7,0.25,0.0,0,0,462767.51,0,no_listado
85,ONI0207161I6,Construccion,3,126908.82,42302.94,91675.47,34911.87,0.6667,2,1,1,1,3,0.0,0.0,0,0,318,3,126908.82,0.0,0.0,0,0,126908.82,0,no_listado
85,QSM240606D3T,Publicidad,3,384101.99,128034.0,168498.79,28861.0,0.6667,2,1,1,1,3,0.3333,0.0,0,0,154,2,271675.86,0.3333,0.0,0,0,384101.99,0,no_listado
85,XCX191228WFU,Tecnologia,9,480718.48,53413.16,144403.95,39769.97,0.4444,5,1,1,1,9,0.0,0.0,0,0,871,7,404710.05,0.1111,0.0,0,0,480718.48,0,no_listado
85,VJD200415EAU,Papeleria,3,218726.68,72908.89,135737.31,48225.5,0.6667,3,1,1,1,3,0.3333,0.0,0,0,196,2,154253.93,0.3333,0.0,0,0,218726.68,0,no_listado
85,SLJ240304KCQ,Papeleria,8,532002.63,66500.33,170857.82,57643.04,0.5,5,0,0,1,2,0.5,0.0,0,0,1127,8,532002.63,0.0,0.0,0,0,532002.63,0,no_listado
85,UVR2310091D5,Construccion,4,344724.15,86181.04,155208.96,50188.82,0.25,3,1,1,1,4,0.0,0.0,0,0,294,4,344724.15,0.0,0.0,0,0,344724.15,0,no_listado
85,BOM16091451T,Papeleria,7,575306.25,82186.61,146519.16,35723.69,0.7143,4,1,1,1,7,0.1429,0.0,0,0,482,7,575306.25,0.0,0.0,0,0,575306.25,0,no_listado
85,VOI091104NF9,Consultoria,7,599584.15,85654.88,142476.4,41339.68,0.8571,5,0,0,0,0,0.0,0.0,1,1,533,6,580607.59,0.1429,1.0,0,0,599584.15,1,definitivo
85,QBN1212066BM,Papeleria,1,1444372.84,1444372.84,1444372.84,0.0,1.0,1,0,0,0,0,0.0,0.0,0,0,2195,1,1444372.84,0.0,0.0,0,0,1444372.84,1,no_listado
85,JHX080507DQ5,Transporte,10,480597.19,48059.72,49456.14,952.82,0.5,5,0,0,1,10,1.0,1.0,0,0,319,9,433744.35,0.0,1.0,0,0,480597.19,1,no_listado
85,VXO170526CR6,Publicidad,6,516402.8,86067.13,171187.86,49264.72,0.5,4,0,0,1,6,1.0,0.0,0,0,50,5,438867.65,0.1667,0.0,0,0,516402.8,1,no_listado
85,CED0805124C4,Tecnologia,7,413731.95,59104.56,144033.75,43248.13,0.0,4,0,0,1,3,0.0,0.0,1,0,412,6,269698.2,0.1429,0.0,0,0,413731.95,0,desvirtuado
85,NCO1012101Z7,Papeleria,5,311065.99,62213.2,140374.36,53997.51,0.6,2,1,1,1,4,0.0,0.0,1,0,1462,4,292030.95,0.0,0.0,0,0,311065.99,0,desvirtuado
85,OCB130314994,Logistica,4,462689.79,115672.45,148889.42,28201.5,0.25,3,1,1,1,2,0.0,0.0,1,0,148,3,390931.42,0.25,0.0,0,0,462689.79,0,favorable
85,REMJ870807LU5,Seguridad,5,270949.43,54189.89,96541.45,29960.69,0.4,3,0,0,1,2,0.5,0.0,1,0,2204,3,184350.41,0.2,0.0,0,0,270949.43,0,favorable
85,CFA2307125Y6,Publicidad,3,370109.1,123369.7,154600.84,23031.0,1.0,2,0,0,1,2,0.0,0.0,1,0,1506,1,115760.53,0.6667,0.0,0,0,370109.1,0,presunto
85,COV080704UB6,Tecnologia,5,431591.88,86318.38,123510.52,19062.14,0.6,4,1,1,1,2,0.0,0.0,1,0,2064,2,205971.99,0.6,0.0,0,0,431591.88,0,presunto
85,TYR2511185KF,Transporte,10,456562.29,45656.23,48708.37,1863.84,0.0,5,1,1,1,10,0.0,0.6,0,0,1735,9,410627.81,0.0,0.0,0,0,456562.29,0,no_listado
85,JTM230114V64,Mantenimiento,1,9860.0,9860.0,9860.0,0.0,0.0,1,0,0,0,0,0.0,0.0,0,0,1231,1,9860.0,0.0,0.0,0,0,9860.0,0,no_listado
85,KMZ220825RE4,Seguridad,8,556800.0,69600.0,69600.0,0.0,0.0,5,1,1,0,0,0.0,0.0,0,0,1249,7,487200.0,0.0,0.0,0,0,556800.0,0,no_listado
85,POK2409174JU,Papeleria,4,55103.63,13775.91,15079.68,1190.47,0.0,3,1,1,0,0,0.0,0.0,0,0,2145,4,55103.63,0.0,0.0,0,0,55103.63,0,no_listado
85,MGY0403028QI,Consultoria,6,296811.04,49468.51,59556.78,7081.79,0.0,3,1,1,0,0,0.0,0.0,0,0,2185,5,237254.26,0.1667,0.0,0,0,296811.04,0,no_listado
85,EHB010808YLZ,Construccion,9,560779.82,62308.87,79736.3,15419.32,0.0,6,1,1,1,9,0.0,0.0,0,0,74,7,442952.4,0.2222,0.0,0,0,560779.82,0,no_listado
85,LPE120207HM1,Consultoria,5,186183.55,37236.71,41465.1,5392.68,0.0,4,1,1,0,0,0.0,0.0,1,0,2564,4,147375.25,0.0,0.0,0,0,186183.55,0,favorable
85,HUA21091475Q,Limpieza,8,35773.95,4471.74,6073.69,1166.14,0.0,1,0,0,0,0,0.0,0.0,0,0,2448,8,35773.95,0.0,0.0,0,0,35773.95,0,no_listado
85,QMJ1410151J5,Mantenimiento,6,42772.78,7128.8,10187.79,2261.26,0.6667,4,1,1,1,6,1.0,0.0,0,0,1620,6,42772.78,0.0,0.0,0,0,42772.78,0,no_listado
86,WKE020810G3A,Transporte,5,348074.01,69614.8,114596.06,31181.04,0.4,4,0,0,1,5,0.2,0.0,0,0,153,4,260032.13,0.2,0.0,0,0,348074.01,0,no_listado
86,MVY111008E24,Consultoria,3,107695.76,35898.59,70864.59,24726.41,0.6667,3,0,0,0,0,0.0,0.0,0,0,172,3,107695.76,0.0,0.0,0,0,107695.76,0,no_listado
86,HYF25092645Z,Tecnologia,7,550915.21,78702.17,113857.82,40087.94,0.5714,4,1,1,1,7,0.0,0.0,0,0,1610,7,550915.21,0.0,0.0,0,0,550915.21,0,no_listado
86,YPG0701246DP,Logistica,6,375302.06,62550.34,118742.58,39018.97,0.3333,5,1,1,1,6,0.3333,0.0,0,0,2073,4,196430.32,0.3333,0.0,0,0,375302.06,0,no_listado
86,FSA0312069X2,Seguridad,4,317294.98,79323.74,148293.91,61012.91,0.25,3,0,0,1,3,0.3333,0.0,0,0,2060,4,317294.98,0.0,0.0,0,0,317294.98,0,no_listado
86,MWW060318UKU,Tecnologia,9,511224.06,56802.67,160793.02,55388.53,0.3333,4,1,1,1,9,0.1111,0.0,0,0,1934,8,493465.14,0.1111,0.0,0,0,511224.06,0,no_listado
86,ODG18031217Z,Tecnologia,8,467364.61,58420.58,135737.31,45668.42,0.5,4,1,1,1,8,0.25,0.125,0,0,74,7,447805.82,0.0,0.0,0,0,467364.61,0,no_listado
86,OZU050915YLE,Seguridad,3,94671.97,31557.32,57979.05,18684.89,0.6667,3,0,0,0,0,0.0,0.0,0,0,1749,1,57979.05,0.6667,0.0,0,0,94671.97,0,no_listado
86,NCR1106146OQ,Logistica,4,314026.2,78506.55,169601.64,57183.68,0.5,3,1,1,1,4,0.0,0.0,0,0,124,1,81427.37,0.75,0.0,0,0,314026.2,0,no_listado
86,FWS250627IPN,Papeleria,9,450086.96,50009.66,104650.13,34460.2,0.6667,5,0,0,1,7,0.1429,0.0,0,0,566,7,362536.27,0.1111,0.0,0,0,450086.96,0,no_listado
86,HZW031225TC3,Tecnologia,3,172914.45,57638.15,77702.89,14205.07,0.3333,2,0,0,1,2,0.5,1.0,0,0,1263,3,172914.45,0.0,0.0,0,0,172914.45,0,no_listado
86,KJW0705264MX,Papeleria,8,816598.79,102074.85,173606.53,62071.53,0.25,5,1,1,1,8,0.0,0.125,0,0,1835,6,603298.64,0.25,0.0,0,0,816598.79,0,no_listado
86,VIAF6601093F3,Consultoria,7,604325.05,86332.15,124965.63,24942.88,0.5714,5,0,0,0,0,0.0,0.0,1,1,221,7,604325.05,0.0,1.0,0,0,604325.05,1,definitivo
86,MNL010416YZG,Transporte,1,1642050.23,1642050.23,1642050.23,0.0,1.0,1,0,0,0,0,0.0,0.0,0,0,291,1,1642050.23,0.0,0.0,0,0,1642050.23,1,no_listado
86,OSW1401253NR,Publicidad,13,625473.96,48113.38,49713.33,983.64,0.7692,6,0,0,1,13,1.0,1.0,0,0,288,12,578025.54,0.0,1.0,0,0,625473.96,1,no_listado
86,PIX03110250N,Mantenimiento,6,436156.3,72692.72,141224.68,38151.95,0.3333,5,1,1,1,6,1.0,0.0,0,0,2302,5,385560.79,0.1667,0.0,0,0,436156.3,1,no_listado
86,EXP130207PU0,Seguridad,7,656740.62,93820.09,159574.39,60149.96,0.4286,5,1,1,1,3,0.0,0.0,1,0,1334,5,339118.45,0.2857,0.0,0,0,656740.62,0,desvirtuado
86,PCM020219JQ6,Transporte,5,498697.08,99739.42,144728.72,24832.13,0.8,2,1,1,1,3,0.0,0.0,1,0,2399,4,353968.36,0.2,0.0,0,0,498697.08,0,desvirtuado
86,SLC140226FX6,Tecnologia,5,350756.59,70151.32,124151.1,39528.71,0.2,4,1,1,1,1,0.0,0.0,1,0,193,5,350756.59,0.0,0.0,0,0,350756.59,0,favorable
86,VFD131012GC2,Seguridad,7,429471.19,61353.03,145856.96,39944.26,0.4286,4,1,1,1,3,0.0,0.3333,1,0,1452,6,410943.94,0.1429,0.0,0,0,429471.19,0,favorable
86,SER2105128Z2,Transporte,5,445412.8,89082.56,173026.16,59594.28,0.2,3,0,0,1,3,0.0,0.0,1,0,452,5,445412.8,0.0,0.0,0,0,445412.8,0,presunto
86,DSS211029413,Consultoria,6,520349.94,86724.99,150083.85,57313.53,0.6667,4,0,0,1,4,0.25,0.0,1,0,2154,3,294411.87,0.5,0.0,0,0,520349.94,0,presunto
86,NHT1111056MR,Transporte,10,449210.13,44921.01,48251.34,2765.81,0.0,6,1,1,1,10,0.0,0.5,0,0,1705,10,449210.13,0.0,0.0,0,0,449210.13,0,no_listado
86,AMJ0309130SG,Mantenimiento,1,9860.0,9860.0,9860.0,0.0,0.0,1,0,0,0,0,0.0,0.0,0,0,1156,1,9860.0,0.0,0.0,0,0,9860.0,0,no_listado
86,VEV060824BPB,Seguridad,8,556800.0,69600.0,69600.0,0.0,0.0,6,1,1,0,0,0.0,0.0,0,0,1249,7,487200.0,0.0,0.0,0,0,556800.0,0,no_listado
86,YBA1510270V7,Papeleria,4,52486.2,13121.55,17307.99,2557.07,0.0,3,1,1,0,0,0.0,0.0,0,0,2257,3,41458.39,0.0,0.0,0,0,52486.2,0,no_listado
86,WOI120215BRS,Consultoria,6,330809.43,55134.9,63772.69,6194.61,0.0,4,1,1,0,0,0.0,0.0,0,0,2190,6,330809.43,0.0,0.0,0,0,330809.43,0,no_listado
86,TMO1304101HB,Construccion,9,490242.8,54471.42,79807.93,13150.2,0.0,6,1,1,1,9,0.0,0.1111,0,0,76,8,429910.12,0.1111,0.0,0,0,490242.8,0,no_listado
86,AIA170223AN4,Consultoria,5,169138.26,33827.65,42953.96,6757.64,0.0,3,1,1,0,0,0.0,0.0,1,0,2605,5,169138.26,0.0,0.0,0,0,169138.26,0,favorable
86,BVR080724BEP,Limpieza,8,33548.41,4193.55,6184.48,1243.31,0.0,1,0,0,0,0,0.0,0.0,0,0,2414,8,33548.41,0.0,0.0,0,0,33548.41,0,no_listado
86,YMX240908966,Mantenimiento,6,46117.96,7686.33,9362.75,1570.77,0.1667,5,1,1,1,6,1.0,0.0,0,0,1714,5,39400.16,0.1667,0.0,0,0,46117.96,0,no_listado
87,NAR090325KNL,Transporte,8,615173.08,76896.63,151597.18,39573.83,0.375,5,1,1,1,8,0.0,0.125,0,0,2125,8,615173.08,0.0,0.0,0,0,615173.08,0,no_listado
87,JKJ2609103TU,Papeleria,4,472249.0,118062.25,161145.63,58167.68,0.5,2,0,0,1,1,1.0,0.0,0,0,382,4,472249.0,0.0,0.0,0,0,472249.0,0,no_listado
87,VNU000827FZE,Seguridad,4,269873.52,67468.38,153592.24,55289.19,0.75,3,1,1,1,4,0.25,0.0,0,0,1450,4,269873.52,0.0,0.0,0,0,269873.52,0,no_listado
87,CBJ070906Y87,Tecnologia,8,534238.84,66779.85,170249.78,48067.74,0.5,5,1,1,1,8,0.25,0.125,0,0,851,7,494064.35,0.125,0.0,0,0,534238.84,0,no_listado
87,OXH201009XM3,Logistica,4,332766.63,83191.66,167954.0,50052.23,0.75,3,1,1,1,4,0.0,0.5,0,0,1579,3,260687.04,0.25,0.0,0,0,332766.63,0,no_listado
87,IRP251026VLP,Consultoria,9,574426.37,63825.15,161733.01,47190.97,0.3333,5,1,1,1,9,0.0,0.1111,0,0,2452,7,446774.82,0.2222,0.0,0,0,574426.37,0,no_listado
87,FCL150719Z8V,Papeleria,8,682697.17,85337.15,142152.54,43232.23,0.375,5,0,0,1,5,0.0,0.0,0,0,2580,6,477641.56,0.25,0.0,0,0,682697.17,0,no_listado
87,PGH0506173SQ,Tecnologia,4,228323.37,57080.84,122781.67,41399.9,0.75,3,1,1,1,4,0.0,0.0,0,0,215,4,228323.37,0.0,0.0,0,0,228323.37,0,no_listado
87,BHA250312AQG,Transporte,7,669325.82,95617.97,151615.87,50633.46,0.7143,3,1,1,1,7,0.0,0.0,0,0,1385,5,430077.64,0.2857,0.0,0,0,669325.82,0,no_listado
87,ARQ101005TPB,Tecnologia,6,340817.09,56802.85,143689.21,49851.94,0.8333,3,1,1,1,6,0.1667,0.0,0,0,269,5,234388.27,0.1667,0.0,0,0,340817.09,0,no_listado
87,HNU151212PU1,Consultoria,3,115659.4,38553.13,77012.4,27195.53,1.0,3,1,1,1,3,0.0,0.0,0,0,131,3,115659.4,0.0,0.0,0,0,115659.4,0,no_listado
87,BZS031012L7E,Mantenimiento,9,456800.5,50755.61,125881.61,34593.51,0.4444,5,1,1,1,9,0.0,0.1111,0,0,2130,8,330918.89,0.1111,0.0,0,0,456800.5,0,no_listado
87,AUSG940428243,Consultoria,8,731422.23,91427.78,163408.11,51211.01,0.5,5,1,1,0,0,0.0,0.0,1,1,1114,5,458293.76,0.375,1.0,0,0,731422.23,1,definitivo
87,SXH100204NC2,Publicidad,1,1594237.45,1594237.45,1594237.45,0.0,1.0,1,0,0,0,0,0.0,0.0,0,0,2724,1,1594237.45,0.0,0.0,0,0,1594237.45,1,no_listado
87,BAO070528K6O,Consultoria,13,625561.09,48120.08,49706.72,1018.34,0.6923,6,1,1,1,13,1.0,1.0,0,0,182,12,576515.54,0.0,1.0,0,0,625561.09,1,no_listado
87,QUN090321R08,Seguridad,6,111510.35,18585.06,21795.9,1442.69,0.3333,4,0,0,1,6,1.0,0.0,0,0,76,6,111510.35,0.0,0.0,0,0,111510.35,1,no_listado
87,CNA090625KL3,Consultoria,5,462153.83,92430.77,148292.49,60505.43,1.0,4,0,0,1,1,0.0,0.0,1,0,1642,3,185580.95,0.4,0.0,0,0,462153.83,0,desvirtuado
87,COM130419AE0,Transporte,5,493331.17,98666.23,147606.51,43938.02,0.6,4,1,1,1,2,0.5,0.0,1,0,492,5,493331.17,0.0,0.0,0,0,493331.17,0,desvirtuado
87,PUB130514496,Transporte,4,369185.7,92296.43,173686.29,55774.71,0.5,2,1,1,1,3,0.0,0.0,1,0,854,4,369185.7,0.0,0.0,0,0,369185.7,0,favorable
87,CAA111123713,Logistica,6,108504.9,18084.15,18673.47,438.32,0.8333,3,0,0,1,3,0.3333,0.0,1,0,2539,6,108504.9,0.0,0.0,0,0,108504.9,0,favorable
87,ARB160126T63,Papeleria,6,278684.01,46447.33,74560.08,23843.29,0.3333,5,1,1,1,2,0.0,0.0,1,0,1420,5,204123.93,0.1667,0.0,0,0,278684.01,0,presunto
87,GCR17061318A,Publicidad,5,235587.62,47117.52,78821.13,23192.43,0.8,3,1,1,1,3,0.0,0.0,1,0,2303,3,156600.19,0.4,0.0,0,0,235587.62,0,presunto
87,MCF010326G8X,Transporte,10,438545.32,43854.53,47964.63,2514.61,0.0,5,1,1,1,10,0.0,0.4,0,0,1734,7,311893.11,0.1,0.0,0,0,438545.32,0,no_listado
87,FAG050505RWU,Mantenimiento,1,9860.0,9860.0,9860.0,0.0,0.0,1,0,0,0,0,0.0,0.0,0,0,1233,1,9860.0,0.0,0.0,0,0,9860.0,0,no_listado
87,BTB170705JJ0,Seguridad,8,556800.0,69600.0,69600.0,0.0,0.0,4,1,1,0,0,0.0,0.0,0,0,1249,7,487200.0,0.0,0.0,0,0,556800.0,0,no_listado
87,CQK080125R7W,Papeleria,4,56240.48,14060.12,16586.72,2414.87,0.0,4,1,1,0,0,0.0,0.0,0,0,2205,4,56240.48,0.0,0.0,0,0,56240.48,0,no_listado
87,HOI220621475,Consultoria,6,305385.36,50897.56,57713.83,5961.41,0.0,4,1,1,0,0,0.0,0.0,0,0,2242,6,305385.36,0.0,0.0,0,0,305385.36,0,no_listado
87,LPX2610284RN,Construccion,9,524343.41,58260.38,80460.27,14859.62,0.0,4,1,1,1,9,0.0,0.1111,0,0,80,9,524343.41,0.0,0.0,0,0,524343.41,0,no_listado
87,CEC0602282P8,Consultoria,5,199078.19,39815.64,45694.17,5685.87,0.0,3,1,1,0,0,0.0,0.0,1,0,2604,5,199078.19,0.0,0.0,0,0,199078.19,0,desvirtuado
87,GBY141103X3J,Limpieza,8,39879.42,4984.93,6538.64,1123.55,0.0,1,0,0,0,0,0.0,0.0,0,0,2447,8,39879.42,0.0,0.0,0,0,39879.42,0,no_listado
87,WYP191224SIG,Mantenimiento,6,49761.93,8293.66,10109.72,1525.21,0.5,3,1,1,1,6,1.0,0.0,0,0,1584,6,49761.93,0.0,0.0,0,0,49761.93,0,no_listado
88,MAM070704SB2,Construccion,8,801777.84,100222.23,169388.26,54201.14,0.5,4,1,1,1,8,0.375,0.0,0,0,1340,8,801777.84,0.0,0.0,0,0,801777.84,0,no_listado
88,UYR051222NRC,Tecnologia,8,422109.73,52763.72,110883.27,36894.61,0.5,6,0,0,1,4,0.25,0.0,0,0,112,8,422109.73,0.0,0.0,0,0,422109.73,0,no_listado
88,LIC180403KVW,Papeleria,4,357572.18,89393.04,119995.39,41187.69,0.75,2,0,0,1,3,0.0,0.0,0,0,660,3,244964.76,0.25,0.0,0,0,357572.18,0,no_listado
88,ZVH0205077KK,Logistica,9,522808.57,58089.84,170558.62,59023.22,0.5556,5,1,1,1,9,0.0,0.0,0,0,884,8,500078.2,0.1111,0.0,0,0,522808.57,0,no_listado
88,APW06120919Q,Papeleria,4,235647.51,58911.88,96140.39,34215.02,0.75,2,1,1,1,4,0.0,0.0,0,0,2506,4,235647.51,0.0,0.0,0,0,235647.51,0,no_listado
88,UGU070127SXQ,Logistica,9,548083.79,60898.2,108078.92,34971.24,0.3333,6,1,1,1,9,0.1111,0.1111,0,0,1633,7,412305.24,0.2222,0.0,0,0,548083.79,0,no_listado
88,GVV240214AWT,Seguridad,3,222708.52,74236.17,109043.09,24626.84,0.3333,2,1,1,1,3,0.0,0.0,0,0,1876,3,222708.52,0.0,0.0,0,0,222708.52,0,no_listado
88,VKR110924F0F,Seguridad,5,226065.3,45213.06,136492.68,45726.63,0.6,5,1,1,1,5,0.0,0.0,0,0,926,4,89572.62,0.2,0.0,0,0,226065.3,0,no_listado
88,SKP040107GA6,Limpieza,3,310853.73,103617.91,154726.46,60008.37,0.3333,1,1,1,1,3,0.0,0.0,0,0,2174,2,156127.27,0.3333,0.0,0,0,310853.73,0,no_listado
88,ITY2612112FB,Limpieza,3,106708.17,35569.39,70174.76,24477.73,0.6667,3,1,1,1,3,0.3333,0.0,0,0,1758,3,106708.17,0.0,0.0,0,0,106708.17,0,no_listado
88,KXR2507150V3,Seguridad,6,691864.21,115310.7,159145.16,45426.53,0.5,3,0,0,1,4,0.25,0.0,0,0,1509,6,691864.21,0.0,0.0,0,0,691864.21,0,no_listado
88,QHL260126MXO,Transporte,6,357119.16,59519.86,112939.11,41223.02,0.5,4,0,0,1,1,0.0,0.0,0,0,149,5,338036.26,0.1667,0.0,0,0,357119.16,0,no_listado
88,MUGJ520308NX4,Consultoria,5,462435.75,92487.15,138294.13,37070.59,0.2,3,0,0,0,0,0.0,0.0,1,1,2316,4,376813.3,0.2,1.0,0,0,462435.75,1,definitivo
88,LQA261111SFK,Limpieza,1,1073453.3,1073453.3,1073453.3,0.0,1.0,1,0,0,0,0,0.0,0.0,0,0,508,1,1073453.3,0.0,0.0,0,0,1073453.3,1,no_listado
88,ORO061110RB6,Construccion,11,526628.42,47875.31,49512.62,862.1,0.4545,5,0,0,1,11,1.0,1.0,0,0,147,11,526628.42,0.0,1.0,0,0,526628.42,1,no_listado
88,MFA130901ZRK,Logistica,5,396565.98,79313.2,132356.77,42300.53,0.4,3,1,1,1,5,1.0,0.0,0,0,126,5,396565.98,0.0,0.0,0,0,396565.98,1,no_listado
88,AEX131014G81,Mantenimiento,5,318627.26,63725.45,117850.87,28099.77,0.4,5,0,0,1,3,0.0,0.0,1,0,158,3,146819.98,0.2,0.0,0,0,318627.26,0,desvirtuado
88,TVI0811258E8,Publicidad,4,527076.99,131769.25,161463.24,26652.35,0.25,2,1,1,1,2,0.0,0.0,1,0,226,4,527076.99,0.0,0.0,0,0,527076.99,0,desvirtuado
88,EAL071226SY8,Construccion,5,452048.58,90409.72,122704.81,35656.04,0.8,3,1,1,1,4,0.0,0.0,1,0,91,4,338308.6,0.2,0.0,0,0,452048.58,0,favorable
88,AAR110929STA,Seguridad,5,402865.01,80573.0,150695.3,43010.46,0.8,3,1,1,1,2,0.0,0.0,1,0,256,5,402865.01,0.0,0.0,0,0,402865.01,0,favorable
88,GEL230214IP3,Seguridad,4,273971.07,68492.77,163927.17,59128.3,0.5,3,1,1,1,1,0.0,0.0,1,0,1538,2,182507.6,0.5,0.0,0,0,273971.07,0,presunto
88,TNP200130TZ7,Tecnologia,4,269340.68,67335.17,120002.7,48475.51,0.25,3,1,1,1,2,0.0,0.0,1,0,1383,3,250010.53,0.25,0.0,0,0,269340.68,0,presunto
88,YPQ000516EXR,Transporte,10,448072.13,44807.21,48476.41,1951.81,0.0,4,1,1,1,10,0.0,0.4,0,0,1714,8,358625.62,0.0,0.0,0,1,448072.13,0,no_listado
88,AGN060401NIR,Mantenimiento,1,9860.0,9860.0,9860.0,0.0,0.0,1,0,0,0,0,0.0,0.0,0,0,1096,1,9860.0,0.0,0.0,0,0,9860.0,0,no_listado
88,ECW0201140ZR,Seguridad,8,556800.0,69600.0,69600.0,0.0,0.0,3,1,1,0,0,0.0,0.0,0,0,1249,6,417600.0,0.0,0.0,0,0,556800.0,0,no_listado
88,CUI180620LTQ,Papeleria,4,60427.91,15106.98,17057.71,1395.31,0.0,4,1,1,0,0,0.0,0.0,0,0,2238,4,60427.91,0.0,0.0,0,0,60427.91,0,no_listado
88,QEI060415J3E,Consultoria,6,329324.7,54887.45,63424.09,7198.36,0.0,4,1,1,0,0,0.0,0.0,0,0,2213,4,219895.25,0.1667,0.0,0,0,329324.7,0,no_listado
88,VSE110704CX6,Construccion,9,579076.36,64341.82,78567.9,14630.64,0.0,4,1,1,1,9,0.0,0.1111,0,0,94,7,471390.95,0.1111,0.0,0,0,579076.36,0,no_listado
88,SEO141204T41,Consultoria,5,181802.29,36360.46,45789.86,5479.26,0.0,4,1,1,0,0,0.0,0.0,1,0,2562,5,181802.29,0.0,0.0,0,0,181802.29,0,favorable
88,OKE181004Y0C,Limpieza,8,30886.39,3860.8,6749.44,1171.08,0.0,1,0,0,0,0,0.0,0.0,0,0,2448,8,30886.39,0.0,0.0,0,0,30886.39,0,no_listado
88,KYZ070511PRE,Mantenimiento,6,39911.4,6651.9,9492.42,1663.2,0.3333,3,1,1,1,6,1.0,0.0,0,0,1651,6,39911.4,0.0,0.0,0,0,39911.4,0,no_listado
89,FUX22091227B,Construccion,4,355552.19,88888.05,153313.63,52920.42,0.5,2,0,0,1,3,0.0,0.0,0,0,71,2,278179.89,0.5,0.0,0,0,355552.19,0,no_listado
89,KUS100701UTR,Consultoria,3,197703.37,65901.12,119171.03,41065.25,0.6667,3,1,1,1,3,0.3333,0.0,0,0,1050,3,197703.37,0.0,0.0,0,0,197703.37,0,no_listado
89,SPE0509151MM,Logistica,4,357528.38,89382.1,167677.1,70344.04,0.0,3,1,1,1,4,0.0,0.0,0,0,1352,4,357528.38,0.0,0.0,0,0,357528.38,0,no_listado
89,AXE070625KRR,Publicidad,7,632695.57,90385.08,142705.97,42955.29,0.8571,4,0,0,1,3,0.0,0.0,0,0,2036,6,551803.7,0.1429,0.0,0,0,632695.57,0,no_listado
89,WUY240121FI5,Logistica,7,522721.73,74674.53,155208.96,53981.44,0.5714,5,1,1,1,7,0.0,0.0,0,0,1676,7,522721.73,0.0,0.0,0,0,522721.73,0,no_listado
89,GAJ141225C6C,Publicidad,4,456895.5,114223.88,164260.23,43587.77,0.5,4,1,1,1,4,0.0,0.0,0,0,1160,4,456895.5,0.0,0.0,0,0,456895.5,0,no_listado
89,GGC170225X3E,Tecnologia,7,495262.35,70751.76,122529.04,46081.54,0.2857,5,1,1,1,7,0.1429,0.0,0,0,199,7,495262.35,0.0,0.0,0,0,495262.35,0,no_listado
89,VYN2008102DX,Papeleria,5,447111.96,89422.39,144199.84,58643.0,0.8,3,0,0,1,2,0.0,0.0,0,0,742,5,447111.96,0.0,0.0,0,0,447111.96,0,no_listado
89,TNI000208K8W,Seguridad,3,223405.85,74468.62,154251.86,58074.8,0.0,2,0,0,1,2,0.0,0.0,0,0,1092,3,223405.85,0.0,0.0,0,0,223405.85,0,no_listado
89,QGM140109SLQ,Papeleria,4,294283.09,73570.77,134692.47,42039.18,0.5,2,0,0,1,2,0.0,0.0,0,0,1472,4,294283.09,0.0,0.0,0,0,294283.09,0,no_listado
89,BKU10030166C,Consultoria,9,708132.46,78681.38,140162.45,44403.53,0.7778,5,0,0,1,4,0.0,0.0,0,0,2334,8,590428.49,0.1111,0.0,0,1,708132.46,0,no_listado
89,JDG210425ZA1,Consultoria,5,212819.46,42563.89,76104.99,27039.7,0.6,3,0,0,1,1,0.0,0.0,0,0,1815,3,118760.13,0.4,0.0,0,0,212819.46,0,no_listado
89,JCO150225EI5,Consultoria,5,485866.05,97173.21,148208.84,47425.21,0.4,4,0,0,0,0,0.0,0.0,1,1,655,4,402594.13,0.2,1.0,0,0,485866.05,1,definitivo
89,HNZ170601ZC8,Publicidad,1,1442980.76,1442980.76,1442980.76,0.0,1.0,1,0,0,0,0,0.0,0.0,0,0,392,1,1442980.76,0.0,0.0,0,0,1442980.76,1,no_listado
89,DPM010211Q4J,Publicidad,13,629283.32,48406.41,49483.63,771.65,0.5385,5,0,0,1,13,1.0,1.0,0,0,530,10,485801.97,0.0769,1.0,0,0,629283.32,1,no_listado
89,BSY110823KMG,Construccion,4,162968.47,40742.12,73069.42,23271.93,0.25,2,0,0,1,4,1.0,0.0,0,0,242,3,110307.35,0.25,0.0,0,0,162968.47,1,no_listado
89,IBS0212113V7,Publicidad,7,608776.89,86968.13,158056.32,53746.59,0.4286,4,1,1,1,4,0.0,0.0,1,0,1517,7,608776.89,0.0,0.0,0,0,608776.89,0,desvirtuado
89,VDI020717A51,Papeleria,6,288914.98,48152.5,109794.61,30851.99,0.5,3,0,0,1,5,0.0,0.0,1,0,804,4,136938.28,0.3333,0.0,0,0,288914.98,0,desvirtuado
89,GAI161128CG1,Publicidad,6,333816.35,55636.06,79784.97,19571.88,0.1667,4,0,0,1,5,0.2,0.0,1,0,1328,6,333816.35,0.0,0.0,0,0,333816.35,0,favorable
89,WPP100701H86,Papeleria,7,344656.85,49236.69,144411.35,49567.88,0.4286,5,1,1,1,5,0.0,0.0,1,0,1640,7,344656.85,0.0,0.0,0,0,344656.85,0,favorable
89,MCO210722SY5,Limpieza,4,235802.15,58950.54,167390.7,62885.46,0.5,4,1,1,1,3,0.0,0.0,1,0,1616,3,203371.13,0.25,0.0,0,1,235802.15,0,presunto
89,DET171018PB9,Publicidad,3,201976.4,67325.47,135081.15,49427.07,1.0,3,1,1,1,1,0.0,1.0,1,0,1529,3,201976.4,0.0,0.0,0,0,201976.4,0,presunto
89,BPU260809HKO,Transporte,10,454110.52,45411.05,48095.92,2219.58,0.0,5,1,1,1,10,0.0,0.6,0,0,1700,8,364137.59,0.0,0.0,0,0,454110.52,0,no_listado
89,RXR230216526,Mantenimiento,1,9860.0,9860.0,9860.0,0.0,0.0,1,0,0,0,0,0.0,0.0,0,0,1068,1,9860.0,0.0,0.0,0,0,9860.0,0,no_listado
89,UFQ261205E7S,Seguridad,8,556800.0,69600.0,69600.0,0.0,0.0,4,1,1,0,0,0.0,0.0,0,0,1249,6,417600.0,0.0,0.0,0,0,556800.0,0,no_listado
89,YSA040524XHR,Papeleria,4,50181.08,12545.27,13975.75,1177.55,0.0,3,1,1,0,0,0.0,0.0,0,0,2206,4,50181.08,0.0,0.0,0,0,50181.08,0,no_listado
89,YPV140722R3N,Consultoria,6,306369.64,51061.61,63648.94,7659.1,0.0,4,1,1,0,0,0.0,0.0,0,0,2192,6,306369.64,0.0,0.0,0,0,306369.64,0,no_listado
89,SUS1909027NE,Construccion,9,595862.09,66206.9,76314.74,8879.45,0.0,4,1,1,1,9,0.0,0.0,0,0,13,8,519547.35,0.0,0.0,0,0,595862.09,0,no_listado
89,CMU1003034W4,Consultoria,5,169918.91,33983.78,41496.7,5259.68,0.0,4,1,1,0,0,0.0,0.0,1,0,2567,4,138841.33,0.2,0.0,0,0,169918.91,0,favorable
89,XDW030803KRI,Limpieza,8,33171.13,4146.39,6756.37,1249.67,0.0,1,0,0,0,0,0.0,0.0,0,0,2453,8,33171.13,0.0,0.0,0,0,33171.13,0,no_listado
89,OWN110913FAG,Mantenimiento,6,45579.53,7596.59,9207.42,1473.18,0.5,5,1,1,1,6,1.0,0.0,0,0,1658,6,45579.53,0.0,0.0,0,0,45579.53,0,no_listado
90,IFE2304218GR,Seguridad,6,531787.33,88631.22,154424.69,51609.49,0.6667,4,1,1,1,6,0.0,0.0,0,0,58,4,426451.94,0.3333,0.0,0,0,531787.33,0,no_listado
90,AMH12020954I,Transporte,9,486398.05,54044.23,116595.34,38354.56,0.7778,4,1,1,1,9,0.1111,0.1111,0,0,2519,9,486398.05,0.0,0.0,0,0,486398.05,0,no_listado
90,ZWE171208E0D,Seguridad,4,439985.82,109996.45,155657.41,55242.77,0.75,3,1,1,1,4,0.0,0.0,0,0,1095,4,439985.82,0.0,0.0,0,0,439985.82,0,no_listado
90,AWF060128Z5T,Publicidad,7,175796.82,25113.83,39604.22,8127.86,0.4286,4,0,0,1,3,0.3333,0.0,0,0,212,6,156713.92,0.1429,0.0,0,0,175796.82,0,no_listado
90,WUG130820P8O,Limpieza,6,671521.02,111920.17,163800.38,54148.1,0.5,4,0,0,1,3,0.3333,0.0,0,0,1436,5,536828.55,0.1667,0.0,0,0,671521.02,0,no_listado
90,ZMB2306071F8,Consultoria,8,490140.51,61267.56,121268.85,36424.79,0.375,4,0,0,1,5,0.2,0.0,0,0,252,7,409745.75,0.125,0.0,0,0,490140.51,0,no_listado
90,AWC021128FEY,Mantenimiento,3,353943.67,117981.22,159831.41,52346.85,0.0,2,1,1,1,3,0.0,0.0,0,0,2293,3,353943.67,0.0,0.0,0,0,353943.67,0,no_listado
90,FNI170906WTW,Logistica,7,514141.56,73448.79,166314.14,60165.56,0.7143,5,1,1,1,7,0.1429,0.0,0,0,2032,5,370146.04,0.2857,0.0,0,0,514141.56,0,no_listado
90,DFZ1406284BL,Publicidad,8,807170.81,100896.35,169081.58,60426.31,0.375,4,1,1,1,8,0.0,0.0,0,0,2376,6,484724.97,0.125,0.0,0,1,807170.81,0,no_listado
90,TBL000622YHO,Logistica,6,568418.13,94736.35,155538.38,42403.16,0.8333,4,1,1,1,6,0.0,0.0,0,0,2065,4,452309.45,0.3333,0.0,0,0,568418.13,0,no_listado
90,SKI0704153KK,Construccion,6,609384.33,101564.06,157802.18,43510.55,0.6667,4,1,1,1,6,0.0,0.0,0,0,1535,6,609384.33,0.0,0.0,0,0,609384.33,0,no_listado
90,HIP120823PM5,Tecnologia,3,293989.67,97996.56,148182.51,37240.11,0.3333,3,1,1,1,3,0.3333,0.0,0,0,160,3,293989.67,0.0,0.0,0,0,293989.67,0,no_listado
90,CEP2002071J6,Consultoria,7,618322.33,88331.76,147834.09,44270.0,0.7143,3,1,1,0,0,0.0,0.0,1,1,2104,5,412189.16,0.2857,1.0,0,0,618322.33,1,definitivo
90,VXR23080945U,Papeleria,1,1179617.55,1179617.55,1179617.55,0.0,0.0,1,1,1,0,0,0.0,0.0,0,0,1518,1,1179617.55,0.0,0.0,0,0,1179617.55,1,no_listado
90,ROV121210H0S,Limpieza,10,479277.62,47927.76,49127.81,895.9,0.6,6,0,0,1,10,1.0,1.0,0,0,375,7,336754.41,0.0,1.0,0,0,479277.62,1,no_listado
90,TBO060824VI0,Mantenimiento,5,322431.11,64486.22,172928.18,55891.49,0.4,5,1,1,1,5,1.0,0.2,0,0,182,5,322431.11,0.0,0.0,0,0,322431.11,1,no_listado
90,CMA071115AU2,Consultoria,7,533826.27,76260.9,152265.11,47631.93,0.4286,4,1,1,1,2,0.0,0.0,1,0,125,6,451913.9,0.1429,0.0,0,0,533826.27,0,desvirtuado
90,MAP120117FQ9,Publicidad,7,751739.24,107391.32,153982.07,43276.37,0.5714,4,0,0,1,4,0.0,0.0,1,0,2113,6,602410.05,0.1429,0.0,0,0,751739.24,0,desvirtuado
90,ROCC790622V41,Publicidad,5,167266.01,33453.2,92917.73,29742.32,0.6,3,0,0,1,4,0.25,0.0,1,0,178,4,148276.16,0.2,0.0,0,0,167266.01,0,favorable
90,MOBA880721CU3,Mantenimiento,6,597868.32,99644.72,160498.59,45292.3,0.3333,5,0,0,1,1,0.0,0.0,1,0,824,6,597868.32,0.0,0.0,0,0,597868.32,0,favorable
90,PMT181030RF7,Papeleria,3,131582.33,43860.78,92868.85,34655.47,0.0,3,1,1,1,1,0.0,0.0,1,0,180,2,38713.48,0.3333,0.0,0,0,131582.33,0,presunto
90,BTM240711J85,Papeleria,4,198632.7,49658.18,115960.76,39821.67,0.75,2,0,0,1,3,0.0,0.3333,1,0,1471,4,198632.7,0.0,0.0,0,1,198632.7,0,presunto
90,FBI261224BXD,Transporte,10,451243.84,45124.38,48474.42,1742.57,0.0,5,1,1,1,10,0.0,0.6,0,0,1763,8,359936.57,0.2,0.0,0,0,451243.84,0,no_listado
90,BOS170726YON,Mantenimiento,1,9860.0,9860.0,9860.0,0.0,0.0,1,0,0,0,0,0.0,0.0,0,0,1080,1,9860.0,0.0,0.0,0,0,9860.0,0,no_listado
90,RAX130228GIE,Seguridad,8,556800.0,69600.0,69600.0,0.0,0.0,4,1,1,0,0,0.0,0.0,0,0,1249,7,487200.0,0.0,0.0,0,0,556800.0,0,no_listado
90,OZU191116H57,Papeleria,4,57133.78,14283.44,14871.91,424.65,0.0,3,1,1,0,0,0.0,0.0,0,0,2138,3,43460.71,0.25,0.0,0,0,57133.78,0,no_listado
90,WFV001210357,Consultoria,6,326073.69,54345.61,58975.63,5093.19,0.0,3,1,1,0,0,0.0,0.0,0,0,2206,5,278614.67,0.1667,0.0,0,0,326073.69,0,no_listado
90,XYB200322J9Q,Construccion,9,549611.04,61067.89,79238.81,13613.33,0.0,5,1,1,1,9,0.0,0.0,0,0,76,8,488751.64,0.1111,0.0,0,0,549611.04,0,no_listado
90,CJA120220B41,Consultoria,5,171312.52,34262.5,42010.63,5758.84,0.0,4,1,1,0,0,0.0,0.0,1,0,2566,5,171312.52,0.0,0.0,0,0,171312.52,0,favorable
90,LEZ190412LIA,Limpieza,8,37675.85,4709.48,6512.14,1477.09,0.0,1,0,0,0,0,0.0,0.0,0,0,2419,8,37675.85,0.0,0.0,0,0,37675.85,0,no_listado
90,NGK150320FXT,Mantenimiento,6,43771.09,7295.18,8756.69,1321.79,0.5,5,1,1,1,6,1.0,0.0,0,0,1586,5,36268.62,0.1667,0.0,0,0,43771.09,0,no_listado
91,BPW030223E62,Publicidad,5,458308.26,91661.65,126668.8,31347.99,0.6,4,0,0,1,2,0.0,0.0,0,0,71,4,367572.13,0.2,0.0,0,0,458308.26,0,no_listado
91,SJC20021533Q,Papeleria,6,351458.76,58576.46,122265.52,37811.98,0.5,4,1,1,1,6,0.0,0.0,0,0,1836,6,351458.76,0.0,0.0,0,0,351458.76,0,no_listado
91,QML07051969P,Mantenimiento,7,413256.63,59036.66,165704.64,53119.35,0.4286,5,1,1,1,7,0.1429,0.0,0,0,2062,5,373889.14,0.1429,0.0,0,0,413256.63,0,no_listado
91,WNT060227YY2,Seguridad,6,411958.05,68659.68,117695.99,37802.66,0.5,5,0,0,1,3,0.3333,0.0,0,0,1688,6,411958.05,0.0,0.0,0,0,411958.05,0,no_listado
91,XDQ201013PN2,Consultoria,9,693363.22,77040.36,146468.25,43614.97,0.2222,5,1,1,1,9,0.0,0.1111,0,0,1712,9,693363.22,0.0,0.0,0,0,693363.22,0,no_listado
91,FOF120217SRB,Consultoria,4,75305.38,18826.35,19840.61,772.92,0.5,3,1,1,1,4,0.0,0.0,0,0,2098,3,57610.28,0.25,0.0,0,0,75305.38,0,no_listado
91,CXK2307108JO,Construccion,9,830172.07,92241.34,159004.39,55132.73,0.6667,5,1,1,1,9,0.0,0.0,0,0,1394,8,686253.33,0.1111,0.0,0,0,830172.07,0,no_listado
91,NJV030823FVS,Consultoria,5,172189.14,34437.83,83091.55,24948.05,0.0,4,1,1,1,5,0.2,0.0,0,0,88,4,152843.04,0.2,0.0,0,0,172189.14,0,no_listado
91,XLH2204236T2,Transporte,4,310147.04,77536.76,153142.04,59990.15,0.25,3,1,1,1,4,0.0,0.0,0,0,859,4,310147.04,0.0,0.0,0,0,310147.04,0,no_listado
91,TUB031126MCT,Limpieza,5,177305.25,35461.05,58178.44,15874.68,0.4,4,0,0,1,2,0.5,0.5,0,0,1897,5,177305.25,0.0,0.0,0,0,177305.25,0,no_listado
91,UJW0512042CN,Mantenimiento,4,264128.81,66032.2,160144.55,57140.69,0.5,4,0,0,1,3,0.0,0.0,0,0,553,3,245545.73,0.25,0.0,0,0,264128.81,0,no_listado
91,FUV000620AD2,Logistica,7,768992.64,109856.09,163301.76,31792.27,0.5714,4,1,1,1,7,0.0,0.0,0,0,2094,6,662954.64,0.1429,0.0,0,0,768992.64,0,no_listado
91,CIN150515343,Consultoria,6,370536.1,61756.02,172469.96,58737.36,0.3333,4,0,0,0,0,0.0,0.0,1,1,753,6,370536.1,0.0,1.0,0,0,370536.1,1,definitivo
91,KYN040710HII,Construccion,1,1471336.1,1471336.1,1471336.1,0.0,0.0,1,0,0,0,0,0.0,0.0,0,0,721,1,1471336.1,0.0,0.0,0,0,1471336.1,1,no_listado
91,QKN050517V5D,Consultoria,13,628170.96,48320.84,49378.96,899.7,0.4615,5,0,0,1,13,1.0,1.0,0,0,801,13,628170.96,0.0,1.0,0,0,628170.96,1,no_listado
91,IIZ1601271BG,Tecnologia,6,382541.36,63756.89,173595.11,56097.6,0.1667,4,0,0,1,6,1.0,0.0,0,0,777,6,382541.36,0.0,0.0,0,0,382541.36,1,no_listado
91,PEF110805PG6,Seguridad,3,139907.49,46635.83,79935.79,25507.43,0.3333,3,1,1,0,0,0.0,0.0,1,0,709,2,97910.05,0.3333,0.0,0,0,139907.49,0,desvirtuado
91,HCC130521KC2,Tecnologia,5,276387.46,55277.49,119598.4,45150.35,0.4,4,1,1,1,4,0.25,0.0,1,0,1942,3,56225.13,0.4,0.0,0,0,276387.46,0,desvirtuado
91,FCN081204MG1,Seguridad,3,402927.34,134309.11,164236.47,21865.28,0.6667,3,0,0,0,0,0.0,0.0,1,0,671,2,276843.89,0.3333,0.0,0,0,402927.34,0,favorable
91,RACP7404153G6,Tecnologia,5,281931.4,56386.28,134455.54,41941.35,0.4,5,1,1,1,2,0.0,0.0,1,0,2198,4,147475.86,0.2,0.0,0,0,281931.4,0,favorable
91,AELD011223430,Limpieza,4,358787.7,89696.93,124040.9,25185.51,0.5,4,0,0,1,4,0.0,0.0,1,0,267,3,262246.25,0.25,0.0,0,0,358787.7,0,presunto
91,CCX180626RE1,Mantenimiento,3,205346.17,68448.72,126705.72,44725.02,1.0,3,1,1,1,2,0.5,0.0,1,0,360,2,187358.62,0.3333,0.0,0,0,205346.17,0,presunto
91,OPI180828IKD,Transporte,10,445592.43,44559.24,48091.74,2023.73,0.0,5,1,1,1,10,0.0,0.4,0,0,1745,8,352306.11,0.2,0.0,0,0,445592.43,0,no_listado
91,XBC1112257A1,Mantenimiento,1,9860.0,9860.0,9860.0,0.0,0.0,1,0,0,0,0,0.0,0.0,0,0,1105,1,9860.0,0.0,0.0,0,0,9860.0,0,no_listado
91,POJ010907YY1,Seguridad,8,556800.0,69600.0,69600.0,0.0,0.0,5,1,1,0,0,0.0,0.0,0,0,1249,7,487200.0,0.0,0.0,0,0,556800.0,0,no_listado
91,BWR1102229EI,Papeleria,4,63073.41,15768.35,17086.63,1315.23,0.0,4,1,1,0,0,0.0,0.0,0,0,2248,4,63073.41,0.0,0.0,0,0,63073.41,0,no_listado
91,GOR0308105PK,Consultoria,6,333878.12,55646.35,63549.5,4027.3,0.0,3,1,1,0,0,0.0,0.0,0,0,2185,6,333878.12,0.0,0.0,0,0,333878.12,0,no_listado
91,QLB040110OAS,Construccion,9,543501.91,60389.1,80868.89,16834.67,0.0,3,1,1,1,9,0.0,0.0,0,0,61,9,543501.91,0.0,0.0,0,0,543501.91,0,no_listado
91,PESA730920DD3,Consultoria,5,185681.76,37136.35,45015.71,7983.2,0.0,4,1,1,0,0,0.0,0.0,1,0,2563,4,154063.25,0.2,0.0,0,0,185681.76,0,desvirtuado
91,FRG021214QJA,Limpieza,8,47841.82,5980.23,6898.39,1437.27,0.0,1,0,0,0,0,0.0,0.0,0,0,2451,8,47841.82,0.0,0.0,0,0,47841.82,0,no_listado
91,MXB171226POC,Mantenimiento,6,48763.78,8127.3,9410.47,1147.3,0.6667,4,1,1,1,6,1.0,0.0,0,0,1627,4,32286.11,0.1667,0.0,0,0,48763.78,0,no_listado
92,OOS040922OK2,Papeleria,9,720585.11,80065.01,164985.43,57385.97,0.4444,5,1,1,1,9,0.3333,0.0,0,0,1059,6,509669.95,0.3333,0.0,0,0,720585.11,0,no_listado
92,HJR2510288X8,Construccion,8,473058.22,59132.28,145538.55,40184.68,0.625,5,1,1,1,8,0.0,0.0,0,0,1978,6,435557.06,0.25,0.0,0,0,473058.22,0,no_listado
92,HOW2609055QY,Limpieza,5,485057.67,97011.53,171894.62,61416.48,0.6,4,1,1,1,5,0.2,0.2,0,0,1133,5,485057.67,0.0,0.0,0,0,485057.67,0,no_listado
92,XZJ020116RBX,Publicidad,6,554721.81,92453.64,146996.51,43994.5,0.6667,4,1,1,1,6,0.0,0.1667,0,0,2243,5,439479.84,0.1667,0.0,0,0,554721.81,0,no_listado
92,KMY0404246L0,Transporte,6,491069.04,81844.84,154996.4,48512.94,0.6667,5,1,1,1,6,0.0,0.0,0,0,766,5,459743.14,0.1667,0.0,0,0,491069.04,0,no_listado
92,QJJ0207100UH,Mantenimiento,4,340567.19,85141.8,130106.38,44455.35,0.75,3,1,1,1,4,0.25,0.0,0,0,1539,4,340567.19,0.0,0.0,0,0,340567.19,0,no_listado
92,RYL101208VOV,Consultoria,7,499094.58,71299.23,143443.11,52938.36,0.7143,4,0,0,1,3,0.0,0.0,0,0,180,7,499094.58,0.0,0.0,0,0,499094.58,0,no_listado
92,DXN040128QI7,Limpieza,4,165699.8,41424.95,60111.04,14522.24,0.25,3,1,1,1,4,0.0,0.25,0,0,150,2,105131.81,0.5,0.0,0,0,165699.8,0,no_listado
92,HJP120411T8K,Papeleria,3,226427.22,75475.74,116595.34,41117.55,0.3333,2,1,1,1,3,0.0,0.0,0,0,159,3,226427.22,0.0,0.0,0,0,226427.22,0,no_listado
92,OIZ230210HHA,Limpieza,6,457581.06,76263.51,119554.37,32147.74,0.6667,4,1,1,1,6,0.0,0.0,0,0,79,6,457581.06,0.0,0.0,0,0,457581.06,0,no_listado
92,LGK1603014MZ,Publicidad,4,131049.66,32762.42,43141.28,10419.75,0.25,3,1,1,1,4,0.0,0.0,0,0,1596,4,131049.66,0.0,0.0,0,0,131049.66,0,no_listado
92,JBC000403HIC,Papeleria,5,364546.78,72909.36,133820.89,35022.71,0.6,3,1,1,1,5,0.0,0.0,0,0,2250,4,305925.05,0.2,0.0,0,0,364546.78,0,no_listado
92,EPR150318G91,Consultoria,7,391233.36,55890.48,161028.02,58593.83,0.2857,4,1,1,0,0,0.0,0.0,1,1,116,7,391233.36,0.0,1.0,0,1,391233.36,1,definitivo
92,FPF100201OU5,Seguridad,1,1063702.19,1063702.19,1063702.19,0.0,1.0,1,0,0,0,0,0.0,0.0,0,0,198,1,1063702.19,0.0,0.0,0,0,1063702.19,1,no_listado
92,PHQ2408283LD,Mantenimiento,10,475429.71,47542.97,48720.66,544.99,0.5,5,0,0,1,10,1.0,1.0,0,0,1644,9,428366.11,0.0,1.0,0,0,475429.71,1,no_listado
92,VII260317R5K,Consultoria,5,253713.47,50742.69,150278.15,50866.79,0.6,3,0,0,1,5,1.0,0.2,0,0,166,5,253713.47,0.0,0.0,0,0,253713.47,1,no_listado
92,ASA140512IX6,Seguridad,5,491689.31,98337.86,134046.57,23824.47,0.4,4,1,1,1,3,0.0,0.0,1,0,199,3,276872.15,0.4,0.0,0,0,491689.31,0,desvirtuado
92,LOOJ61081282A,Publicidad,4,478301.13,119575.28,155208.96,35822.13,0.5,3,0,0,1,3,0.0,0.0,1,0,1512,4,478301.13,0.0,0.0,0,0,478301.13,0,desvirtuado
92,AMU130326S14,Tecnologia,7,622903.57,88986.22,171102.24,56001.85,0.4286,5,0,0,1,4,0.25,0.0,1,0,644,7,622903.57,0.0,0.0,0,0,622903.57,0,favorable
92,CSA96011168A,Publicidad,6,445084.39,74180.73,124866.26,42687.63,0.8333,5,1,1,1,3,0.0,0.0,1,0,734,4,301063.44,0.3333,0.0,0,0,445084.39,0,favorable
92,MCO210722SY5,Limpieza,7,763361.56,109051.65,166419.11,59514.86,0.2857,5,0,0,1,5,0.2,0.0,1,0,780,5,600010.29,0.1429,0.0,0,0,763361.56,0,presunto
92,HETC960414PJ4,Logistica,4,327484.14,81871.04,146132.44,62930.83,1.0,2,0,0,1,2,0.0,0.0,1,0,2627,3,308547.46,0.0,0.0,0,0,327484.14,0,presunto
92,LBN071006FVZ,Transporte,10,446635.95,44663.6,46864.49,1735.19,0.0,5,1,1,1,10,0.0,0.5,0,0,1703,9,402345.58,0.0,0.0,0,0,446635.95,0,no_listado
92,NET141202DYM,Mantenimiento,1,9860.0,9860.0,9860.0,0.0,0.0,1,0,0,0,0,0.0,0.0,0,0,1252,1,9860.0,0.0,0.0,0,0,9860.0,0,no_listado
92,VRG040609EP2,Seguridad,8,556800.0,69600.0,69600.0,0.0,0.0,4,1,1,0,0,0.0,0.0,0,0,1249,8,556800.0,0.0,0.0,0,0,556800.0,0,no_listado
92,TPT100715N32,Papeleria,4,55517.52,13879.38,16506.73,2332.79,0.0,3,1,1,0,0,0.0,0.0,0,0,2139,3,39010.79,0.25,0.0,0,0,55517.52,0,no_listado
92,KKH071109QQ0,Consultoria,6,323412.63,53902.11,60616.01,5711.04,0.0,3,1,1,0,0,0.0,0.0,0,0,2199,4,219424.29,0.3333,0.0,0,0,323412.63,0,no_listado
92,BKI020226C0X,Construccion,9,546521.09,60724.57,76023.45,10216.77,0.0,5,1,1,1,9,0.0,0.1111,0,0,28,9,546521.09,0.0,0.0,0,0,546521.09,0,no_listado
92,IMA090307KP7,Consultoria,5,181466.33,36293.27,45657.26,7306.6,0.0,5,1,1,0,0,0.0,0.0,1,0,2587,5,181466.33,0.0,0.0,0,0,181466.33,0,favorable
92,HPM001017ZEJ,Limpieza,8,40359.6,5044.95,6567.12,1056.0,0.0,1,0,0,0,0,0.0,0.0,0,0,2421,8,40359.6,0.0,0.0,0,0,40359.6,0,no_listado
92,QUE180528FFS,Mantenimiento,6,46641.84,7773.64,9930.85,1716.45,0.1667,4,1,1,1,6,1.0,0.0,0,0,1646,5,38911.63,0.1667,0.0,0,0,46641.84,0,no_listado
93,SLZ250901L3J,Consultoria,9,730993.59,81221.51,170347.07,57356.96,0.4444,5,0,0,1,4,0.25,0.0,0,0,643,9,730993.59,0.0,0.0,0,0,730993.59,0,no_listado
93,JMN140220YCX,Limpieza,9,606813.95,67423.77,169468.46,54696.3,0.6667,5,0,0,1,5,0.2,0.2,0,0,2569,8,588230.87,0.1111,0.0,0,0,606813.95,0,no_listado
93,JXC150208HD5,Logistica,3,131524.93,43841.64,58475.5,17935.34,0.3333,2,1,1,1,3,0.0,0.0,0,0,853,2,73049.43,0.3333,0.0,0,0,131524.93,0,no_listado
93,GIV100903MYN,Publicidad,9,811083.2,90120.36,171554.08,51977.65,0.5556,4,1,1,1,9,0.1111,0.0,0,0,1351,7,771335.54,0.2222,0.0,0,0,811083.2,0,no_listado
93,SDZ051028LRJ,Consultoria,5,428254.48,85650.9,149935.38,57397.83,0.8,4,0,0,1,4,0.25,0.0,0,0,2100,5,428254.48,0.0,0.0,0,0,428254.48,0,no_listado
93,FYW0712163SL,Seguridad,8,632621.01,79077.63,171523.76,60237.04,0.625,4,1,1,1,8,0.375,0.0,0,0,1201,7,485465.82,0.125,0.0,0,0,632621.01,0,no_listado
93,SNW110709AVQ,Limpieza,8,503451.71,62931.46,140617.57,43687.4,0.375,6,0,0,1,3,0.0,0.0,0,0,2243,7,453108.89,0.125,0.0,0,0,503451.71,0,no_listado
93,NOE040906KWM,Papeleria,3,138597.74,46199.25,60810.71,19902.84,0.0,3,0,0,0,0,0.0,0.0,0,0,1665,3,138597.74,0.0,0.0,0,0,138597.74,0,no_listado
93,RIV0706182QT,Seguridad,7,447060.72,63865.82,155538.62,41125.2,0.7143,5,0,0,1,3,0.0,0.0,0,0,1727,7,447060.72,0.0,0.0,0,0,447060.72,0,no_listado
93,VXA1901289S1,Tecnologia,3,183382.07,61127.36,90565.91,31527.52,0.3333,2,0,0,1,2,0.0,0.0,0,0,1134,3,183382.07,0.0,0.0,0,0,183382.07,0,no_listado
93,QXR1512288H8,Construccion,3,326645.71,108881.9,153653.33,63187.34,0.3333,2,1,1,1,3,0.0,0.0,0,0,220,3,326645.71,0.0,0.0,0,0,326645.71,0,no_listado
93,JSM170624JA4,Limpieza,4,274934.34,68733.59,125809.96,37213.75,0.75,4,1,1,1,4,0.25,0.0,0,0,1425,3,149124.38,0.25,0.0,0,0,274934.34,0,no_listado
93,CSU101027UD3,Consultoria,7,593860.51,84837.22,148885.4,46026.65,0.5714,4,0,0,0,0,0.0,0.0,1,1,167,7,593860.51,0.0,1.0,0,0,593860.51,1,definitivo
93,UIO060820KD6,Consultoria,1,1422391.37,1422391.37,1422391.37,0.0,1.0,1,1,1,0,0,0.0,0.0,0,0,1475,1,1422391.37,0.0,0.0,0,0,1422391.37,1,no_listado
93,OPQ250709A52,Papeleria,11,523744.49,47613.14,49175.39,761.73,0.7273,3,0,0,1,11,1.0,1.0,0,0,382,10,476826.26,0.0,1.0,0,0,523744.49,1,no_listado
93,MOC25061760J,Papeleria,4,153285.64,38321.41,84221.46,27126.21,0.5,3,0,0,1,4,1.0,0.0,0,0,1329,3,120808.04,0.25,0.0,0,0,153285.64,1,no_listado
93,BCI070423LD6,Seguridad,4,290007.05,72501.76,151734.16,48573.29,1.0,4,0,0,1,2,0.0,0.0,1,0,1494,4,290007.05,0.0,0.0,0,0,290007.05,0,desvirtuado
93,CVO0906297W6,Seguridad,3,53989.22,17996.41,18147.06,213.06,0.3333,2,1,1,1,2,0.5,0.0,1,0,272,3,53989.22,0.0,0.0,0,0,53989.22,0,desvirtuado
93,VOS120614SR6,Seguridad,6,453292.49,75548.75,129472.32,42650.56,0.5,5,1,1,1,2,0.0,0.0,1,0,2477,6,453292.49,0.0,0.0,0,0,453292.49,0,favorable
93,DPG151021FR0,Logistica,3,85078.8,28359.6,47051.25,13224.7,0.3333,2,1,1,1,2,0.5,0.0,1,0,344,3,85078.8,0.0,0.0,0,0,85078.8,0,favorable
93,BHE150518NM8,Seguridad,6,341802.66,56967.11,119814.9,38428.96,0.1667,3,1,1,1,3,0.0,0.0,1,0,981,5,249822.62,0.1667,0.0,0,0,341802.66,0,presunto
93,DCA2110122W3,Publicidad,7,563395.63,80485.09,161462.84,50967.88,0.8571,4,1,1,1,6,0.0,0.0,1,0,261,3,221173.51,0.5714,0.0,0,0,563395.63,0,presunto
93,KNS100301N34,Transporte,10,462759.9,46275.99,48588.78,1586.22,0.0,5,1,1,1,10,0.0,0.8,0,0,1699,9,414171.12,0.1,0.0,0,0,462759.9,0,no_listado
93,HUG070108LBC,Mantenimiento,1,9860.0,9860.0,9860.0,0.0,0.0,1,0,0,0,0,0.0,0.0,0,0,1223,1,9860.0,0.0,0.0,0,0,9860.0,0,no_listado
93,FFP0306041BA,Seguridad,8,556800.0,69600.0,69600.0,0.0,0.0,5,1,1,0,0,0.0,0.0,0,0,1249,8,556800.0,0.0,0.0,0,0,556800.0,0,no_listado
93,VNK260202HMG,Papeleria,4,46723.36,11680.84,13520.39,1100.84,0.0,3,1,1,0,0,0.0,0.0,0,0,2199,4,46723.36,0.0,0.0,0,0,46723.36,0,no_listado
93,JEH131102E52,Consultoria,6,333458.4,55576.4,62279.41,7429.08,0.0,4,1,1,0,0,0.0,0.0,0,0,2187,5,272054.1,0.1667,0.0,0,0,333458.4,0,no_listado
93,SDZ1212142F1,Construccion,9,464567.77,51618.64,76519.31,11929.22,0.0,6,1,1,1,9,0.0,0.1111,0,0,38,9,464567.77,0.0,0.0,0,0,464567.77,0,no_listado
93,LESR870508N69,Consultoria,5,202010.08,40402.02,44792.33,3682.16,0.0,4,1,1,0,0,0.0,0.0,1,0,2558,4,163001.89,0.2,0.0,0,0,202010.08,0,favorable
93,SON021022YAA,Limpieza,8,37882.9,4735.36,6656.13,1187.19,0.0,1,0,0,0,0,0.0,0.0,0,0,2457,8,37882.9,0.0,0.0,0,0,37882.9,0,no_listado
93,QVR020303ZQO,Mantenimiento,6,42481.74,7080.29,9352.87,1720.99,0.3333,3,1,1,1,6,1.0,0.0,0,0,1599,6,42481.74,0.0,0.0,0,0,42481.74,0,no_listado
94,RWP0408287XK,Papeleria,5,253502.05,50700.41,110193.4,33460.36,0.4,4,0,0,1,4,0.0,0.0,0,0,137,4,224901.45,0.2,0.0,0,0,253502.05,0,no_listado
94,LGT2506137WB,Tecnologia,5,329726.77,65945.35,141106.2,49163.28,0.4,2,0,0,1,3,0.3333,0.3333,0,0,1775,5,329726.77,0.0,0.0,0,0,329726.77,0,no_listado
94,NGC160619FWZ,Logistica,8,536870.21,67108.78,138589.07,38958.21,0.75,4,0,0,1,2,0.0,0.0,0,0,2235,4,309421.49,0.5,0.0,0,0,536870.21,0,no_listado
94,MSX240902O2V,Seguridad,6,348202.9,58033.82,139427.46,42063.37,0.6667,3,1,1,1,6,0.0,0.0,0,0,1039,5,297029.85,0.1667,0.0,0,0,348202.9,0,no_listado
94,TGL001220BSW,Publicidad,7,476803.99,68114.86,152079.77,37642.8,0.5714,4,1,1,1,7,0.2857,0.1429,0,0,983,6,428853.93,0.1429,0.0,0,0,476803.99,0,no_listado
94,FEF230207G4Y,Transporte,5,291298.57,58259.71,111669.79,30951.47,0.6,4,0,0,1,1,0.0,0.0,0,0,1408,3,217528.53,0.4,0.0,0,0,291298.57,0,no_listado
94,ZJS091206Q8V,Seguridad,5,459030.3,91806.06,151670.82,36821.88,0.6,3,1,1,1,5,0.2,0.0,0,0,1792,3,303707.47,0.2,0.0,0,0,459030.3,0,no_listado
94,EHU060907QVW,Tecnologia,5,524766.68,104953.34,170393.86,56991.14,0.4,3,1,1,1,5,0.0,0.0,0,0,475,3,378238.67,0.4,0.0,0,0,524766.68,0,no_listado
94,GKV1709212T7,Seguridad,7,476902.65,68128.95,134218.95,45475.04,0.4286,4,1,1,1,7,0.0,0.0,0,0,2461,7,476902.65,0.0,0.0,0,0,476902.65,0,no_listado
94,ABH110415K5D,Consultoria,4,530756.19,132689.05,161145.63,32424.15,0.75,4,0,0,1,1,0.0,0.0,0,0,1523,2,316095.12,0.5,0.0,0,0,530756.19,0,no_listado
94,JMR181222HT3,Consultoria,6,365435.14,60905.86,136880.86,45929.18,0.5,4,0,0,1,4,0.0,0.0,0,0,2478,6,365435.14,0.0,0.0,0,0,365435.14,0,no_listado
94,HSI210728LFY,Mantenimiento,8,755863.38,94482.92,168954.0,52136.5,0.5,4,1,1,1,8,0.125,0.125,0,0,2631,8,755863.38,0.0,0.0,0,0,755863.38,0,no_listado
94,TIK110804KD2,Consultoria,5,571433.4,114286.68,144272.63,24583.96,0.6,4,0,0,0,0,0.0,0.0,1,1,2153,5,571433.4,0.0,1.0,0,0,571433.4,1,definitivo
94,TMB1312277SD,Publicidad,1,980657.68,980657.68,980657.68,0.0,1.0,1,0,0,0,0,0.0,0.0,0,0,1653,1,980657.68,0.0,0.0,0,0,980657.68,1,no_listado
94,HOA150316POM,Papeleria,13,622948.72,47919.13,49258.72,839.69,0.5385,5,0,0,1,13,1.0,1.0,0,0,311,12,576441.71,0.0,1.0,0,0,622948.72,1,no_listado
94,NDK130409IFC,Consultoria,6,379415.71,63235.95,162545.24,51022.96,0.3333,5,0,0,1,6,1.0,0.0,0,0,1527,4,343440.61,0.3333,0.0,0,0,379415.71,1,no_listado
94,COM151021TR6,Construccion,3,165944.7,55314.9,120817.2,46482.61,0.6667,3,1,1,1,2,0.0,0.0,1,0,276,2,138581.43,0.3333,0.0,0,0,165944.7,0,desvirtuado
94,CEV910913QX0,Papeleria,7,321604.18,45943.45,104151.27,37128.88,0.5714,5,0,0,1,4,0.0,0.0,1,0,2067,6,302127.8,0.0,0.0,0,0,321604.18,0,desvirtuado
94,ILI120821TM2,Consultoria,3,192112.68,64037.56,92910.56,33288.09,0.6667,2,0,0,1,1,0.0,0.0,1,0,411,2,99202.12,0.3333,0.0,0,0,192112.68,0,favorable
94,DCU1103113H0,Publicidad,6,527134.92,87855.82,125450.0,28051.58,0.5,4,1,1,1,2,0.0,0.0,1,0,144,5,401684.92,0.1667,0.0,0,0,527134.92,0,favorable
94,GUCR810112FY4,Tecnologia,5,472300.19,94460.04,147616.0,62378.75,0.4,4,0,0,1,4,0.0,0.0,1,0,1854,3,311996.22,0.4,0.0,0,0,472300.19,0,presunto
94,PVC080408JZ4,Publicidad,6,668133.46,111355.58,170583.05,27492.28,0.3333,5,0,0,1,4,0.0,0.0,1,0,2371,4,400179.48,0.3333,0.0,0,0,668133.46,0,presunto
94,NDT0208117VF,Transporte,10,442701.89,44270.19,48566.53,2626.75,0.0,5,1,1,1,10,0.0,0.3,0,0,1731,8,352373.53,0.0,0.0,0,0,442701.89,0,no_listado
94,FAP1511017M4,Mantenimiento,1,9860.0,9860.0,9860.0,0.0,0.0,1,0,0,0,0,0.0,0.0,0,0,1259,1,9860.0,0.0,0.0,0,0,9860.0,0,no_listado
94,SNY020322SS6,Seguridad,8,556800.0,69600.0,69600.0,0.0,0.0,6,1,1,0,0,0.0,0.0,0,0,1249,7,487200.0,0.0,0.0,0,0,556800.0,0,no_listado
94,BRU031203CWQ,Papeleria,4,52550.57,13137.64,13984.98,926.08,0.0,4,1,1,0,0,0.0,0.0,0,0,2170,3,38846.9,0.25,0.0,0,0,52550.57,0,no_listado
94,VNV200721CUI,Consultoria,6,298742.0,49790.33,60356.15,5284.91,0.0,4,1,1,0,0,0.0,0.0,0,0,2185,6,298742.0,0.0,0.0,0,0,298742.0,0,no_listado
94,SOQ2602197BU,Construccion,9,575573.62,63952.62,80707.74,13965.19,0.0,4,1,1,1,9,0.0,0.0,0,0,85,8,501315.92,0.1111,0.0,0,0,575573.62,0,no_listado
94,CSA96011168A,Consultoria,5,163656.22,32731.24,43075.18,6305.17,0.0,3,1,1,0,0,0.0,0.0,1,0,2626,5,163656.22,0.0,0.0,0,0,163656.22,0,favorable
94,TFV0507164S5,Limpieza,8,38692.83,4836.6,6289.79,1279.93,0.0,1,0,0,0,0,0.0,0.0,0,0,2490,8,38692.83,0.0,0.0,0,0,38692.83,0,no_listado
94,IZL240409LR3,Mantenimiento,6,49216.51,8202.75,9525.03,889.31,0.5,5,1,1,1,6,1.0,0.0,0,0,1662,6,49216.51,0.0,0.0,0,0,49216.51,0,no_listado
95,TRF260201T95,Mantenimiento,6,542324.72,90387.45,131297.99,35202.95,0.5,4,1,1,1,6,0.0,0.1667,0,0,1171,5,495450.91,0.1667,0.0,0,0,542324.72,0,no_listado
95,YOQ0403021I8,Logistica,6,368747.38,61457.9,161783.69,49153.87,0.3333,3,1,1,1,6,0.0,0.1667,0,0,1791,5,319694.68,0.1667,0.0,0,0,368747.38,0,no_listado
95,UYI1804208GS,Consultoria,3,271413.5,90471.17,159574.39,57980.17,0.6667,2,0,0,1,2,0.0,0.0,0,0,1645,3,271413.5,0.0,0.0,0,0,271413.5,0,no_listado
95,EIS181213ZNB,Construccion,6,537772.13,89628.69,168392.37,42795.6,0.3333,3,1,1,1,6,0.3333,0.0,0,0,908,6,537772.13,0.0,0.0,0,0,537772.13,0,no_listado
95,MJY070824420,Construccion,5,494222.79,98844.56,159461.66,45585.99,0.2,2,1,1,1,5,0.2,0.0,0,0,1169,5,494222.79,0.0,0.0,0,0,494222.79,0,no_listado
95,OAH061001K5L,Publicidad,7,425371.74,60767.39,111796.54,31044.91,0.8571,4,1,1,1,7,0.1429,0.1429,0,0,227,4,288254.53,0.4286,0.0,0,0,425371.74,0,no_listado
95,QDC050528N2P,Seguridad,3,168572.32,56190.77,82570.18,27621.16,0.3333,3,1,1,1,3,0.0,0.0,0,0,1594,3,168572.32,0.0,0.0,0,0,168572.32,0,no_listado
95,VXH030906N8H,Tecnologia,9,611054.56,67894.95,171772.15,49999.18,0.3333,5,0,0,1,4,0.0,0.0,0,0,2000,8,591328.27,0.0,0.0,0,0,611054.56,0,no_listado
95,HBD220712U6S,Logistica,5,353997.33,70799.47,135391.64,50274.55,0.0,4,1,1,1,5,0.4,0.0,0,0,236,4,293743.23,0.2,0.0,0,0,353997.33,0,no_listado
95,HWK180206W2U,Publicidad,7,662008.99,94572.71,156180.67,46277.01,0.5714,5,1,1,1,7,0.0,0.0,0,0,2080,6,537753.51,0.1429,0.0,0,0,662008.99,0,no_listado
95,CWR0908264ZQ,Seguridad,9,849508.41,94389.82,139940.8,30639.84,0.4444,6,0,0,1,5,0.2,0.0,0,0,1809,8,741207.05,0.1111,0.0,0,0,849508.41,0,no_listado
95,HXC26101640F,Transporte,7,271617.75,38802.54,73791.74,22129.75,0.5714,5,0,0,1,3,0.0,0.0,0,0,47,4,154361.78,0.4286,0.0,0,0,271617.75,0,no_listado
95,GGO130727EI8,Consultoria,7,618829.01,88404.14,170413.54,47569.62,0.4286,3,1,1,0,0,0.0,0.0,1,1,142,7,618829.01,0.0,1.0,0,0,618829.01,1,definitivo
95,MOX251107ODH,Transporte,1,1647877.66,1647877.66,1647877.66,0.0,0.0,1,0,0,0,0,0.0,0.0,0,0,2700,1,1647877.66,0.0,0.0,0,0,1647877.66,1,no_listado
95,HAG150324UF6,Transporte,10,477599.76,47759.98,49744.71,1212.7,0.5,5,1,1,1,10,1.0,1.0,0,0,2304,10,477599.76,0.0,1.0,0,0,477599.76,1,no_listado
95,ZAR190207HPD,Logistica,5,516633.18,103326.64,141886.68,33160.28,0.8,4,0,0,1,5,1.0,0.2,0,0,988,5,516633.18,0.0,0.0,0,0,516633.18,1,no_listado
95,MCM140507LUA,Seguridad,6,563282.83,93880.47,167910.15,53399.31,0.3333,3,1,1,1,1,1.0,0.0,1,0,1827,6,563282.83,0.0,0.0,0,0,563282.83,0,desvirtuado
95,MIN110330C22,Seguridad,4,204457.01,51114.25,149598.39,56862.28,0.25,2,0,0,1,1,1.0,0.0,1,0,1985,2,168588.24,0.5,0.0,0,0,204457.01,0,desvirtuado
95,CSA96011168A,Tecnologia,6,410178.93,68363.15,118982.07,39395.93,0.3333,4,1,1,1,4,0.0,0.0,1,0,1547,5,390636.1,0.1667,0.0,0,0,410178.93,0,favorable
95,VEM1310106H6,Transporte,3,172490.05,57496.68,95375.64,30829.93,0.3333,3,1,1,1,1,0.0,0.0,1,0,1750,3,172490.05,0.0,0.0,0,0,172490.05,0,favorable
95,GARD980415T57,Construccion,7,539792.53,77113.22,141334.71,44968.51,0.4286,4,1,1,1,3,0.3333,0.0,1,0,1017,6,520834.58,0.1429,0.0,0,0,539792.53,0,presunto
95,BADE9011054G0,Papeleria,5,302333.88,60466.78,121449.19,33439.83,0.2,3,0,0,1,3,0.0,0.0,1,0,1764,4,283562.04,0.2,0.0,0,0,302333.88,0,presunto
95,DNU100609O2B,Transporte,10,440189.85,44018.99,47109.69,2276.47,0.0,4,1,1,1,10,0.0,0.3,0,0,1723,8,349164.23,0.1,0.0,0,0,440189.85,0,no_listado
95,EMF200513Z4L,Mantenimiento,1,9860.0,9860.0,9860.0,0.0,0.0,1,0,0,0,0,0.0,0.0,0,0,1218,1,9860.0,0.0,0.0,0,1,9860.0,0,no_listado
95,JVP120618TFL,Seguridad,8,556800.0,69600.0,69600.0,0.0,0.0,5,1,1,0,0,0.0,0.0,0,0,1249,8,556800.0,0.0,0.0,0,0,556800.0,0,no_listado
95,YPQ200402ZXU,Papeleria,4,55918.22,13979.56,16640.2,1933.71,0.0,4,1,1,0,0,0.0,0.0,0,0,2144,4,55918.22,0.0,0.0,0,0,55918.22,0,no_listado
95,TRC080724Z5X,Consultoria,6,324836.63,54139.44,57400.47,2931.78,0.0,4,1,1,0,0,0.0,0.0,0,0,2183,5,271892.93,0.0,0.0,0,0,324836.63,0,no_listado
95,GLU1009174MJ,Construccion,9,498783.21,55420.36,79176.99,15129.46,0.0,6,1,1,1,9,0.0,0.1111,0,0,146,9,498783.21,0.0,0.0,0,0,498783.21,0,no_listado
95,TCO130614783,Consultoria,5,162395.06,32479.01,43060.8,6613.46,0.0,3,1,1,0,0,0.0,0.0,1,0,2609,5,162395.06,0.0,0.0,0,0,162395.06,0,favorable
95,WYF020317QVK,Limpieza,8,36554.56,4569.32,6860.52,1703.98,0.0,1,0,0,0,0,0.0,0.0,0,0,2416,8,36554.56,0.0,0.0,0,0,36554.56,0,no_listado
95,VYX1207018RT,Mantenimiento,6,47983.65,7997.28,9449.75,1110.12,0.5,3,1,1,1,6,1.0,0.0,0,0,1587,4,30522.2,0.1667,0.0,0,0,47983.65,0,no_listado
96,QKC181028K01,Transporte,9,702540.72,78060.08,143689.21,54556.48,0.4444,4,0,0,1,3,0.0,0.0,0,0,255,8,568022.68,0.1111,0.0,0,0,702540.72,0,no_listado
96,GHD171025GIT,Seguridad,9,538877.13,59875.24,151311.43,50311.74,0.4444,6,1,1,1,9,0.2222,0.0,0,0,1971,9,538877.13,0.0,0.0,0,0,538877.13,0,no_listado
96,QPH0511064QL,Limpieza,9,594804.35,66089.37,154650.68,47070.29,0.4444,4,1,1,1,9,0.1111,0.0,0,0,226,7,421626.42,0.2222,0.0,0,0,594804.35,0,no_listado
96,JHK000227QGY,Mantenimiento,4,490494.14,122623.53,161390.46,59837.68,0.75,3,0,0,1,1,1.0,0.0,0,0,1085,4,490494.14,0.0,0.0,0,0,490494.14,0,no_listado
96,LCY0205219KW,Seguridad,4,211742.91,52935.73,143699.41,52638.11,0.75,3,1,1,1,4,0.0,0.0,0,0,2039,2,49827.31,0.5,0.0,0,0,211742.91,0,no_listado
96,BZX020528O9C,Tecnologia,5,445048.63,89009.73,165633.36,50675.47,0.4,4,1,1,1,5,0.2,0.0,0,0,1831,5,445048.63,0.0,0.0,0,0,445048.63,0,no_listado
96,IMQ250926ZED,Limpieza,8,793728.13,99216.02,164782.01,47392.17,0.5,5,0,0,1,4,0.0,0.0,0,0,1300,7,697177.13,0.125,0.0,0,0,793728.13,0,no_listado
96,RAV0709278AE,Limpieza,4,309302.41,77325.6,158299.2,61078.67,0.25,2,1,1,1,4,0.0,0.0,0,0,204,3,151003.21,0.25,0.0,0,0,309302.41,0,no_listado
96,XBM020128B4Y,Limpieza,5,237511.38,47502.28,82030.77,24760.86,0.6,5,1,1,1,5,0.0,0.0,0,0,2418,5,237511.38,0.0,0.0,0,0,237511.38,0,no_listado
96,WFD22122691L,Consultoria,4,316912.17,79228.04,115279.32,37853.82,0.75,3,1,1,1,4,0.0,0.0,0,0,1265,4,316912.17,0.0,0.0,0,0,316912.17,0,no_listado
96,OWX160319DSP,Limpieza,4,240991.5,60247.88,121166.86,37859.92,0.5,3,0,0,1,3,0.0,0.3333,0,0,1497,3,193687.48,0.25,0.0,0,0,240991.5,0,no_listado
96,LFB150807MKU,Papeleria,8,858090.14,107261.27,169750.06,47273.24,0.625,5,0,0,1,2,0.0,0.0,0,0,1158,6,738100.45,0.25,0.0,0,0,858090.14,0,no_listado
96,BAS100127RZA,Consultoria,6,430924.3,71820.72,156910.46,53961.55,0.3333,5,0,0,0,0,0.0,0.0,1,1,94,6,430924.3,0.0,1.0,0,0,430924.3,1,definitivo
96,IRV120826HO1,Mantenimiento,1,1151467.05,1151467.05,1151467.05,0.0,0.0,1,0,0,0,0,0.0,0.0,0,0,2248,1,1151467.05,0.0,0.0,0,0,1151467.05,1,no_listado
96,MIQ021118MD1,Seguridad,12,577321.76,48110.15,49567.51,1047.87,0.3333,5,0,0,1,12,1.0,1.0,0,0,841,12,577321.76,0.0,1.0,0,0,577321.76,1,no_listado
96,PDG210326RIN,Transporte,6,739753.49,123292.25,171635.31,54174.98,0.6667,5,0,0,1,6,1.0,0.0,0,0,615,6,739753.49,0.0,0.0,0,0,739753.49,1,no_listado
96,BAS121220DU9,Publicidad,5,367128.3,73425.66,124866.44,46099.54,0.6,3,1,1,1,3,0.0,0.0,1,0,286,4,349045.04,0.2,0.0,0,0,367128.3,0,desvirtuado
96,REA120827NZ8,Seguridad,5,362207.36,72441.47,171952.74,55381.17,0.4,4,0,0,1,1,0.0,0.0,1,0,1479,4,340497.75,0.2,0.0,0,0,362207.36,0,desvirtuado
96,MRI130503PC9,Limpieza,3,221391.44,73797.15,159978.5,61738.48,0.6667,2,1,1,1,2,0.0,0.0,1,0,1146,3,221391.44,0.0,0.0,0,0,221391.44,0,favorable
96,ASC120511FV8,Papeleria,6,788340.44,131390.07,173658.65,34494.95,0.6667,4,1,1,1,2,0.0,0.0,1,0,929,6,788340.44,0.0,0.0,0,0,788340.44,0,favorable
96,REVS591222A30,Papeleria,7,335195.26,47885.04,104666.16,29372.92,0.7143,5,0,0,1,4,0.5,0.25,1,0,142,2,109521.97,0.7143,0.0,0,0,335195.26,0,presunto
96,CCD180507T46,Tecnologia,7,562928.06,80418.29,156151.67,48135.45,0.5714,4,1,1,1,4,0.0,0.0,1,0,1883,1,18567.13,0.8571,0.0,0,0,562928.06,0,presunto
96,AXX160621K93,Transporte,10,463564.32,46356.43,48255.72,2263.68,0.0,5,1,1,1,10,0.0,0.7,0,0,1706,8,372811.36,0.1,0.0,0,0,463564.32,0,no_listado
96,YZL060409DOK,Mantenimiento,1,9860.0,9860.0,9860.0,0.0,0.0,1,0,0,0,0,0.0,0.0,0,0,1192,1,9860.0,0.0,0.0,0,0,9860.0,0,no_listado
96,TXN020626M8G,Seguridad,8,556800.0,69600.0,69600.0,0.0,0.0,6,1,1,0,0,0.0,0.0,0,0,1249,7,487200.0,0.0,0.0,0,0,556800.0,0,no_listado
96,DGG26022308D,Papeleria,4,56083.46,14020.87,15505.02,1418.03,0.0,3,1,1,0,0,0.0,0.0,0,0,2179,4,56083.46,0.0,0.0,0,0,56083.46,0,no_listado
96,EKC000710892,Consultoria,6,310333.7,51722.28,60572.83,6255.0,0.0,4,1,1,0,0,0.0,0.0,0,0,2194,6,310333.7,0.0,0.0,0,0,310333.7,0,no_listado
96,QHY100918HWE,Construccion,9,489988.83,54443.2,78385.26,11803.49,0.0,5,1,1,1,9,0.0,0.1111,0,0,96,8,448555.37,0.1111,0.0,0,0,489988.83,0,no_listado
96,DOM1503103N6,Consultoria,5,171545.37,34309.07,43190.72,6607.84,0.0,3,1,1,0,0,0.0,0.0,1,0,2622,5,171545.37,0.0,0.0,0,0,171545.37,0,favorable
96,DQV230202RED,Limpieza,8,37440.75,4680.09,6885.02,1183.35,0.0,1,0,0,0,0,0.0,0.0,0,0,2428,8,37440.75,0.0,0.0,0,0,37440.75,0,no_listado
96,YMJ070520CZK,Mantenimiento,6,42922.87,7153.81,9527.59,1726.05,0.5,5,1,1,1,6,1.0,0.0,0,0,1593,6,42922.87,0.0,0.0,0,1,42922.87,0,no_listado
97,GVA100527J6V,Seguridad,7,446508.08,63786.87,169344.55,52783.4,0.5714,4,1,1,1,7,0.0,0.0,0,0,2069,6,428429.06,0.1429,0.0,0,0,446508.08,0,no_listado
97,HPR1310048T1,Construccion,6,458135.33,76355.89,172795.65,51797.93,0.6667,4,0,0,1,3,0.0,0.0,0,0,1687,3,162817.65,0.5,0.0,0,0,458135.33,0,no_listado
97,KGW251005JLC,Construccion,8,699054.24,87381.78,170953.74,47785.62,0.5,5,1,1,1,8,0.25,0.0,0,0,250,5,436405.26,0.375,0.0,0,0,699054.24,0,no_listado
97,JLS1003076F8,Publicidad,5,544008.8,108801.76,165403.87,52621.99,0.6,3,0,0,1,3,0.3333,0.0,0,0,218,4,395458.61,0.2,0.0,0,0,544008.8,0,no_listado
97,CSA100121LDL,Seguridad,9,681478.64,75719.85,130939.36,37922.12,0.4444,5,1,1,1,9,0.0,0.0,0,0,1794,7,469211.44,0.2222,0.0,0,0,681478.64,0,no_listado
97,YFW09122003Q,Limpieza,3,310716.8,103572.27,160402.93,48427.22,0.3333,3,1,1,1,3,0.0,0.0,0,0,1472,1,160402.93,0.6667,0.0,0,0,310716.8,0,no_listado
97,CCS060712LW7,Seguridad,9,778010.02,86445.56,129661.09,48296.58,0.3333,6,1,1,1,9,0.1111,0.0,0,0,2171,9,778010.02,0.0,0.0,0,0,778010.02,0,no_listado
97,VOU261108NHJ,Tecnologia,8,691311.58,86413.95,158818.35,36082.13,0.25,5,0,0,1,5,0.0,0.0,0,0,1594,8,691311.58,0.0,0.0,0,0,691311.58,0,no_listado
97,JHN090827XPT,Papeleria,8,469190.48,58648.81,119870.73,29608.61,0.5,5,0,0,1,6,0.1667,0.1667,0,0,484,7,423946.87,0.125,0.0,0,0,469190.48,0,no_listado
97,VKE090425DN4,Publicidad,5,358433.27,71686.65,117400.89,37058.05,0.8,2,1,1,1,5,0.2,0.0,0,0,2124,4,338877.14,0.2,0.0,0,0,358433.27,0,no_listado
97,QJW1307087QF,Publicidad,6,261993.03,43665.5,128622.84,41413.66,0.5,4,1,1,1,6,0.3333,0.0,0,0,819,6,261993.03,0.0,0.0,0,0,261993.03,0,no_listado
97,KDO250728VKZ,Transporte,7,824397.03,117771.0,166131.14,56563.04,0.4286,4,0,0,1,3,0.0,0.0,0,0,2114,6,696868.46,0.1429,0.0,0,0,824397.03,0,no_listado
97,RTM150318KC7,Consultoria,5,321620.04,64324.01,127693.28,42401.93,0.8,3,1,1,0,0,0.0,0.0,1,1,99,5,321620.04,0.0,1.0,0,0,321620.04,1,definitivo
97,JWT1603061WD,Construccion,1,1466800.71,1466800.71,1466800.71,0.0,0.0,1,1,1,0,0,0.0,0.0,0,0,379,1,1466800.71,0.0,0.0,0,0,1466800.71,1,no_listado
97,JNT071111TIB,Publicidad,13,619294.06,47638.0,48961.31,846.02,0.5385,6,0,0,1,13,1.0,1.0,0,0,224,12,571646.36,0.0,1.0,0,0,619294.06,1,no_listado
97,EII030309HUU,Tecnologia,4,253191.72,63297.93,85516.2,26561.71,0.25,3,0,0,1,4,1.0,0.0,0,0,2325,4,253191.72,0.0,0.0,0,0,253191.72,1,no_listado
97,LSO120427L51,Limpieza,4,310666.37,77666.59,136989.25,58180.22,0.5,4,0,0,1,3,0.0,0.0,1,0,1501,3,291431.93,0.25,0.0,0,0,310666.37,0,desvirtuado
97,DDA110927BT7,Mantenimiento,6,500103.81,83350.63,157336.37,45119.24,0.6667,4,1,1,1,4,0.25,0.25,1,0,1843,5,405497.83,0.1667,0.0,0,0,500103.81,0,desvirtuado
97,VID140814UA3,Construccion,5,213032.04,42606.41,97826.27,32085.1,0.2,3,0,0,1,2,0.0,0.0,1,0,711,5,213032.04,0.0,0.0,0,0,213032.04,0,favorable
97,ONE121202FA7,Consultoria,6,189991.27,31665.21,59847.33,15516.48,0.5,4,1,1,1,3,0.0,0.0,1,0,556,5,170514.89,0.1667,0.0,0,0,189991.27,0,favorable
97,FOCR750112PF7,Tecnologia,5,714453.64,142890.73,167703.33,29993.2,0.6,3,0,0,1,1,0.0,0.0,1,0,79,4,559244.68,0.2,0.0,0,0,714453.64,0,presunto
97,OIJF901201JJ1,Transporte,6,497142.95,82857.16,135566.81,43976.54,0.1667,3,0,0,1,2,0.5,0.0,1,0,141,4,344957.06,0.3333,0.0,0,0,497142.95,0,presunto
97,LLK050520RT9,Transporte,10,446224.8,44622.48,47778.0,2437.4,0.0,6,1,1,1,10,0.0,0.5,0,0,1722,8,351819.09,0.1,0.0,0,0,446224.8,0,no_listado
97,JQL260616V99,Mantenimiento,1,9860.0,9860.0,9860.0,0.0,0.0,1,0,0,0,0,0.0,0.0,0,0,1268,1,9860.0,0.0,0.0,0,0,9860.0,0,no_listado
97,OMQ120824ZTC,Seguridad,8,556800.0,69600.0,69600.0,0.0,0.0,5,1,1,0,0,0.0,0.0,0,0,1249,7,487200.0,0.0,0.0,0,0,556800.0,0,no_listado
97,SJE040709CWR,Papeleria,4,52064.29,13016.07,15447.04,1571.44,0.0,4,1,1,0,0,0.0,0.0,0,0,2152,4,52064.29,0.0,0.0,0,0,52064.29,0,no_listado
97,BMK000122JPG,Consultoria,6,305648.52,50941.42,61720.64,8090.51,0.0,3,1,1,0,0,0.0,0.0,0,0,2284,6,305648.52,0.0,0.0,0,0,305648.52,0,no_listado
97,DBK200823WFE,Construccion,9,571083.12,63453.68,79504.14,13314.32,0.0,5,1,1,1,9,0.0,0.0,0,0,135,8,520525.61,0.1111,0.0,0,0,571083.12,0,no_listado
97,ICF100505IC6,Consultoria,5,154859.69,30971.94,43239.59,6945.62,0.0,3,1,1,0,0,0.0,0.0,1,0,2586,5,154859.69,0.0,0.0,0,0,154859.69,0,favorable
97,CUQ2309067N7,Limpieza,8,34825.85,4353.23,6936.6,1443.24,0.0,1,0,0,0,0,0.0,0.0,0,0,2446,8,34825.85,0.0,0.0,0,0,34825.85,0,no_listado
97,OWW05111373G,Mantenimiento,6,49536.11,8256.02,9294.62,842.33,0.5,4,1,1,1,6,1.0,0.0,0,0,1601,5,40518.61,0.1667,0.0,0,0,49536.11,0,no_listado
98,IFI120313NB5,Transporte,6,480990.43,80165.07,137902.37,45877.94,0.6667,4,0,0,1,2,0.0,0.0,0,0,1051,4,245832.39,0.3333,0.0,0,0,480990.43,0,no_listado
98,NMH241011CUY,Papeleria,4,316642.42,79160.6,107959.04,22280.51,0.25,3,0,0,1,3,0.0,0.3333,0,0,402,4,316642.42,0.0,0.0,0,0,316642.42,0,no_listado
98,SYC150114RQ9,Consultoria,9,688348.54,76483.17,170117.71,54926.15,0.6667,4,1,1,1,9,0.1111,0.0,0,0,1091,9,688348.54,0.0,0.0,0,0,688348.54,0,no_listado
98,FQP061126TZZ,Transporte,9,745524.27,82836.03,162485.58,55778.44,0.7778,5,1,1,1,9,0.1111,0.0,0,0,1983,8,637041.64,0.1111,0.0,0,0,745524.27,0,no_listado
98,VIE031211C0Q,Tecnologia,7,812901.73,116128.82,168735.95,45880.89,0.1429,4,1,1,1,7,0.0,0.0,0,0,947,6,725483.04,0.1429,0.0,0,0,812901.73,0,no_listado
98,EGR250514A9M,Publicidad,7,302004.87,43143.55,143598.99,42489.13,0.5714,5,0,0,1,2,0.0,0.0,0,0,2444,5,267141.07,0.0,0.0,0,0,302004.87,0,no_listado
98,HOF01022129B,Papeleria,6,383567.57,63927.93,162509.92,54272.76,0.6667,3,1,1,1,6,0.0,0.0,0,0,2552,6,383567.57,0.0,0.0,0,0,383567.57,0,no_listado
98,BRI100705JXR,Seguridad,4,339795.27,84948.82,111796.54,25105.78,0.5,3,0,0,1,2,0.0,0.0,0,0,228,3,277552.52,0.25,0.0,0,0,339795.27,0,no_listado
98,RPB170301MAE,Mantenimiento,4,286783.29,71695.82,87709.9,17321.73,0.25,4,0,0,1,2,0.0,0.0,0,0,1161,4,286783.29,0.0,0.0,0,0,286783.29,0,no_listado
98,MIR231021AGD,Consultoria,8,506219.46,63277.43,166988.17,48760.61,0.5,4,1,1,1,8,0.125,0.125,0,0,1815,6,442350.24,0.25,0.0,0,0,506219.46,0,no_listado
98,QMS220103J6B,Papeleria,6,494476.72,82412.79,133676.17,41730.05,0.6667,3,1,1,1,6,0.0,0.0,0,0,2510,6,494476.72,0.0,0.0,0,0,494476.72,0,no_listado
98,EWV181127T83,Construccion,9,661030.35,73447.82,114537.56,33211.4,0.7778,5,1,1,1,9,0.1111,0.2222,0,0,727,7,529779.15,0.2222,0.0,0,0,661030.35,0,no_listado
98,HID1011192T2,Consultoria,7,438066.13,62580.88,128057.81,41913.51,0.8571,3,0,0,0,0,0.0,0.0,1,1,274,6,391932.16,0.1429,1.0,0,0,438066.13,1,definitivo
98,POR030513JWS,Papeleria,1,1232901.41,1232901.41,1232901.41,0.0,0.0,1,0,0,0,0,0.0,0.0,0,0,203,1,1232901.41,0.0,0.0,0,0,1232901.41,1,no_listado
98,ULJ010519LMW,Papeleria,11,532511.15,48410.1,49468.77,908.46,0.6364,5,0,0,1,11,1.0,1.0,0,0,1934,11,532511.15,0.0,1.0,0,0,532511.15,1,no_listado
98,VNJ150213G3J,Publicidad,4,142109.21,35527.3,66388.19,19139.58,0.25,4,0,0,1,4,1.0,0.0,0,0,238,4,142109.21,0.0,0.0,0,0,142109.21,1,no_listado
98,CBM140913566,Limpieza,7,475467.65,67923.95,163222.5,51033.86,0.4286,5,0,0,1,3,0.3333,0.0,1,0,2447,7,475467.65,0.0,0.0,0,0,475467.65,0,desvirtuado
98,PIA980421QT4,Papeleria,5,236404.9,47280.98,76172.08,24655.28,1.0,2,0,0,1,2,0.0,0.0,1,0,1478,4,216394.15,0.2,0.0,0,0,236404.9,0,desvirtuado
98,OCO150513G61,Papeleria,6,395343.42,65890.57,155208.96,55701.19,0.5,4,1,1,1,2,0.0,0.0,1,0,740,5,376571.58,0.1667,0.0,0,0,395343.42,0,favorable
98,SAM14022451A,Papeleria,3,238101.77,79367.26,119554.37,28721.62,0.0,3,0,0,1,1,0.0,0.0,1,0,1715,3,238101.77,0.0,0.0,0,0,238101.77,0,favorable
98,AAC1805044A8,Mantenimiento,5,392961.22,78592.24,120844.93,32757.07,0.4,5,1,1,1,2,0.0,0.0,1,0,90,4,333002.22,0.2,0.0,0,0,392961.22,0,presunto
98,GCE200401FF1,Mantenimiento,4,286536.56,71634.14,107696.98,32951.22,0.5,4,1,1,1,3,0.3333,0.0,1,0,1218,3,196852.22,0.25,0.0,0,0,286536.56,0,presunto
98,GKH130507JF1,Transporte,10,456692.02,45669.2,48572.55,2642.77,0.0,5,1,1,1,10,0.0,0.6,0,0,1769,7,317771.68,0.0,0.0,0,0,456692.02,0,no_listado
98,XCS150820KC6,Mantenimiento,1,9860.0,9860.0,9860.0,0.0,0.0,1,0,0,0,0,0.0,0.0,0,0,1100,1,9860.0,0.0,0.0,0,0,9860.0,0,no_listado
98,YDH110404BT6,Seguridad,8,556800.0,69600.0,69600.0,0.0,0.0,4,1,1,0,0,0.0,0.0,0,0,1249,5,348000.0,0.0,0.0,0,0,556800.0,0,no_listado
98,ENO1505113J1,Papeleria,4,59492.24,14873.06,15405.46,398.2,0.0,3,1,1,0,0,0.0,0.0,0,0,2154,2,28980.83,0.5,0.0,0,0,59492.24,0,no_listado
98,YLD091006G82,Consultoria,6,302121.1,50353.52,63323.39,7044.52,0.0,3,1,1,0,0,0.0,0.0,0,0,2184,5,249402.35,0.1667,0.0,0,0,302121.1,0,no_listado
98,HIL140804W42,Construccion,9,543769.36,60418.82,78409.9,10615.83,0.0,6,1,1,1,9,0.0,0.1111,0,0,34,7,429722.64,0.2222,0.0,0,0,543769.36,0,no_listado
98,BME140814AC7,Consultoria,5,166268.7,33253.74,46256.44,7154.7,0.0,5,1,1,0,0,0.0,0.0,1,0,2569,4,120012.26,0.2,0.0,0,0,166268.7,0,favorable
98,FTF1707058YP,Limpieza,8,31445.77,3930.72,5941.68,1069.27,0.0,1,0,0,0,0,0.0,0.0,0,0,2444,8,31445.77,0.0,0.0,0,0,31445.77,0,no_listado
98,KVF1902118DW,Mantenimiento,6,41303.0,6883.83,9678.98,1347.42,0.8333,3,1,1,1,6,1.0,0.0,0,0,1592,6,41303.0,0.0,0.0,0,0,41303.0,0,no_listado
99,CRH140901HV5,Logistica,3,309667.92,103222.64,171709.95,50064.27,0.6667,2,0,0,1,1,0.0,0.0,0,0,207,2,225140.22,0.3333,0.0,0,0,309667.92,0,no_listado
99,BWY130426MH5,Transporte,6,351194.14,58532.36,160550.65,58232.03,0.8333,5,0,0,1,2,0.5,0.0,0,0,248,5,331946.41,0.1667,0.0,0,0,351194.14,0,no_listado
99,TFK2401111MT,Papeleria,5,311490.67,62298.13,122316.51,39903.1,0.2,3,1,1,1,5,0.2,0.0,0,0,262,4,231982.33,0.2,0.0,0,0,311490.67,0,no_listado
99,EAJ250910SH5,Seguridad,5,401954.57,80390.91,145543.62,52619.15,0.4,3,1,1,1,5,0.2,0.0,0,0,2303,3,364810.31,0.4,0.0,0,0,401954.57,0,no_listado
99,HUI0510041AB,Limpieza,6,470950.27,78491.71,170413.54,52385.06,0.3333,4,0,0,1,3,0.0,0.3333,0,0,2029,4,231554.42,0.3333,0.0,0,0,470950.27,0,no_listado
99,CLQ0504245NG,Tecnologia,9,807980.32,89775.59,163982.47,54892.72,0.5556,5,1,1,1,9,0.0,0.0,0,0,1735,9,807980.32,0.0,0.0,0,0,807980.32,0,no_listado
99,PGD251101C1D,Consultoria,8,566502.43,70812.8,159449.41,56887.28,1.0,4,1,1,1,8,0.0,0.0,0,0,2362,6,249965.59,0.25,0.0,0,0,566502.43,0,no_listado
99,CMA110613P8J,Construccion,9,658417.29,73157.48,117520.53,32812.95,0.5556,5,0,0,1,3,0.0,0.0,0,0,2474,6,400122.42,0.3333,0.0,0,0,658417.29,0,no_listado
99,IQH020108RUG,Mantenimiento,6,376138.35,62689.72,121659.98,38733.9,0.3333,4,0,0,1,5,0.0,0.0,0,0,1306,3,178308.74,0.5,0.0,0,0,376138.35,0,no_listado
99,MYG02100935V,Logistica,9,515955.06,57328.34,155480.14,53520.91,0.6667,5,0,0,1,5,0.0,0.0,0,0,2208,8,498555.06,0.1111,0.0,0,0,515955.06,0,no_listado
99,WJF220704TL0,Limpieza,7,415730.6,59390.09,141348.87,48289.15,0.7143,3,1,1,1,7,0.1429,0.0,0,0,2213,7,415730.6,0.0,0.0,0,0,415730.6,0,no_listado
99,FOJ0404116I6,Publicidad,7,518192.38,74027.48,160622.83,57592.86,0.7143,5,1,1,1,7,0.1429,0.0,0,0,1137,6,499255.7,0.1429,0.0,0,0,518192.38,0,no_listado
99,EMR180820MJ2,Consultoria,7,640195.33,91456.48,171658.35,58273.52,0.7143,4,1,1,0,0,0.0,0.0,1,1,280,6,615070.65,0.1429,1.0,0,0,640195.33,1,definitivo
99,SGC240615Y4N,Mantenimiento,1,1464970.86,1464970.86,1464970.86,0.0,1.0,1,0,0,0,0,0.0,0.0,0,0,189,1,1464970.86,0.0,0.0,0,0,1464970.86,1,no_listado
99,SDI070306WNV,Transporte,14,677244.63,48374.62,49487.64,764.28,0.5714,5,0,0,1,14,1.0,1.0,0,0,221,13,629251.64,0.0,1.0,0,0,677244.63,1,no_listado
99,ODI2205052VB,Logistica,6,501309.91,83551.65,116840.92,33722.37,0.5,4,0,0,1,6,1.0,0.0,0,0,180,5,419602.85,0.1667,0.0,0,0,501309.91,1,no_listado
99,VDI020717A51,Mantenimiento,6,587796.38,97966.06,167299.74,49057.36,0.3333,4,1,1,1,3,0.0,0.0,1,0,1752,4,403032.83,0.3333,0.0,0,0,587796.38,0,desvirtuado
99,OCB110707GK1,Publicidad,6,430897.17,71816.19,125295.78,42840.53,0.3333,3,0,0,1,4,0.0,0.0,1,0,1960,5,412223.7,0.1667,0.0,0,0,430897.17,0,desvirtuado
99,CSA96011168A,Construccion,6,408703.94,68117.32,162022.97,55359.24,0.5,4,1,1,1,2,0.0,0.0,1,0,1838,5,354753.18,0.1667,0.0,0,0,408703.94,0,favorable
99,CPM1109075D5,Transporte,7,530486.0,75783.71,153262.85,53856.63,0.5714,4,1,1,1,2,0.0,0.0,1,0,284,5,387493.44,0.2857,0.0,0,0,530486.0,0,favorable
99,ANT181219ST7,Construccion,4,400263.96,100065.99,135617.68,25521.03,0.75,3,0,0,1,3,0.0,0.0,1,0,2360,3,264646.28,0.25,0.0,0,0,400263.96,0,presunto
99,REVS591222A30,Logistica,6,250223.33,41703.89,122571.89,38154.43,0.3333,4,0,0,1,1,0.0,0.0,1,0,1433,5,232496.33,0.1667,0.0,0,0,250223.33,0,presunto
99,ADW0104037IU,Transporte,10,445233.37,44523.34,48495.62,2538.1,0.0,6,1,1,1,10,0.0,0.5,0,0,1697,9,398627.81,0.0,0.0,0,0,445233.37,0,no_listado
99,ADS1704110AE,Mantenimiento,1,9860.0,9860.0,9860.0,0.0,0.0,1,0,0,0,0,0.0,0.0,0,0,1271,1,9860.0,0.0,0.0,0,0,9860.0,0,no_listado
99,IPW060614B25,Seguridad,8,556800.0,69600.0,69600.0,0.0,0.0,6,1,1,0,0,0.0,0.0,0,0,1249,8,556800.0,0.0,0.0,0,0,556800.0,0,no_listado
99,GZN141206UUT,Papeleria,4,52814.81,13203.7,14708.29,935.93,0.0,4,1,1,0,0,0.0,0.0,0,0,2134,4,52814.81,0.0,0.0,0,0,52814.81,0,no_listado
99,ASE250118DGH,Consultoria,6,292768.05,48794.68,58324.82,5657.94,0.0,3,1,1,0,0,0.0,0.0,0,0,2188,5,248720.43,0.1667,0.0,0,0,292768.05,0,no_listado
99,TBR260412CGE,Construccion,9,524304.16,58256.02,74201.19,13243.59,0.0,6,1,1,1,9,0.0,0.0,0,0,100,8,482279.68,0.0,0.0,0,0,524304.16,0,no_listado
99,QIN170602BY7,Consultoria,5,144964.62,28992.92,32054.72,3541.06,0.0,4,1,1,0,0,0.0,0.0,1,0,2590,5,144964.62,0.0,0.0,0,0,144964.62,0,favorable
99,TKV240923D1M,Limpieza,8,38607.21,4825.9,5711.29,699.69,0.0,1,0,0,0,0,0.0,0.0,0,0,2492,8,38607.21,0.0,0.0,0,0,38607.21,0,no_listado
99,HLE101227KP5,Mantenimiento,6,42012.61,7002.1,10182.93,1739.94,0.6667,4,1,1,1,6,1.0,0.0,0,0,1612,6,42012.61,0.0,0.0,0,0,42012.61,0,no_listado
100,KDV250827SOW,Seguridad,6,514375.67,85729.28,142733.78,49433.79,0.3333,4,0,0,1,4,0.0,0.0,0,0,2539,6,514375.67,0.0,0.0,0,0,514375.67,0,no_listado
100,YDW050119O3A,Transporte,8,670119.6,83764.95,128279.91,45559.67,0.625,6,1,1,1,8,0.25,0.0,0,0,188,7,545470.79,0.125,0.0,0,0,670119.6,0,no_listado
100,VDO2401077K4,Construccion,4,246498.98,61624.75,84961.4,20772.36,0.25,3,1,1,1,4,0.5,0.0,0,0,2461,3,206594.12,0.25,0.0,0,0,246498.98,0,no_listado
100,QFB210703WHK,Tecnologia,7,785015.12,112145.02,172901.49,47810.93,0.7143,4,1,1,1,7,0.0,0.0,0,0,693,6,719305.55,0.1429,0.0,0,0,785015.12,0,no_listado
100,FEX050616Z0P,Transporte,3,138113.15,46037.72,96737.43,35926.5,0.6667,2,0,0,0,0,0.0,0.0,0,0,2235,3,138113.15,0.0,0.0,0,0,138113.15,0,no_listado
100,LJH120702ARF,Papeleria,5,350256.83,70051.37,117561.85,33407.02,0.6,2,1,1,1,5,0.0,0.0,0,0,2153,3,161724.02,0.4,0.0,0,0,350256.83,0,no_listado
100,NFZ180727PF2,Publicidad,5,363730.16,72746.03,153843.18,65763.38,0.4,5,1,1,1,5,0.2,0.0,0,0,2580,4,344187.33,0.2,0.0,0,1,363730.16,0,no_listado
100,YYH260827L0T,Papeleria,9,1086033.93,120670.44,173606.53,53598.7,0.5556,5,1,1,1,9,0.1111,0.0,0,0,988,9,1086033.93,0.0,0.0,0,0,1086033.93,0,no_listado
100,FTP190912WW0,Mantenimiento,7,524152.6,74878.94,142214.33,46029.22,0.4286,4,1,1,1,7,0.2857,0.0,0,0,839,6,381938.27,0.1429,0.0,0,0,524152.6,0,no_listado
100,GVF080102F72,Publicidad,4,298132.92,74533.23,108280.13,36397.78,0.5,3,1,1,1,4,0.0,0.0,0,0,2476,3,192965.14,0.25,0.0,0,0,298132.92,0,no_listado
100,OEM111106POS,Transporte,4,318487.29,79621.82,153814.87,61375.56,1.0,3,1,1,1,4,0.0,0.0,0,0,649,4,318487.29,0.0,0.0,0,0,318487.29,0,no_listado
100,NDS051205HF3,Mantenimiento,6,450096.16,75016.03,120817.2,41021.19,0.6667,3,1,1,1,6,0.0,0.0,0,0,256,5,351651.15,0.1667,0.0,0,0,450096.16,0,no_listado
100,MCV920306IPA,Consultoria,8,517288.74,64661.09,166129.35,55825.88,0.625,5,1,1,0,0,0.0,0.0,1,1,87,6,479641.37,0.25,1.0,0,0,517288.74,1,definitivo
100,JYC0705244CH,Tecnologia,1,1686999.38,1686999.38,1686999.38,0.0,0.0,1,1,1,0,0,0.0,0.0,0,0,669,1,1686999.38,0.0,0.0,0,0,1686999.38,1,no_listado
100,HRX2111042CB,Construccion,10,476969.09,47696.91,49175.78,705.94,0.5,4,1,1,1,10,1.0,1.0,0,0,812,10,476969.09,0.0,1.0,0,0,476969.09,1,no_listado
100,VBV210425IPF,Mantenimiento,4,271934.37,67983.59,106335.76,34294.99,0.5,3,0,0,1,4,1.0,0.0,0,0,406,3,230672.68,0.25,0.0,0,0,271934.37,1,no_listado
100,QSE980129NX8,Limpieza,3,288733.97,96244.66,138507.53,55015.63,0.3333,1,0,0,1,1,0.0,0.0,1,0,1741,2,270193.42,0.3333,0.0,0,0,288733.97,0,desvirtuado
100,AIN061226CY2,Limpieza,5,143885.53,28777.11,46160.1,12436.54,0.6,4,0,0,1,1,0.0,1.0,1,0,1281,5,143885.53,0.0,0.0,0,0,143885.53,0,desvirtuado
100,GCO131129A51,Consultoria,5,252208.57,50441.71,103985.56,31625.48,0.0,3,0,0,1,1,0.0,1.0,1,0,1944,4,232421.14,0.2,0.0,0,0,252208.57,0,favorable
100,BSU151104EA4,Tecnologia,6,653864.94,108977.49,160325.35,52302.62,0.5,3,1,1,1,2,0.0,0.0,1,0,1529,5,511865.48,0.1667,0.0,0,0,653864.94,0,favorable
100,SMP051220717,Construccion,7,479237.61,68462.52,140823.22,43012.25,0.5714,4,1,1,1,2,1.0,0.0,1,0,1409,4,236465.92,0.4286,0.0,0,0,479237.61,0,presunto
100,CLI070926IU2,Transporte,3,228454.33,76151.44,134034.16,47082.72,0.6667,2,0,0,1,1,1.0,0.0,1,0,2488,1,18708.04,0.6667,0.0,0,0,228454.33,0,presunto
100,JKN020821DWF,Transporte,10,441133.95,44113.39,48595.82,2433.68,0.0,4,1,1,1,10,0.0,0.4,0,0,1715,9,395027.74,0.1,0.0,0,0,441133.95,0,no_listado
100,NUP2102184UZ,Mantenimiento,1,9860.0,9860.0,9860.0,0.0,0.0,1,0,0,0,0,0.0,0.0,0,0,1098,1,9860.0,0.0,0.0,0,0,9860.0,0,no_listado
100,GBK000703UJR,Seguridad,8,556800.0,69600.0,69600.0,0.0,0.0,5,1,1,0,0,0.0,0.0,0,0,1249,7,487200.0,0.0,0.0,0,0,556800.0,0,no_listado
100,UBW080427HEO,Papeleria,4,53804.23,13451.06,17094.05,2167.4,0.0,3,1,1,0,0,0.0,0.0,0,0,2250,3,40790.21,0.25,0.0,0,0,53804.23,0,no_listado
100,DRE101203JHY,Consultoria,6,307092.38,51182.06,60698.17,6644.13,0.0,4,1,1,0,0,0.0,0.0,0,0,2198,6,307092.38,0.0,0.0,0,0,307092.38,0,no_listado
100,TSS2111204OB,Construccion,9,558351.22,62039.02,75255.74,12716.88,0.0,6,1,1,1,9,0.0,0.1111,0,0,55,8,499747.59,0.1111,0.0,0,0,558351.22,0,no_listado
100,MCO101210R77,Consultoria,5,168616.45,33723.29,42300.98,5890.35,0.0,3,1,1,0,0,0.0,0.0,1,0,2604,4,137660.96,0.2,0.0,0,0,168616.45,0,favorable
100,KEP25061690D,Limpieza,8,39998.86,4999.86,6749.31,1061.83,0.0,1,0,0,0,0,0.0,0.0,0,0,2410,8,39998.86,0.0,0.0,0,0,39998.86,0,no_listado
100,RBF121026QQ8,Mantenimiento,6,48342.85,8057.14,10351.7,1752.96,0.6667,4,1,1,1,6,1.0,0.0,0,0,1601,5,41295.78,0.1667,0.0,0,0,48342.85,0,no_listado
101,BOT181228FRZ,Publicidad,7,315689.17,45098.45,66937.85,18508.61,0.5714,4,1,1,1,7,0.0,0.1429,0,0,2375,5,229575.37,0.2857,0.0,0,0,315689.17,0,no_listado
101,POP060525BMV,Consultoria,3,218881.46,72960.49,114596.06,40776.75,0.3333,3,0,0,1,1,0.0,0.0,0,0,1662,0,0.0,1.0,0.0,0,0,218881.46,0,no_listado
101,MBL010401YI5,Consultoria,5,316613.85,63322.77,133004.03,53878.19,0.8,2,0,0,1,3,0.0,0.0,0,0,2290,5,316613.85,0.0,0.0,0,0,316613.85,0,no_listado
101,PJO200620SIX,Papeleria,4,248038.74,62009.68,121155.77,44933.36,0.75,2,0,0,1,3,0.0,0.0,0,0,1612,4,248038.74,0.0,0.0,0,0,248038.74,0,no_listado
101,YFW010624GAK,Tecnologia,7,414231.34,59175.91,166320.2,51366.03,1.0,4,1,1,1,7,0.1429,0.0,0,0,1983,7,414231.34,0.0,0.0,0,0,414231.34,0,no_listado
101,PNP250106WEQ,Tecnologia,7,626398.29,89485.47,159212.96,49708.57,0.2857,6,1,1,1,7,0.1429,0.0,0,0,359,6,608660.65,0.1429,0.0,0,0,626398.29,0,no_listado
101,ZFV041201YG7,Construccion,4,403543.42,100885.85,165689.75,52449.67,0.25,3,0,0,1,2,0.0,0.0,0,0,1841,3,384080.34,0.25,0.0,0,0,403543.42,0,no_listado
101,VFG250928TAL,Consultoria,7,717607.42,102515.35,164043.51,57488.35,1.0,5,0,0,1,3,0.0,0.0,0,0,998,6,699835.21,0.1429,0.0,0,0,717607.42,0,no_listado
101,LPB250212WUE,Transporte,7,444608.96,63515.57,135512.59,38914.93,0.5714,4,1,1,1,7,0.1429,0.0,0,0,79,6,355700.38,0.1429,0.0,0,0,444608.96,0,no_listado
101,JLS101205067,Seguridad,6,319303.87,53217.31,154251.86,52826.01,0.5,3,1,1,1,6,0.0,0.0,0,0,1639,6,319303.87,0.0,0.0,0,0,319303.87,0,no_listado
101,MCO100213YYV,Papeleria,3,387471.32,129157.11,162511.92,35411.01,0.3333,3,0,0,1,1,0.0,0.0,0,0,2379,3,387471.32,0.0,0.0,0,0,387471.32,0,no_listado
101,OCF090628KFM,Logistica,4,239168.91,59792.23,159995.03,58401.92,0.25,2,1,1,1,4,0.0,0.0,0,0,1422,3,79173.88,0.25,0.0,0,0,239168.91,0,no_listado
101,CAFA5810293P6,Consultoria,7,588431.14,84061.59,136717.36,37804.9,0.7143,6,0,0,0,0,0.0,0.0,1,1,2519,6,451713.78,0.1429,1.0,0,0,588431.14,1,definitivo
101,ZBG100628DLB,Publicidad,1,1361741.33,1361741.33,1361741.33,0.0,0.0,1,0,0,0,0,0.0,0.0,0,0,2439,1,1361741.33,0.0,0.0,0,0,1361741.33,1,no_listado
101,ZEV011127ZTI,Mantenimiento,14,676912.92,48350.92,49520.5,866.51,0.3571,6,0,0,1,14,1.0,1.0,0,0,145,14,676912.92,0.0,1.0,0,0,676912.92,1,no_listado
101,KLV100812INL,Publicidad,5,244117.93,48823.59,84708.16,29822.84,0.0,4,0,0,1,5,1.0,0.0,0,0,170,5,244117.93,0.0,0.0,0,0,244117.93,1,no_listado
101,CRA081201Q68,Limpieza,6,183686.07,30614.35,48592.99,12165.94,0.8333,5,1,1,1,1,0.0,0.0,1,0,1009,6,183686.07,0.0,0.0,0,0,183686.07,0,desvirtuado
101,CMI991213SG9,Publicidad,4,187789.29,46947.32,72621.24,19991.01,0.5,2,0,0,1,3,0.0,0.0,1,0,2497,3,147807.04,0.25,0.0,0,0,187789.29,0,desvirtuado
101,SME131021N67,Limpieza,6,521848.9,86974.82,149786.5,52151.9,0.5,4,0,0,1,3,0.3333,0.0,1,0,1619,6,521848.9,0.0,0.0,0,0,521848.9,0,favorable
101,AIN131223UT9,Mantenimiento,4,376809.1,94202.27,162238.53,52297.09,0.5,3,1,1,1,2,0.0,0.0,1,0,1752,4,376809.1,0.0,0.0,0,0,376809.1,0,favorable
101,BTM240711J85,Construccion,5,291077.44,58215.49,96591.96,24621.94,0.0,5,1,1,1,1,0.0,0.0,1,0,80,4,194485.48,0.2,0.0,0,0,291077.44,0,presunto
101,TMA121002HF5,Mantenimiento,5,170059.71,34011.94,71674.98,21444.85,0.8,4,1,1,0,0,0.0,0.0,1,0,573,3,133893.18,0.2,0.0,0,0,170059.71,0,presunto
101,HRU000826D9A,Transporte,10,446946.71,44694.67,48255.49,2335.2,0.0,6,1,1,1,10,0.0,0.4,0,0,1714,10,446946.71,0.0,0.0,0,0,446946.71,0,no_listado
101,RZD100222PYR,Mantenimiento,1,9860.0,9860.0,9860.0,0.0,0.0,1,0,0,0,0,0.0,0.0,0,0,1177,1,9860.0,0.0,0.0,0,0,9860.0,0,no_listado
101,WQW2406153LH,Seguridad,8,556800.0,69600.0,69600.0,0.0,0.0,4,1,1,0,0,0.0,0.0,0,0,1249,7,487200.0,0.0,0.0,0,0,556800.0,0,no_listado
101,JHJ060107FBS,Papeleria,4,58351.24,14587.81,17083.04,2289.4,0.0,4,1,1,0,0,0.0,0.0,0,0,2181,4,58351.24,0.0,0.0,0,0,58351.24,0,no_listado
101,UAA070523DUL,Consultoria,6,301589.01,50264.83,61970.25,6386.12,0.0,5,1,1,0,0,0.0,0.0,0,0,2186,6,301589.01,0.0,0.0,0,0,301589.01,0,no_listado
101,YHX2104184UZ,Construccion,9,524826.88,58314.1,79022.85,13739.93,0.0,5,1,1,1,9,0.0,0.1111,0,0,36,8,445804.03,0.0,0.0,0,0,524826.88,0,no_listado
101,SAC9201286A1,Consultoria,5,161330.39,32266.08,46083.76,7008.55,0.0,4,1,1,0,0,0.0,0.0,1,0,2595,4,132156.38,0.2,0.0,0,0,161330.39,0,desvirtuado
101,IVP040916066,Limpieza,8,38105.84,4763.23,6815.19,1065.02,0.0,1,0,0,0,0,0.0,0.0,0,0,2425,8,38105.84,0.0,0.0,0,0,38105.84,0,no_listado
101,MJG050211HJA,Mantenimiento,6,43687.32,7281.22,9964.6,1439.11,0.6667,3,1,1,1,6,1.0,0.0,0,0,1602,5,33722.72,0.1667,0.0,0,0,43687.32,0,no_listado
102,GOX121108QUL,Publicidad,6,499868.12,83311.35,136736.48,48561.45,0.6667,4,0,0,1,2,0.5,0.0,0,0,1775,6,499868.12,0.0,0.0,0,0,499868.12,0,no_listado
102,OTM231008KZ5,Consultoria,7,988052.85,141150.41,171957.5,15248.23,0.2857,5,1,1,1,7,0.1429,0.0,0,0,2535,7,988052.85,0.0,0.0,0,0,988052.85,0,no_listado
102,QUU011206MNY,Construccion,5,367267.73,73453.55,155024.08,45929.62,0.2,3,1,1,1,5,0.2,0.0,0,0,1015,5,367267.73,0.0,0.0,0,0,367267.73,0,no_listado
102,DHI110406XJY,Transporte,6,517521.11,86253.52,137184.05,47159.13,0.6667,3,0,0,1,4,0.0,0.0,0,0,1080,6,517521.11,0.0,0.0,0,0,517521.11,0,no_listado
102,ZGZ0701143J7,Logistica,7,649801.54,92828.79,173028.67,51600.81,0.1429,3,1,1,1,7,0.1429,0.0,0,0,2140,7,649801.54,0.0,0.0,0,0,649801.54,0,no_listado
102,XVD011211YTG,Limpieza,4,223068.77,55767.19,119488.86,42065.47,0.5,3,0,0,1,2,0.0,0.0,0,0,521,4,223068.77,0.0,0.0,0,0,223068.77,0,no_listado
102,QWN220113GB0,Papeleria,3,164098.18,54699.39,81347.51,25827.41,0.0,3,1,1,1,3,0.0,0.0,0,0,593,3,164098.18,0.0,0.0,0,0,164098.18,0,no_listado
102,NOZ1202104VE,Consultoria,7,393992.9,56284.7,158266.86,46637.24,0.4286,5,0,0,1,3,0.3333,0.0,0,0,1807,7,393992.9,0.0,0.0,0,0,393992.9,0,no_listado
102,PCV210326BOM,Papeleria,7,314599.62,44942.8,99160.18,32849.06,0.2857,5,0,0,1,4,0.0,0.0,0,0,1207,6,255977.89,0.1429,0.0,0,0,314599.62,0,no_listado
102,FCN210308YOD,Construccion,9,504758.51,56084.28,123027.36,35478.77,0.5556,4,1,1,1,9,0.0,0.2222,0,0,1550,7,403478.11,0.2222,0.0,0,0,504758.51,0,no_listado
102,KMG191227ZV8,Publicidad,6,423204.55,70534.09,136572.33,44777.22,0.5,4,1,1,1,6,0.0,0.1667,0,0,2481,5,310507.28,0.1667,0.0,0,0,423204.55,0,no_listado
102,HLQ02062587Q,Consultoria,8,676413.66,84551.71,145502.14,41663.76,0.375,4,0,0,1,4,0.25,0.0,0,0,2492,7,593603.92,0.125,0.0,0,0,676413.66,0,no_listado
102,NEM140926D85,Consultoria,8,610461.11,76307.64,172542.63,59479.82,0.75,5,0,0,0,0,0.0,0.0,1,1,202,8,610461.11,0.0,1.0,0,0,610461.11,1,definitivo
102,LKF191001ZU6,Tecnologia,1,1218849.41,1218849.41,1218849.41,0.0,0.0,1,0,0,0,0,0.0,0.0,0,0,1884,1,1218849.41,0.0,0.0,0,0,1218849.41,1,no_listado
102,EQX170403QOA,Construccion,13,627157.33,48242.87,49165.36,790.75,0.4615,6,1,1,1,13,1.0,1.0,0,0,2432,12,579004.47,0.0,1.0,0,0,627157.33,1,no_listado
102,OKI0711103FC,Papeleria,4,119943.39,29985.85,64539.77,19958.94,0.5,2,0,0,1,4,1.0,0.0,0,0,315,3,100552.09,0.25,0.0,0,0,119943.39,1,no_listado
102,CNA090625KL3,Limpieza,7,600973.2,85853.31,139695.62,48881.47,0.7143,4,0,0,1,2,0.0,0.0,1,0,333,5,450351.86,0.2857,0.0,0,0,600973.2,0,desvirtuado
102,NAG0304041H5,Construccion,6,818478.97,136413.16,166840.26,21475.43,0.8333,6,0,0,1,4,0.75,0.0,1,0,1658,5,691412.55,0.1667,0.0,0,0,818478.97,0,desvirtuado
102,RTR110124JR6,Tecnologia,3,210948.87,70316.29,119640.14,41444.45,0.3333,3,1,1,1,2,0.0,0.0,1,0,2673,2,91308.73,0.3333,0.0,0,0,210948.87,0,favorable
102,ANN090909D61,Consultoria,6,390552.55,65092.09,153855.81,52176.25,0.5,5,1,1,1,4,0.25,0.0,1,0,809,6,390552.55,0.0,0.0,0,0,390552.55,0,favorable
102,CHB131210973,Tecnologia,3,145965.4,48655.13,68239.13,21686.03,0.6667,2,1,1,1,2,0.0,0.0,1,0,69,2,77726.27,0.3333,0.0,0,0,145965.4,0,presunto
102,UAP070222EY9,Papeleria,4,247401.79,61850.45,113850.14,35566.67,0.0,3,0,0,1,2,0.0,0.0,1,0,1968,3,174024.8,0.25,0.0,0,0,247401.79,0,presunto
102,EEF1702020EH,Transporte,10,443598.62,44359.86,47286.52,1955.46,0.0,4,1,1,1,10,0.0,0.4,0,0,1733,10,443598.62,0.0,0.0,0,0,443598.62,0,no_listado
102,PFS250809GSQ,Mantenimiento,1,9860.0,9860.0,9860.0,0.0,0.0,1,0,0,0,0,0.0,0.0,0,0,1275,1,9860.0,0.0,0.0,0,0,9860.0,0,no_listado
102,GUK020925IWQ,Seguridad,8,556800.0,69600.0,69600.0,0.0,0.0,5,1,1,0,0,0.0,0.0,0,0,1249,8,556800.0,0.0,0.0,0,0,556800.0,0,no_listado
102,TEH151210P9T,Papeleria,4,55526.71,13881.68,15167.39,1422.73,0.0,3,1,1,0,0,0.0,0.0,0,0,2302,4,55526.71,0.0,0.0,0,0,55526.71,0,no_listado
102,YGV010116ITX,Consultoria,6,289626.22,48271.04,62306.2,8124.25,0.0,4,1,1,0,0,0.0,0.0,0,0,2228,6,289626.22,0.0,0.0,0,0,289626.22,0,no_listado
102,VPO001110RAV,Construccion,9,517732.45,57525.83,76009.01,14230.86,0.0,5,1,1,1,9,0.0,0.1111,0,0,67,7,395127.79,0.2222,0.0,0,0,517732.45,0,no_listado
102,ING140429310,Consultoria,5,183425.42,36685.08,44650.37,6761.37,0.0,4,1,1,0,0,0.0,0.0,1,0,2572,4,147861.0,0.2,0.0,0,0,183425.42,0,favorable
102,TRW200110KLC,Limpieza,8,39634.78,4954.35,6865.67,1742.11,0.0,1,0,0,0,0,0.0,0.0,0,0,2418,8,39634.78,0.0,0.0,0,0,39634.78,0,no_listado
102,ABI120417T9I,Mantenimiento,6,52353.82,8725.64,10259.83,1447.0,0.5,3,1,1,1,6,1.0,0.0,0,0,1622,6,52353.82,0.0,0.0,0,0,52353.82,0,no_listado
103,PKV23091129R,Consultoria,3,271046.2,90348.73,164563.09,56867.11,0.6667,1,1,1,1,3,0.6667,0.0,0,0,325,3,271046.2,0.0,0.0,0,0,271046.2,0,no_listado
103,LXA261009WJM,Tecnologia,6,597395.68,99565.95,148293.91,46688.05,0.5,4,1,1,1,6,0.1667,0.0,0,0,914,4,322325.21,0.3333,0.0,0,0,597395.68,0,no_listado
103,OTS25122648U,Papeleria,6,545448.92,90908.15,132319.04,43935.9,0.6667,5,1,1,1,6,0.0,0.0,0,0,294,6,545448.92,0.0,0.0,0,0,545448.92,0,no_listado
103,ETA120113E21,Seguridad,5,333556.43,66711.29,128831.49,44395.17,0.8,4,1,1,1,5,0.0,0.0,0,0,2068,5,333556.43,0.0,0.0,0,0,333556.43,0,no_listado
103,NSM251222TBV,Mantenimiento,5,448701.61,89740.32,132077.16,41180.35,0.4,3,0,0,0,0,0.0,0.0,0,0,1473,4,316624.45,0.2,0.0,0,0,448701.61,0,no_listado
103,EOW220728Z1K,Transporte,7,283072.81,40438.97,93508.92,33535.22,0.4286,4,0,0,1,4,0.0,0.0,0,0,52,6,265085.26,0.0,0.0,0,0,283072.81,0,no_listado
103,QTD120321V6W,Mantenimiento,3,132927.66,44309.22,94921.38,35791.05,0.6667,3,1,1,1,3,0.0,0.0,0,0,405,3,132927.66,0.0,0.0,0,0,132927.66,0,no_listado
103,EYI030620UUD,Limpieza,9,744835.91,82759.55,161395.53,55040.3,0.5556,5,0,0,1,4,0.0,0.25,0,0,148,7,666100.91,0.2222,0.0,0,0,744835.91,0,no_listado
103,YOX170702036,Logistica,4,217538.85,54384.71,76256.83,12696.9,1.0,3,0,0,1,3,0.0,0.6667,0,0,1878,3,168525.3,0.25,0.0,0,0,217538.85,0,no_listado
103,OLS021228K68,Seguridad,3,266885.3,88961.77,158321.01,49074.49,0.3333,3,1,1,1,3,0.3333,0.0,0,0,577,2,214708.05,0.3333,0.0,0,0,266885.3,0,no_listado
103,QFZ080722S74,Limpieza,8,709193.2,88649.15,166554.93,46204.19,0.5,4,1,1,1,8,0.0,0.125,0,0,931,6,551281.66,0.25,0.0,0,0,709193.2,0,no_listado
103,VID2310057UR,Publicidad,4,426392.75,106598.19,165250.62,52422.28,0.5,3,1,1,1,4,0.25,0.25,0,0,1576,4,426392.75,0.0,0.0,0,0,426392.75,0,no_listado
103,EICM640721UB5,Consultoria,5,525591.67,105118.33,171232.45,54697.0,0.6,4,1,1,0,0,0.0,0.0,1,1,70,5,525591.67,0.0,1.0,0,0,525591.67,1,definitivo
103,MUW1808114SH,Transporte,1,1147081.29,1147081.29,1147081.29,0.0,0.0,1,0,0,0,0,0.0,0.0,0,0,416,1,1147081.29,0.0,0.0,0,0,1147081.29,1,no_listado
103,QVV040123XA7,Consultoria,11,536689.75,48789.98,49645.54,796.44,0.6364,5,0,0,1,11,1.0,1.0,0,0,1849,9,439422.57,0.0,1.0,0,0,536689.75,1,no_listado
103,NIO1712018MR,Transporte,5,254279.41,50855.88,103861.56,39305.1,0.2,4,1,1,1,5,1.0,0.0,0,0,2339,5,254279.41,0.0,0.0,0,0,254279.41,1,no_listado
103,NCO1012101Z7,Papeleria,5,295723.2,59144.64,120592.35,47567.83,0.4,3,0,0,1,3,0.0,0.0,1,0,1039,4,181742.18,0.2,0.0,0,0,295723.2,0,desvirtuado
103,AUFD8111263L4,Mantenimiento,3,130065.78,43355.26,62551.14,16729.95,0.3333,3,1,1,1,1,0.0,0.0,1,0,2503,3,130065.78,0.0,0.0,0,0,130065.78,0,desvirtuado
103,RSI1602151T1,Papeleria,4,284500.53,71125.13,148293.91,54790.0,0.5,3,1,1,1,1,0.0,0.0,1,0,71,4,284500.53,0.0,0.0,0,0,284500.53,0,favorable
103,ZED100929IE9,Seguridad,5,460494.06,92098.81,140597.29,48905.65,0.4,3,0,0,1,3,0.0,0.0,1,0,1508,5,460494.06,0.0,0.0,0,0,460494.06,0,favorable
103,AINE9108156R4,Transporte,3,344490.11,114830.04,149256.59,25724.86,0.3333,2,1,1,1,2,0.0,0.0,1,0,856,2,195233.52,0.3333,0.0,0,0,344490.11,0,presunto
103,MEHG9505099K1,Papeleria,3,291354.97,97118.32,112825.44,11685.16,0.3333,3,1,1,1,1,0.0,0.0,1,0,1723,2,206537.59,0.3333,0.0,0,0,291354.97,0,presunto
103,WQQ190209ZKL,Transporte,10,448750.16,44875.02,48189.97,2358.65,0.0,5,1,1,1,10,0.0,0.4,0,0,1711,10,448750.16,0.0,0.0,0,0,448750.16,0,no_listado
103,XHS091204G4R,Mantenimiento,1,9860.0,9860.0,9860.0,0.0,0.0,1,0,0,0,0,0.0,0.0,0,0,1201,1,9860.0,0.0,0.0,0,0,9860.0,0,no_listado
103,URY1009189FH,Seguridad,8,556800.0,69600.0,69600.0,0.0,0.0,4,1,1,0,0,0.0,0.0,0,0,1249,6,417600.0,0.0,0.0,0,0,556800.0,0,no_listado
103,XOS0207223ED,Papeleria,4,53701.2,13425.3,15353.84,2041.06,0.0,4,1,1,0,0,0.0,0.0,0,0,2163,4,53701.2,0.0,0.0,0,0,53701.2,0,no_listado
103,WIY100618CPO,Consultoria,6,301500.4,50250.07,60897.54,8325.19,0.0,5,1,1,0,0,0.0,0.0,0,0,2208,5,240903.6,0.0,0.0,0,0,301500.4,0,no_listado
103,HNU120414Q65,Construccion,9,535657.93,59517.55,80874.27,14418.86,0.0,6,1,1,1,9,0.0,0.0,0,0,48,9,535657.93,0.0,0.0,0,0,535657.93,0,no_listado
103,IIL101202SB4,Consultoria,5,170067.67,34013.53,40924.42,6855.89,0.0,4,1,1,0,0,0.0,0.0,1,0,2599,5,170067.67,0.0,0.0,0,0,170067.67,0,favorable
103,YEE020823Z97,Limpieza,8,39491.31,4936.41,6556.91,1440.18,0.0,1,0,0,0,0,0.0,0.0,0,0,2406,8,39491.31,0.0,0.0,0,0,39491.31,0,no_listado
103,SGO210203H4B,Mantenimiento,6,36295.54,6049.26,8056.64,1200.48,0.3333,4,1,1,1,6,1.0,0.0,0,0,1595,6,36295.54,0.0,0.0,0,0,36295.54,0,no_listado
104,NLX071121K7M,Seguridad,6,610780.36,101796.73,164984.74,63419.13,0.6667,3,0,0,1,5,0.0,0.0,0,0,2184,5,592872.57,0.1667,0.0,0,0,610780.36,0,no_listado
104,WET0105015D9,Publicidad,9,722905.2,80322.8,165489.96,60430.14,0.7778,6,1,1,1,9,0.1111,0.0,0,0,1439,8,704920.3,0.1111,0.0,0,0,722905.2,0,no_listado
104,CYD140403Z67,Mantenimiento,7,520784.88,74397.84,156606.89,44811.76,0.2857,5,1,1,1,7,0.0,0.1429,0,0,245,6,486989.25,0.1429,0.0,0,0,520784.88,0,no_listado
104,FSU050816FCO,Publicidad,7,582898.11,83271.16,170806.39,55058.24,0.2857,4,0,0,1,5,0.0,0.0,0,0,1556,7,582898.11,0.0,0.0,0,0,582898.11,0,no_listado
104,NRX151220YE7,Papeleria,8,793110.78,99138.85,171233.93,48709.55,0.75,5,1,1,1,8,0.0,0.0,0,0,763,7,634364.13,0.125,0.0,0,0,793110.78,0,no_listado
104,KBC021210XXH,Papeleria,5,310711.39,62142.28,94457.11,27800.22,0.4,4,1,1,1,5,0.2,0.0,0,0,867,2,164053.69,0.6,0.0,0,0,310711.39,0,no_listado
104,CWY200416Q49,Mantenimiento,5,414541.69,82908.34,157226.53,48089.0,0.2,4,0,0,1,2,0.0,0.0,0,0,2517,5,414541.69,0.0,0.0,0,0,414541.69,0,no_listado
104,WWP2608240CR,Limpieza,3,250509.05,83503.02,102399.16,24616.12,0.0,3,0,0,1,2,0.5,0.5,0,0,1879,3,250509.05,0.0,0.0,0,0,250509.05,0,no_listado
104,FXU12081258H,Limpieza,3,100388.46,33462.82,63057.72,20946.8,0.3333,3,1,1,1,3,0.0,0.0,0,0,1137,2,37330.74,0.3333,0.0,0,0,100388.46,0,no_listado
104,ZFT0403139A4,Transporte,8,702596.67,87824.58,172458.01,63981.17,0.5,4,0,0,1,6,0.1667,0.0,0,0,236,7,683729.12,0.125,0.0,0,0,702596.67,0,no_listado
104,RBP0410057UQ,Seguridad,7,432088.69,61726.96,110190.74,40691.02,0.4286,4,1,1,1,7,0.1429,0.0,0,0,2498,5,353734.8,0.1429,0.0,0,0,432088.69,0,no_listado
104,VZN240808CLT,Mantenimiento,6,364859.85,60809.98,114162.7,38463.75,0.5,5,1,1,1,6,0.1667,0.0,0,0,1977,6,364859.85,0.0,0.0,0,0,364859.85,0,no_listado
104,CEN150803F54,Consultoria,5,302883.13,60576.63,84061.94,24423.0,0.8,3,0,0,0,0,0.0,0.0,1,1,1651,5,302883.13,0.0,1.0,0,0,302883.13,1,definitivo
104,SOX220602D1Q,Tecnologia,1,1616845.4,1616845.4,1616845.4,0.0,1.0,1,0,0,0,0,0.0,0.0,0,0,336,1,1616845.4,0.0,0.0,0,0,1616845.4,1,no_listado
104,NVH050419DSD,Limpieza,13,626065.87,48158.91,49309.78,870.11,0.6154,5,0,0,1,13,1.0,1.0,0,0,192,13,626065.87,0.0,1.0,0,0,626065.87,1,no_listado
104,MNB000424Q0P,Tecnologia,6,679201.28,113200.21,168735.95,48080.64,0.8333,3,1,1,1,6,1.0,0.0,0,0,908,6,679201.28,0.0,0.0,0,0,679201.28,1,no_listado
104,GLO0812117P1,Publicidad,7,724353.53,103479.08,165641.4,49550.73,0.4286,4,0,0,1,3,0.0,0.0,1,0,224,7,724353.53,0.0,0.0,0,0,724353.53,0,desvirtuado
104,DRA120223821,Construccion,5,363772.85,72754.57,121826.51,39944.98,0.4,4,1,1,1,4,0.0,0.25,1,0,248,5,363772.85,0.0,0.0,0,0,363772.85,0,desvirtuado
104,AEM130625LM7,Consultoria,3,465771.27,155257.09,167390.7,14668.99,0.0,2,0,0,1,1,0.0,0.0,1,0,1405,3,465771.27,0.0,0.0,0,0,465771.27,0,favorable
104,GJE931011974,Publicidad,7,489830.19,69975.74,148264.27,44209.47,0.4286,4,1,1,1,2,0.0,0.0,1,0,527,7,489830.19,0.0,0.0,0,0,489830.19,0,favorable
104,ALV081202S79,Transporte,6,546557.98,91093.0,147130.12,46864.14,0.3333,4,0,0,1,2,0.0,0.0,1,0,234,2,128691.48,0.6667,0.0,0,0,546557.98,0,presunto
104,VCO191202RM2,Mantenimiento,3,267008.95,89002.98,133684.63,46879.73,0.6667,3,1,1,1,2,0.0,0.0,1,0,697,2,133324.32,0.3333,0.0,0,0,267008.95,0,presunto
104,ZUF130514CTO,Transporte,10,447447.79,44744.78,48063.47,2194.11,0.0,5,1,1,1,10,0.0,0.5,0,0,1711,6,272669.78,0.3,0.0,0,0,447447.79,0,no_listado
104,VAU081119UIY,Mantenimiento,1,9860.0,9860.0,9860.0,0.0,0.0,1,0,0,0,0,0.0,0.0,0,0,1119,1,9860.0,0.0,0.0,0,0,9860.0,0,no_listado
104,WBB170117UW4,Seguridad,8,556800.0,69600.0,69600.0,0.0,0.0,4,1,1,0,0,0.0,0.0,0,0,1249,3,208800.0,0.0,0.0,0,0,556800.0,0,no_listado
104,GQK101012BW2,Papeleria,4,64190.98,16047.75,17058.24,766.42,0.0,3,1,1,0,0,0.0,0.0,0,0,2140,4,64190.98,0.0,0.0,0,0,64190.98,0,no_listado
104,XTU2306195RN,Consultoria,6,307955.37,51325.89,59716.7,6369.71,0.0,4,1,1,0,0,0.0,0.0,0,0,2211,6,307955.37,0.0,0.0,0,0,307955.37,0,no_listado
104,SHI210513SQR,Construccion,9,463188.26,51465.36,75226.17,12196.54,0.0,5,1,1,1,9,0.0,0.2222,0,0,35,8,411784.54,0.1111,0.0,0,0,463188.26,0,no_listado
104,IMA090307KP7,Consultoria,5,192757.24,38551.45,43373.64,6276.34,0.0,4,1,1,0,0,0.0,0.0,1,0,2615,5,192757.24,0.0,0.0,0,0,192757.24,0,favorable
104,OBK160323VWG,Limpieza,8,35256.91,4407.11,6194.14,1082.82,0.0,1,0,0,0,0,0.0,0.0,0,0,2456,8,35256.91,0.0,0.0,0,0,35256.91,0,no_listado
104,UNZ220507JZK,Mantenimiento,6,50493.48,8415.58,9868.17,1222.19,0.5,3,1,1,1,6,1.0,0.0,0,0,1654,6,50493.48,0.0,0.0,0,0,50493.48,0,no_listado
105,FIK1304048QL,Construccion,7,461097.85,65871.12,153132.28,56098.42,0.4286,5,0,0,1,2,0.0,0.0,0,0,1619,7,461097.85,0.0,0.0,0,0,461097.85,0,no_listado
105,FXY0009152SN,Logistica,7,464615.25,66373.61,139427.46,41169.88,0.5714,5,0,0,1,2,0.0,0.0,0,0,400,4,217364.9,0.4286,0.0,0,0,464615.25,0,no_listado
105,KEM100204YL9,Consultoria,8,592435.6,74054.45,164884.01,52963.23,0.25,5,1,1,1,8,0.25,0.0,0,0,1402,7,519675.79,0.125,0.0,0,0,592435.6,0,no_listado
105,PGD2003173AY,Transporte,4,277813.79,69453.45,116595.34,36253.5,0.25,2,1,1,1,4,0.0,0.0,0,0,2023,4,277813.79,0.0,0.0,0,0,277813.79,0,no_listado
105,ACR1311177B5,Seguridad,4,366277.07,91569.27,171078.19,54771.85,1.0,4,1,1,1,4,0.0,0.0,0,0,2241,3,263532.77,0.25,0.0,0,0,366277.07,0,no_listado
105,WFX060725YJ0,Tecnologia,8,599296.56,74912.07,166975.96,56260.77,0.375,3,0,0,1,2,0.0,0.0,0,0,1596,7,436423.56,0.125,0.0,0,0,599296.56,0,no_listado
105,XCI1712078LO,Publicidad,3,308653.27,102884.42,136891.57,24116.12,0.6667,3,1,1,1,3,0.0,0.0,0,0,77,3,308653.27,0.0,0.0,0,0,308653.27,0,no_listado
105,NIQ1510272SO,Logistica,4,234692.5,58673.12,133036.55,47055.13,0.75,4,0,0,1,3,0.0,0.0,0,0,1222,2,151630.26,0.5,0.0,0,0,234692.5,0,no_listado
105,NJB170412VFH,Tecnologia,5,478761.33,95752.27,160457.56,63888.54,0.4,4,1,1,1,5,0.0,0.0,0,0,969,4,318303.77,0.2,0.0,0,0,478761.33,0,no_listado
105,ZKX200309UOX,Construccion,8,451265.75,56408.22,157062.41,40873.32,0.25,4,0,0,1,5,0.4,0.0,0,0,1891,7,419097.35,0.125,0.0,0,0,451265.75,0,no_listado
105,REZ24120417M,Seguridad,3,310800.88,103600.29,147663.22,59333.27,0.6667,2,0,0,1,1,0.0,0.0,0,0,59,3,310800.88,0.0,0.0,0,0,310800.88,0,no_listado
105,JDA0409116U5,Construccion,6,175290.45,29215.08,77015.89,21459.16,1.0,5,1,1,1,6,0.0,0.0,0,0,1147,6,175290.45,0.0,0.0,0,0,175290.45,0,no_listado
105,CHG140328RX7,Consultoria,5,510491.61,102098.32,165358.85,35037.16,0.2,4,0,0,0,0,0.0,0.0,1,1,2010,4,396022.31,0.2,1.0,0,0,510491.61,1,definitivo
105,CJI211207FOI,Papeleria,1,1628680.54,1628680.54,1628680.54,0.0,1.0,1,0,0,0,0,0.0,0.0,0,0,2486,1,1628680.54,0.0,0.0,0,0,1628680.54,1,no_listado
105,EOG261116NBV,Construccion,12,572763.99,47730.33,49735.86,764.0,0.5,6,0,0,1,12,1.0,1.0,0,0,1757,11,525149.11,0.0,1.0,0,0,572763.99,1,no_listado
105,JWW251118Y0T,Construccion,5,275574.7,55114.94,113358.76,35149.22,0.6,3,0,0,1,5,1.0,0.0,0,0,66,5,275574.7,0.0,0.0,0,0,275574.7,1,no_listado
105,ENE010405C38,Tecnologia,7,617017.77,88145.4,173686.29,53416.52,0.1429,3,1,1,1,4,0.25,0.0,1,0,467,7,617017.77,0.0,0.0,0,0,617017.77,0,desvirtuado
105,SER0811114H2,Tecnologia,3,158589.52,52863.17,119870.73,47384.48,1.0,2,1,1,1,1,0.0,0.0,1,0,2405,3,158589.52,0.0,0.0,0,0,158589.52,0,desvirtuado
105,GUMJ730612RW0,Limpieza,3,193963.98,64654.66,68982.31,3138.52,0.6667,2,0,0,1,1,0.0,0.0,1,0,2417,2,132327.01,0.3333,0.0,0,0,193963.98,0,favorable
105,MMO980828PU5,Seguridad,5,495549.63,99109.93,149409.44,29259.32,0.4,5,0,0,1,2,0.0,0.0,1,0,2479,5,495549.63,0.0,0.0,0,0,495549.63,0,favorable
105,RTA110526V30,Transporte,5,393746.71,78749.34,144787.21,53812.65,0.4,3,1,1,1,1,0.0,0.0,1,0,1516,4,375743.21,0.2,0.0,0,0,393746.71,0,presunto
105,GABA980805IR8,Construccion,7,454537.52,64933.93,157472.0,56769.49,0.5714,4,1,1,1,2,0.0,0.0,1,0,923,3,81484.57,0.4286,0.0,0,0,454537.52,0,presunto
105,IOJ240328LTA,Transporte,10,435527.89,43552.79,45434.71,1445.84,0.0,4,1,1,1,10,0.0,0.2,0,0,1783,10,435527.89,0.0,0.0,0,0,435527.89,0,no_listado
105,FSD131021LYN,Mantenimiento,1,9860.0,9860.0,9860.0,0.0,0.0,1,0,0,0,0,0.0,0.0,0,0,1135,1,9860.0,0.0,0.0,0,0,9860.0,0,no_listado
105,VIJ130614WB7,Seguridad,8,556800.0,69600.0,69600.0,0.0,0.0,4,1,1,0,0,0.0,0.0,0,0,1249,7,487200.0,0.0,0.0,0,0,556800.0,0,no_listado
105,JMO230108AC1,Papeleria,4,52568.18,13142.04,16195.55,2036.7,0.0,4,1,1,0,0,0.0,0.0,0,0,2148,4,52568.18,0.0,0.0,0,0,52568.18,0,no_listado
105,FIV260325NHK,Consultoria,6,321186.81,53531.13,61431.81,7210.77,0.0,2,1,1,0,0,0.0,0.0,0,0,2196,6,321186.81,0.0,0.0,0,0,321186.81,0,no_listado
105,EBS020221ZDZ,Construccion,9,443624.42,49291.6,64599.52,8659.32,0.0,5,1,1,1,9,0.0,0.1111,0,0,83,9,443624.42,0.0,0.0,0,0,443624.42,0,no_listado
105,MCO090831B26,Consultoria,5,190385.98,38077.2,43273.93,2984.81,0.0,4,1,1,0,0,0.0,0.0,1,0,2609,5,190385.98,0.0,0.0,0,0,190385.98,0,favorable
105,DZD081211PN2,Limpieza,8,35784.04,4473.01,6859.79,1546.94,0.0,1,0,0,0,0,0.0,0.0,0,0,2416,8,35784.04,0.0,0.0,0,0,35784.04,0,no_listado
105,MZH2405210ND,Mantenimiento,6,36561.76,6093.63,8079.1,1070.76,0.6667,4,1,1,1,6,1.0,0.0,0,0,1600,5,31141.53,0.1667,0.0,0,0,36561.76,0,no_listado
106,PTA100628YGF,Papeleria,6,328710.72,54785.12,90628.7,22304.48,0.6667,3,0,0,1,2,0.0,0.0,0,0,560,5,270777.58,0.1667,0.0,0,0,328710.72,0,no_listado
106,HJE190128F60,Transporte,5,328406.82,65681.36,137227.5,40757.13,0.2,4,1,1,1,5,0.2,0.0,0,0,767,5,328406.82,0.0,0.0,0,0,328406.82,0,no_listado
106,DVX1903272VE,Logistica,3,287606.6,95868.87,151003.17,55990.09,0.3333,1,0,0,1,2,0.0,0.0,0,0,235,3,287606.6,0.0,0.0,0,0,287606.6,0,no_listado
106,JIQ050603Y79,Papeleria,9,494768.13,54974.24,107922.08,29964.75,0.4444,4,1,1,1,9,0.0,0.1111,0,0,510,7,411729.95,0.2222,0.0,0,0,494768.13,0,no_listado
106,ZHN020906Y8O,Construccion,6,608505.45,101417.57,166975.96,42460.13,0.3333,3,1,1,1,6,0.0,0.0,0,0,2501,5,441529.49,0.1667,0.0,0,0,608505.45,0,no_listado
106,PMW190223D57,Construccion,4,143685.96,35921.49,86744.63,29353.61,0.5,3,1,1,1,4,0.0,0.0,0,0,1619,2,106253.45,0.5,0.0,0,0,143685.96,0,no_listado
106,WFE120418IJK,Limpieza,3,223865.91,74621.97,114412.61,34501.22,0.3333,2,0,0,0,0,0.0,0.0,0,0,2534,3,223865.91,0.0,0.0,0,0,223865.91,0,no_listado
106,IEZ1005262W9,Papeleria,9,744677.7,82741.97,167390.7,49201.43,0.4444,5,1,1,1,9,0.0,0.0,0,0,1429,6,491932.22,0.3333,0.0,0,0,744677.7,0,no_listado
106,ASP1812141NE,Consultoria,3,82466.4,27488.8,43372.76,11231.66,1.0,3,1,1,1,3,0.0,0.0,0,0,667,3,82466.4,0.0,0.0,0,0,82466.4,0,no_listado
106,SQB161004XNU,Consultoria,3,295241.09,98413.7,137476.04,27937.0,0.3333,2,0,0,1,2,0.0,0.0,0,0,1295,1,73752.8,0.6667,0.0,0,0,295241.09,0,no_listado
106,QWC140720N71,Transporte,6,763762.99,127293.83,172308.41,23842.03,0.5,4,1,1,1,6,0.0,0.0,0,0,2204,5,635517.26,0.1667,0.0,0,0,763762.99,0,no_listado
106,YOH150821KGR,Consultoria,5,424785.93,84957.19,156760.71,49364.82,0.4,4,0,0,1,2,0.0,0.0,0,0,639,4,378555.99,0.2,0.0,0,0,424785.93,0,no_listado
106,MSL101111FC1,Consultoria,7,456485.51,65212.22,122932.3,40572.28,0.4286,4,0,0,0,0,0.0,0.0,1,1,731,7,456485.51,0.0,1.0,0,0,456485.51,1,definitivo
106,NYD260426XDW,Publicidad,1,1545932.81,1545932.81,1545932.81,0.0,1.0,1,1,1,0,0,0.0,0.0,0,0,292,1,1545932.81,0.0,0.0,0,0,1545932.81,1,no_listado
106,GPP040307RF5,Papeleria,12,572520.11,47710.01,49192.69,725.32,0.4167,5,0,0,1,12,1.0,1.0,0,0,169,10,478491.08,0.0,1.0,0,0,572520.11,1,no_listado
106,YXU0509287SU,Publicidad,4,207917.51,51979.38,122282.85,42618.29,0.25,3,0,0,1,4,1.0,0.25,0,0,180,4,207917.51,0.0,0.0,0,0,207917.51,1,no_listado
106,CEC160506GE3,Logistica,6,374232.2,62372.03,153313.37,45513.09,0.6667,3,0,0,1,4,0.25,0.25,1,0,2276,5,356505.2,0.1667,0.0,0,0,374232.2,0,desvirtuado
106,ERE071024FQ2,Tecnologia,6,641489.64,106914.94,156769.51,49709.99,0.6667,5,0,0,1,4,0.0,0.0,1,0,1862,5,522104.59,0.1667,0.0,0,0,641489.64,0,desvirtuado
106,CCM140902KU8,Logistica,7,469514.08,67073.44,172458.01,52826.71,0.4286,4,0,0,1,2,0.0,0.0,1,0,299,5,279549.72,0.2857,0.0,0,1,469514.08,0,favorable
106,MLI130213NRA,Tecnologia,5,188309.0,37661.8,74560.08,21159.09,0.6,3,0,0,1,3,0.0,0.0,1,0,174,5,188309.0,0.0,0.0,0,0,188309.0,0,favorable
106,SPC140925DX7,Transporte,5,392196.34,78439.27,142137.92,44672.14,0.6,4,1,1,1,2,0.0,0.0,1,0,2153,2,161728.61,0.6,0.0,0,0,392196.34,0,presunto
106,AKO140410SM4,Papeleria,5,240751.44,48150.29,109794.61,37352.65,0.8,4,1,1,1,3,0.0,0.0,1,0,2263,2,129653.82,0.4,0.0,0,0,240751.44,0,presunto
106,GPB070904CW4,Transporte,10,439267.71,43926.77,47987.15,2304.68,0.0,5,1,1,1,10,0.0,0.3,0,0,1752,8,352662.91,0.1,0.0,0,0,439267.71,0,no_listado
106,PXK240228CYN,Mantenimiento,1,9860.0,9860.0,9860.0,0.0,0.0,1,0,0,0,0,0.0,0.0,0,0,1093,1,9860.0,0.0,0.0,0,0,9860.0,0,no_listado
106,JKS181217QT2,Seguridad,8,556800.0,69600.0,69600.0,0.0,0.0,5,1,1,0,0,0.0,0.0,0,0,1249,7,487200.0,0.0,0.0,0,0,556800.0,0,no_listado
106,CFB030712NGL,Papeleria,4,54708.11,13677.03,15672.77,1998.48,0.0,4,1,1,0,0,0.0,0.0,0,0,2239,4,54708.11,0.0,0.0,0,0,54708.11,0,no_listado
106,WJG1708196NO,Consultoria,6,335857.07,55976.18,63261.25,7554.83,0.0,5,1,1,0,0,0.0,0.0,0,0,2187,6,335857.07,0.0,0.0,0,0,335857.07,0,no_listado
106,YQW080909MLQ,Construccion,9,498857.69,55428.63,69103.38,7525.42,0.0,5,1,1,1,9,0.0,0.3333,0,0,96,9,498857.69,0.0,0.0,0,0,498857.69,0,no_listado
106,CMR110204M82,Consultoria,5,163397.53,32679.51,43848.5,7455.38,0.0,4,1,1,0,0,0.0,0.0,1,0,2604,2,65315.95,0.6,0.0,0,0,163397.53,0,favorable
106,JID030917SVK,Limpieza,8,32746.84,4093.35,6861.28,1602.33,0.0,1,0,0,0,0,0.0,0.0,0,0,2418,8,32746.84,0.0,0.0,0,0,32746.84,0,no_listado
106,IMM231209693,Mantenimiento,6,45648.95,7608.16,9984.64,1834.45,0.5,5,1,1,1,6,1.0,0.0,0,0,1602,5,39215.02,0.1667,0.0,0,0,45648.95,0,no_listado
107,VEW10122323Z,Transporte,9,571469.18,63496.58,166321.79,52560.21,0.1111,4,1,1,1,9,0.1111,0.1111,0,0,618,8,517255.43,0.1111,0.0,0,0,571469.18,0,no_listado
107,VII040808V0I,Consultoria,9,696527.64,77391.96,159360.23,39352.98,0.3333,6,0,0,1,6,0.0,0.0,0,0,190,7,595782.88,0.2222,0.0,0,0,696527.64,0,no_listado
107,JMS03040672I,Publicidad,9,544886.98,60543.0,161517.51,54290.84,0.4444,4,1,1,1,9,0.0,0.0,0,0,2571,9,544886.98,0.0,0.0,0,0,544886.98,0,no_listado
107,RBX060512JOO,Tecnologia,3,116353.08,38784.36,56309.71,14963.44,0.3333,2,1,1,1,3,0.0,0.0,0,0,1454,2,76059.92,0.3333,0.0,0,0,116353.08,0,no_listado
107,LRS0007150AI,Mantenimiento,3,229652.26,76550.75,173049.4,68694.68,0.6667,3,1,1,1,3,0.0,0.0,0,0,74,2,56602.86,0.3333,0.0,0,0,229652.26,0,no_listado
107,KAG2207188HH,Logistica,5,542923.71,108584.74,173013.92,54885.36,0.4,4,0,0,1,4,0.0,0.0,0,0,2361,4,372510.17,0.2,0.0,0,0,542923.71,0,no_listado
107,BVA230807C6A,Transporte,4,223387.27,55846.82,98748.84,28706.51,0.5,3,0,0,1,2,0.5,0.5,0,0,250,4,223387.27,0.0,0.0,0,0,223387.27,0,no_listado
107,MJA091028KLD,Tecnologia,7,772678.59,110382.66,148293.91,41686.85,0.4286,4,1,1,1,7,0.0,0.0,0,0,416,7,772678.59,0.0,0.0,0,0,772678.59,0,no_listado
107,QHA000213X6V,Publicidad,6,529661.24,88276.87,135003.78,37050.71,0.8333,3,1,1,1,6,0.0,0.0,0,0,2380,5,426953.36,0.1667,0.0,0,0,529661.24,0,no_listado
107,SFE260626QKM,Construccion,5,524760.84,104952.17,168898.29,39922.35,0.8,4,0,0,1,2,0.0,0.0,0,0,579,4,450122.01,0.2,0.0,0,0,524760.84,0,no_listado
107,DLJ150201Y45,Consultoria,7,610300.91,87185.84,163408.11,46197.53,0.2857,4,1,1,1,7,0.0,0.0,0,0,1181,5,519167.67,0.2857,0.0,0,0,610300.91,0,no_listado
107,BWP230912TWV,Papeleria,3,298193.49,99397.83,156601.96,45804.53,0.6667,3,1,1,1,3,0.3333,0.0,0,0,2308,2,253719.72,0.3333,0.0,0,0,298193.49,0,no_listado
107,KGI151019BG4,Consultoria,6,350212.04,58368.67,172998.65,54577.27,0.3333,4,1,1,0,0,0.0,0.0,1,1,129,6,350212.04,0.0,1.0,0,0,350212.04,1,definitivo
107,KVB200722I81,Tecnologia,1,1517843.44,1517843.44,1517843.44,0.0,0.0,1,0,0,0,0,0.0,0.0,0,0,1596,1,1517843.44,0.0,0.0,0,0,1517843.44,1,no_listado
107,VWR1308239SN,Tecnologia,12,576204.86,48017.07,49754.31,932.29,0.4167,5,0,0,1,12,1.0,1.0,0,0,2369,11,528545.44,0.0,1.0,0,0,576204.86,1,no_listado
107,TNT140808QVO,Papeleria,4,499568.72,124892.18,163570.28,22845.51,0.75,3,0,0,1,4,1.0,0.0,0,0,740,4,499568.72,0.0,0.0,0,0,499568.72,1,no_listado
107,ADD130411TF7,Publicidad,5,385255.86,77051.17,161101.93,61089.67,0.6,3,1,1,1,3,0.0,0.0,1,0,1560,4,245415.25,0.2,0.0,0,0,385255.86,0,desvirtuado
107,BAB0108033A5,Construccion,5,388261.64,77652.33,150465.64,48151.54,0.4,4,0,0,1,4,0.0,0.0,1,0,2301,5,388261.64,0.0,0.0,0,0,388261.64,0,desvirtuado
107,MAT0903184TA,Publicidad,4,472923.68,118230.92,165966.32,44489.02,0.5,2,1,1,1,4,0.0,0.0,1,0,333,4,472923.68,0.0,0.0,0,0,472923.68,0,favorable
107,NOR170109QL9,Tecnologia,4,299795.45,74948.86,168477.53,62086.17,0.25,3,1,1,1,3,0.0,0.0,1,0,2241,3,131317.92,0.25,0.0,0,0,299795.45,0,favorable
107,SOMA610826UK2,Papeleria,7,780130.33,111447.19,170491.44,39279.92,0.2857,5,1,1,1,4,0.0,0.0,1,0,1893,6,609638.89,0.1429,0.0,0,0,780130.33,0,presunto
107,MMP160705P75,Mantenimiento,3,204889.15,68296.38,125870.09,43791.82,0.3333,2,1,1,1,3,0.0,0.0,1,0,128,1,19747.55,0.6667,0.0,0,0,204889.15,0,presunto
107,RNJ131013THI,Transporte,10,451877.14,45187.71,48510.06,2198.97,0.0,4,1,1,1,10,0.0,0.7,0,0,1710,9,407939.73,0.1,0.0,0,0,451877.14,0,no_listado
107,PPV130419341,Mantenimiento,1,9860.0,9860.0,9860.0,0.0,0.0,1,0,0,0,0,0.0,0.0,0,0,1116,1,9860.0,0.0,0.0,0,0,9860.0,0,no_listado
107,QCA170904DKV,Seguridad,8,556800.0,69600.0,69600.0,0.0,0.0,6,1,1,0,0,0.0,0.0,0,0,1249,8,556800.0,0.0,0.0,0,0,556800.0,0,no_listado
107,NMP090412YUQ,Papeleria,4,52696.29,13174.07,16389.47,2141.11,0.0,4,1,1,0,0,0.0,0.0,0,0,2147,4,52696.29,0.0,0.0,0,0,52696.29,0,no_listado
107,WCD180802QKU,Consultoria,6,309761.86,51626.98,61566.87,6135.22,0.0,4,1,1,0,0,0.0,0.0,0,0,2186,5,254085.78,0.1667,0.0,0,0,309761.86,0,no_listado
107,NZJ130111W45,Construccion,9,514377.27,57153.03,80031.11,13377.46,0.0,5,1,1,1,9,0.0,0.0,0,0,126,8,434346.16,0.1111,0.0,0,0,514377.27,0,no_listado
107,APO150504FC8,Consultoria,5,164704.66,32940.93,40184.05,4077.5,0.0,5,1,1,0,0,0.0,0.0,1,0,2563,5,164704.66,0.0,0.0,0,0,164704.66,0,favorable
107,CKN080114NER,Limpieza,8,31935.16,3991.89,6116.24,1192.45,0.0,1,0,0,0,0,0.0,0.0,0,0,2537,8,31935.16,0.0,0.0,0,0,31935.16,0,no_listado
107,KPG201002PGS,Mantenimiento,6,40561.01,6760.17,9212.29,1240.61,0.8333,3,1,1,1,6,1.0,0.0,0,0,1609,5,34555.93,0.1667,0.0,0,0,40561.01,0,no_listado
108,NUX1010205HE,Tecnologia,6,372839.73,62139.95,133417.03,46435.29,0.6667,4,0,0,1,2,0.5,0.0,0,0,491,5,355269.58,0.1667,0.0,0,0,372839.73,0,no_listado
108,OFH0006235R5,Publicidad,8,527747.26,65968.41,153995.05,44520.83,0.375,5,1,1,1,8,0.0,0.0,0,0,1797,8,527747.26,0.0,0.0,0,0,527747.26,0,no_listado
108,JOS0306098JL,Papeleria,6,499676.83,83279.47,114920.41,34145.0,0.0,4,1,1,1,6,0.0,0.0,0,0,1273,4,320826.02,0.3333,0.0,0,0,499676.83,0,no_listado
108,HTF161127E3H,Publicidad,7,462270.27,66038.61,114614.72,43428.16,0.8571,4,0,0,1,3,0.0,0.0,0,0,1384,6,347655.55,0.1429,0.0,0,0,462270.27,0,no_listado
108,CHU240503J9P,Transporte,9,517231.16,57470.13,105780.11,36078.51,0.5556,4,1,1,1,9,0.1111,0.0,0,0,559,8,442671.08,0.1111,0.0,0,0,517231.16,0,no_listado
108,KXC100717N6U,Tecnologia,5,429668.0,85933.6,158056.32,57464.29,0.4,3,0,0,1,2,0.0,0.0,0,0,267,4,271611.68,0.2,0.0,0,0,429668.0,0,no_listado
108,NPZ1007037AN,Seguridad,6,498272.86,83045.48,173077.24,43135.67,0.6667,4,1,1,1,6,0.1667,0.1667,0,0,2301,4,261870.79,0.3333,0.0,0,0,498272.86,0,no_listado
108,AOE210321UOE,Limpieza,7,582265.85,83180.84,149664.33,51864.81,0.5714,5,0,0,1,3,0.0,0.0,0,0,664,6,563111.16,0.1429,0.0,0,0,582265.85,0,no_listado
108,ZGT240914GVK,Mantenimiento,8,482877.12,60359.64,137345.82,49794.56,0.375,5,0,0,1,3,0.0,0.0,0,0,1630,6,446045.93,0.125,0.0,0,0,482877.12,0,no_listado
108,DRW101025QW6,Publicidad,7,505326.24,72189.46,167133.22,47911.34,0.5714,5,0,0,1,3,0.0,0.0,0,0,103,7,505326.24,0.0,0.0,0,0,505326.24,0,no_listado
108,YXR220123QIX,Seguridad,5,532509.15,106501.83,161176.94,49563.89,0.4,3,0,0,1,1,0.0,0.0,0,0,193,5,532509.15,0.0,0.0,0,0,532509.15,0,no_listado
108,DZM1901167MS,Seguridad,8,517155.64,64644.46,157289.68,56434.39,0.75,5,1,1,1,8,0.25,0.0,0,0,2367,6,458231.34,0.125,0.0,0,0,517155.64,0,no_listado
108,COP051013K62,Consultoria,5,218208.23,43641.65,107578.59,34924.5,0.2,4,0,0,0,0,0.0,0.0,1,1,111,5,218208.23,0.0,1.0,0,0,218208.23,1,definitivo
108,ZJQ140712MUZ,Seguridad,1,1257385.67,1257385.67,1257385.67,0.0,0.0,1,1,1,0,0,0.0,0.0,0,0,2600,1,1257385.67,0.0,0.0,0,0,1257385.67,1,no_listado
108,CFJ140703BJJ,Papeleria,13,633062.39,48697.11,49705.77,778.29,0.5385,6,0,0,1,13,1.0,1.0,0,0,908,13,633062.39,0.0,1.0,0,0,633062.39,1,no_listado
108,KMM030303G56,Transporte,6,454874.74,75812.46,152882.78,48830.48,0.6667,4,0,0,1,6,1.0,0.0,0,0,963,6,454874.74,0.0,0.0,0,0,454874.74,1,no_listado
108,DSO100706KM1,Publicidad,7,494633.98,70662.0,166444.0,56811.43,0.5714,4,1,1,1,2,0.5,0.0,1,0,1766,6,413542.81,0.1429,0.0,0,0,494633.98,0,desvirtuado
108,TMI091208IR0,Consultoria,4,337922.59,84480.65,152759.15,55836.88,0.75,4,0,0,1,4,0.0,0.0,1,0,1413,4,337922.59,0.0,0.0,0,0,337922.59,0,desvirtuado
108,LOPM870909LX2,Consultoria,5,195345.56,39069.11,79687.82,25693.11,0.6,3,1,1,0,0,0.0,0.0,1,0,1945,5,195345.56,0.0,0.0,0,0,195345.56,0,favorable
108,SSP090910S37,Publicidad,5,340029.06,68005.81,155041.68,46059.06,0.2,3,1,1,1,2,0.0,0.5,1,0,55,5,340029.06,0.0,0.0,0,0,340029.06,0,favorable
108,GST100107988,Seguridad,7,421811.47,60258.78,156716.53,56920.43,0.4286,3,0,0,1,2,0.0,0.0,1,0,929,2,179272.22,0.7143,0.0,0,0,421811.47,0,presunto
108,MCB210504R95,Transporte,5,332817.43,66563.49,130756.41,39950.39,0.4,5,1,1,1,4,0.0,0.25,1,0,1730,4,314327.4,0.2,0.0,0,0,332817.43,0,presunto
108,LHC0906181MT,Transporte,10,446373.46,44637.35,47516.12,1524.13,0.0,6,1,1,1,10,0.0,0.3,0,0,1713,7,313015.79,0.0,0.0,0,0,446373.46,0,no_listado
108,HRL220813KZ3,Mantenimiento,1,9860.0,9860.0,9860.0,0.0,0.0,1,0,0,0,0,0.0,0.0,0,0,1103,1,9860.0,0.0,0.0,0,0,9860.0,0,no_listado
108,RMY011001IH6,Seguridad,8,556800.0,69600.0,69600.0,0.0,0.0,4,1,1,0,0,0.0,0.0,0,0,1249,8,556800.0,0.0,0.0,0,0,556800.0,0,no_listado
108,VCK110103D0M,Papeleria,4,54893.71,13723.43,17149.15,2338.33,0.0,4,1,1,0,0,0.0,0.0,0,0,2153,3,40320.66,0.25,0.0,0,0,54893.71,0,no_listado
108,CNZ110211P3N,Consultoria,6,350697.91,58449.65,62996.86,4058.38,0.0,5,1,1,0,0,0.0,0.0,0,0,2204,6,350697.91,0.0,0.0,0,0,350697.91,0,no_listado
108,ZEA131001Y1H,Construccion,9,562247.27,62471.92,80204.36,10689.0,0.0,5,1,1,1,9,0.0,0.2222,0,0,7,9,562247.27,0.0,0.0,0,0,562247.27,0,no_listado
108,SER1011113KA,Consultoria,5,194086.85,38817.37,44958.65,6723.84,0.0,3,1,1,0,0,0.0,0.0,1,0,2566,5,194086.85,0.0,0.0,0,0,194086.85,0,favorable
108,TWS200819A3X,Limpieza,8,31748.01,3968.5,6001.17,1122.89,0.0,1,0,0,0,0,0.0,0.0,0,0,2423,8,31748.01,0.0,0.0,0,0,31748.01,0,no_listado
108,APE160526OJL,Mantenimiento,6,48899.24,8149.87,9954.8,1548.24,0.3333,4,1,1,1,6,1.0,0.0,0,0,1632,6,48899.24,0.0,0.0,0,0,48899.24,0,no_listado
109,SNA170922TSV,Tecnologia,8,586339.19,73292.4,165505.42,44711.08,0.5,4,0,0,1,5,0.2,0.0,0,0,828,8,586339.19,0.0,0.0,0,0,586339.19,0,no_listado
109,RSN151227R7Q,Consultoria,4,375001.87,93750.47,172317.91,75027.12,0.5,2,0,0,1,2,0.5,0.0,0,0,1499,2,191794.29,0.5,0.0,0,0,375001.87,0,no_listado
109,ZFA030418OUE,Papeleria,6,557762.87,92960.48,157884.69,36907.82,0.8333,4,0,0,1,3,0.0,0.0,0,0,1741,6,557762.87,0.0,0.0,0,0,557762.87,0,no_listado
109,FJE210713NYO,Papeleria,8,571666.33,71458.29,172319.81,49694.23,0.125,4,0,0,1,5,0.0,0.0,0,0,1069,7,495532.35,0.125,0.0,0,0,571666.33,0,no_listado
109,IBB100609YPE,Logistica,5,655908.08,131181.62,169327.1,27294.27,0.4,3,1,1,1,5,0.0,0.0,0,0,556,4,544005.19,0.2,0.0,0,0,655908.08,0,no_listado
109,JKO1109082TD,Mantenimiento,5,591515.45,118303.09,148027.05,15943.47,0.8,3,1,1,1,5,0.0,0.0,0,0,2029,4,476236.13,0.2,0.0,0,0,591515.45,0,no_listado
109,SDI1810274TL,Transporte,9,617912.59,68656.95,170720.37,46265.35,0.8889,4,1,1,1,9,0.2222,0.0,0,0,2401,8,543213.17,0.1111,0.0,0,0,617912.59,0,no_listado
109,EUW170523JF9,Logistica,9,568007.51,63111.95,122418.27,39456.71,0.5556,5,0,0,1,5,0.0,0.0,0,0,1729,7,359506.43,0.2222,0.0,0,0,568007.51,0,no_listado
109,XWV090817RI8,Logistica,4,286553.05,71638.26,127309.52,38475.42,0.5,4,1,1,1,4,0.0,0.0,0,0,179,4,286553.05,0.0,0.0,0,0,286553.05,0,no_listado
109,EXI25031960X,Logistica,5,328850.43,65770.09,110315.7,33554.82,0.2,4,0,0,1,4,0.0,0.25,0,0,2228,3,179725.65,0.4,0.0,0,0,328850.43,0,no_listado
109,ZAH080708MM9,Mantenimiento,9,545112.14,60568.02,154415.08,46186.14,0.2222,5,1,1,1,9,0.0,0.0,0,0,2304,9,545112.14,0.0,0.0,0,0,545112.14,0,no_listado
109,FOB260522R16,Mantenimiento,9,950217.84,105579.76,170939.49,40969.48,0.4444,5,1,1,1,9,0.0,0.0,0,0,552,8,851600.02,0.1111,0.0,0,0,950217.84,0,no_listado
109,CUM130529UE3,Consultoria,6,440024.53,73337.42,170434.64,65682.76,0.6667,4,1,1,0,0,0.0,0.0,1,1,227,5,420269.0,0.1667,1.0,0,0,440024.53,1,definitivo
109,LWT14111354D,Seguridad,1,1065055.11,1065055.11,1065055.11,0.0,0.0,1,1,1,0,0,0.0,0.0,0,0,1917,1,1065055.11,0.0,0.0,0,0,1065055.11,1,no_listado
109,GHD0811146FV,Publicidad,11,524520.12,47683.65,48917.55,703.76,0.5455,6,0,0,1,11,1.0,1.0,0,0,1416,10,476794.46,0.0,1.0,0,1,524520.12,1,no_listado
109,GVL190501I32,Papeleria,4,473684.07,118421.02,151848.66,32777.12,0.75,3,0,0,1,4,1.0,0.0,0,0,1688,4,473684.07,0.0,0.0,0,0,473684.07,1,no_listado
109,RVR160701M85,Limpieza,4,321770.52,80442.63,160216.53,56373.44,0.25,3,1,1,1,1,0.0,0.0,1,0,1767,2,125384.1,0.5,0.0,0,0,321770.52,0,desvirtuado
109,GRO100713JE2,Publicidad,5,367468.3,73493.66,161912.05,56104.57,1.0,3,1,1,1,1,0.0,0.0,1,0,1314,3,303585.43,0.4,0.0,0,0,367468.3,0,desvirtuado
109,ANT150417A40,Consultoria,5,308479.62,61695.92,97858.76,27539.93,0.6,5,1,1,1,2,0.0,0.0,1,0,129,4,290045.42,0.2,0.0,0,0,308479.62,0,favorable
109,MBU000225S63,Mantenimiento,5,525642.75,105128.55,150824.92,49692.44,0.8,4,1,1,1,2,0.0,0.0,1,0,148,4,398982.95,0.2,0.0,0,0,525642.75,0,favorable
109,GCS190521E2A,Transporte,6,295531.62,49255.27,105176.61,33577.76,0.5,5,0,0,1,3,0.3333,0.0,1,0,886,4,259495.36,0.3333,0.0,0,0,295531.62,0,presunto
109,SACI601205RD0,Limpieza,6,323891.08,53981.85,134993.46,39066.7,0.5,4,0,0,1,3,0.0,0.3333,1,0,2497,3,121711.98,0.5,0.0,0,0,323891.08,0,presunto
109,UWS160222EO2,Transporte,10,447955.51,44795.55,48265.02,2401.09,0.0,6,1,1,1,10,0.0,0.5,0,0,1714,9,405307.83,0.1,0.0,0,0,447955.51,0,no_listado
109,GSA220509U31,Mantenimiento,1,9860.0,9860.0,9860.0,0.0,0.0,1,0,0,0,0,0.0,0.0,0,0,1062,1,9860.0,0.0,0.0,0,0,9860.0,0,no_listado
109,BXR191015KD3,Seguridad,8,556800.0,69600.0,69600.0,0.0,0.0,3,1,1,0,0,0.0,0.0,0,0,1249,7,487200.0,0.0,0.0,0,0,556800.0,0,no_listado
109,BUA260121B85,Papeleria,4,59613.52,14903.38,16913.7,1997.13,0.0,3,1,1,0,0,0.0,0.0,0,0,2141,4,59613.52,0.0,0.0,0,0,59613.52,0,no_listado
109,LCN150403BR2,Consultoria,6,302778.25,50463.04,61690.2,6015.05,0.0,4,1,1,0,0,0.0,0.0,0,0,2217,5,256205.71,0.1667,0.0,0,0,302778.25,0,no_listado
109,JUD0601045O6,Construccion,9,569638.56,63293.17,80644.39,14663.73,0.0,5,1,1,1,9,0.0,0.0,0,0,66,7,448344.64,0.2222,0.0,0,0,569638.56,0,no_listado
109,PAD0802156Q4,Consultoria,5,172221.6,34444.32,43502.24,5519.35,0.0,3,1,1,0,0,0.0,0.0,1,0,2602,5,172221.6,0.0,0.0,0,0,172221.6,0,favorable
109,ZNF040301TCC,Limpieza,8,29657.09,3707.14,6460.43,1219.42,0.0,1,0,0,0,0,0.0,0.0,0,0,2419,8,29657.09,0.0,0.0,0,0,29657.09,0,no_listado
109,YBV0510103NK,Mantenimiento,6,39856.36,6642.73,10249.79,1678.91,0.6667,3,1,1,1,6,1.0,0.0,0,0,1692,4,24404.52,0.3333,0.0,0,0,39856.36,0,no_listado
110,OPK030502437,Papeleria,9,653995.98,72666.22,167474.68,53178.28,0.2222,4,0,0,1,6,0.0,0.0,0,0,443,8,636221.11,0.1111,0.0,0,0,653995.98,0,no_listado
110,SSO241213UOL,Consultoria,9,996941.97,110771.33,170413.54,52397.7,0.4444,6,1,1,1,9,0.0,0.0,0,0,2134,8,977518.77,0.1111,0.0,0,0,996941.97,0,no_listado
110,UFE041005XFG,Consultoria,7,499324.62,71332.09,115461.99,33760.16,0.4286,5,1,1,1,7,0.1429,0.0,0,0,2066,7,499324.62,0.0,0.0,0,0,499324.62,0,no_listado
110,NKZ181211I52,Consultoria,5,315966.25,63193.25,160520.99,52065.25,0.4,3,1,1,1,5,0.0,0.0,0,0,1822,5,315966.25,0.0,0.0,0,0,315966.25,0,no_listado
110,FFY130708VFH,Logistica,9,698701.41,77633.49,159248.44,39184.71,0.5556,6,1,1,1,9,0.0,0.1111,0,0,2184,7,587712.71,0.2222,0.0,0,0,698701.41,0,no_listado
110,ZPH071217F28,Papeleria,5,275264.56,55052.91,154335.96,50452.74,0.4,3,0,0,1,3,0.0,0.0,0,0,2076,4,239224.38,0.2,0.0,0,0,275264.56,0,no_listado
110,MHV090404N98,Construccion,9,674873.85,74985.98,170952.39,49371.69,0.4444,5,1,1,1,9,0.1111,0.2222,0,0,1170,6,337312.46,0.3333,0.0,0,0,674873.85,0,no_listado
110,APW26081976G,Limpieza,3,213555.33,71185.11,113093.94,30926.82,0.6667,2,1,1,1,3,0.0,0.0,0,0,978,3,213555.33,0.0,0.0,0,0,213555.33,0,no_listado
110,SOH171025MP9,Tecnologia,7,753331.18,107618.74,163744.41,46578.91,0.2857,4,1,1,1,7,0.1429,0.0,0,0,1947,5,593422.57,0.2857,0.0,0,0,753331.18,0,no_listado
110,CDT190410T6S,Consultoria,7,571330.5,81618.64,142030.24,43963.08,0.5714,4,1,1,1,7,0.0,0.0,0,0,2117,4,351581.11,0.4286,0.0,0,0,571330.5,0,no_listado
110,XPZ040112ON4,Publicidad,9,798649.73,88738.86,150231.5,46046.34,0.4444,6,1,1,1,9,0.0,0.0,0,0,116,9,798649.73,0.0,0.0,0,0,798649.73,0,no_listado
110,BGK070908U12,Transporte,3,266918.18,88972.73,117001.87,27259.66,0.6667,3,1,1,1,3,0.0,0.0,0,0,123,3,266918.18,0.0,0.0,0,0,266918.18,0,no_listado
110,DDE150304PAA,Consultoria,6,722067.87,120344.65,173866.07,45025.63,0.1667,4,1,1,0,0,0.0,0.0,1,1,103,5,638005.93,0.1667,1.0,0,0,722067.87,1,definitivo
110,EQP0801030KX,Papeleria,1,1634161.65,1634161.65,1634161.65,0.0,1.0,1,0,0,0,0,0.0,0.0,0,0,314,1,1634161.65,0.0,0.0,0,0,1634161.65,1,no_listado
110,WBS240712T35,Papeleria,10,487038.85,48703.88,49745.08,516.28,0.4,5,0,0,1,10,1.0,1.0,0,0,251,8,388794.88,0.0,1.0,0,1,487038.85,1,no_listado
110,XGJ030124GJ8,Mantenimiento,6,166465.48,27744.25,51584.92,12696.83,0.8333,5,0,0,1,6,1.0,0.0,0,0,266,6,166465.48,0.0,0.0,0,0,166465.48,1,no_listado
110,BCI070423LD6,Consultoria,3,174514.64,58171.55,98428.81,32315.63,0.3333,2,0,0,1,1,0.0,0.0,1,0,116,3,174514.64,0.0,0.0,0,0,174514.64,0,desvirtuado
110,IIM160128AH3,Transporte,6,415269.71,69211.62,161783.69,55581.48,0.3333,3,1,1,1,1,0.0,0.0,1,0,942,5,396798.29,0.0,0.0,0,0,415269.71,0,desvirtuado
110,ARE130920165,Publicidad,6,386375.39,64395.9,168763.79,56173.88,0.6667,4,1,1,1,3,0.0,0.0,1,0,245,5,368236.3,0.0,0.0,0,0,386375.39,0,favorable
110,LARL650317QN5,Mantenimiento,6,372302.63,62050.44,151259.89,49497.18,0.5,3,1,1,1,4,0.25,0.0,1,0,270,5,354299.13,0.0,0.0,0,0,372302.63,0,favorable
110,TASA871027NJ1,Seguridad,4,343491.64,85872.91,173669.83,58631.81,0.5,3,0,0,1,2,0.0,0.5,1,0,2346,2,68369.92,0.5,0.0,0,0,343491.64,0,presunto
110,PSL2110264K0,Construccion,3,194590.44,64863.48,158235.16,66023.87,0.6667,3,1,1,1,2,0.0,0.0,1,0,1989,2,36355.28,0.3333,0.0,0,0,194590.44,0,presunto
110,RUS220503PVO,Transporte,10,447717.87,44771.79,46928.01,2052.73,0.0,5,1,1,1,10,0.0,0.6,0,0,1703,8,357300.7,0.1,0.0,0,0,447717.87,0,no_listado
110,QAK1812186T1,Mantenimiento,1,9860.0,9860.0,9860.0,0.0,0.0,1,0,0,0,0,0.0,0.0,0,0,1215,1,9860.0,0.0,0.0,0,0,9860.0,0,no_listado
110,VCL110312SHH,Seguridad,8,556800.0,69600.0,69600.0,0.0,0.0,4,1,1,0,0,0.0,0.0,0,0,1249,8,556800.0,0.0,0.0,0,0,556800.0,0,no_listado
110,POG1911202TI,Papeleria,4,53495.12,13373.78,16915.06,2049.61,0.0,3,1,1,0,0,0.0,0.0,0,0,2147,4,53495.12,0.0,0.0,0,0,53495.12,0,no_listado
110,NIH050206PGF,Consultoria,6,299936.47,49989.41,62600.18,8089.97,0.0,5,1,1,0,0,0.0,0.0,0,0,2276,6,299936.47,0.0,0.0,0,0,299936.47,0,no_listado
110,RKA110128OA3,Construccion,9,524755.33,58306.15,73211.05,11488.3,0.0,4,1,1,1,9,0.0,0.0,0,0,100,9,524755.33,0.0,0.0,0,0,524755.33,0,no_listado
110,SER140813CS0,Consultoria,5,155965.84,31193.17,42494.79,7001.59,0.0,4,1,1,0,0,0.0,0.0,1,0,2565,4,113471.05,0.2,0.0,0,0,155965.84,0,favorable
110,MYI080107NNU,Limpieza,8,37448.32,4681.04,6734.55,1550.88,0.0,1,0,0,0,0,0.0,0.0,0,0,2432,8,37448.32,0.0,0.0,0,0,37448.32,0,no_listado
110,LCY070202QAY,Mantenimiento,6,45887.09,7647.85,9821.95,1925.7,0.3333,5,1,1,1,6,1.0,0.0,0,0,1596,6,45887.09,0.0,0.0,0,0,45887.09,0,no_listado
111,NYI060125AEH,Seguridad,9,617681.85,68631.32,115078.51,33417.88,0.4444,4,1,1,1,9,0.2222,0.0,0,0,2431,7,531705.42,0.2222,0.0,0,0,617681.85,0,no_listado
111,WNH161222TFO,Transporte,3,167354.89,55784.96,79744.36,25198.6,1.0,3,1,1,1,3,0.3333,0.0,0,0,1827,3,167354.89,0.0,0.0,0,0,167354.89,0,no_listado
111,VTQ090309ME4,Mantenimiento,8,641133.99,80141.75,115279.32,24812.36,0.625,6,1,1,1,8,0.0,0.0,0,0,1707,7,553599.06,0.125,0.0,0,0,641133.99,0,no_listado
111,GDC160409KHF,Papeleria,5,157515.03,31503.01,69525.52,19802.5,0.6,3,1,1,1,5,0.2,0.0,0,0,72,5,157515.03,0.0,0.0,0,0,157515.03,0,no_listado
111,IPD181023SVO,Seguridad,4,277825.24,69456.31,136022.71,43121.0,0.5,3,1,1,1,4,0.0,0.0,0,0,1300,4,277825.24,0.0,0.0,0,0,277825.24,0,no_listado
111,JBC050120602,Seguridad,4,449573.94,112393.49,154251.86,36985.29,0.5,3,1,1,1,4,0.0,0.0,0,0,1026,3,395160.8,0.25,0.0,0,0,449573.94,0,no_listado
111,EBE091022XUH,Publicidad,8,660189.9,82523.74,151859.6,45928.07,0.75,4,1,1,1,8,0.25,0.0,0,0,146,7,552317.46,0.125,0.0,0,0,660189.9,0,no_listado
111,ROY240217TLB,Construccion,3,195388.35,65129.45,120696.96,42117.29,0.3333,3,1,1,1,3,0.0,0.0,0,0,1973,3,195388.35,0.0,0.0,0,0,195388.35,0,no_listado
111,SMK111220I9U,Construccion,9,877247.24,97471.92,167831.56,53278.8,0.5556,5,0,0,1,4,0.0,0.0,0,0,129,5,427904.44,0.4444,0.0,0,0,877247.24,0,no_listado
111,PIS171105TLK,Seguridad,9,871632.63,96848.07,165470.06,59205.61,1.0,5,0,0,1,8,0.125,0.0,0,0,1763,6,657582.23,0.3333,0.0,0,0,871632.63,0,no_listado
111,LSO250803EOI,Limpieza,5,131706.41,26341.28,60346.41,17003.49,0.6,2,1,1,1,5,0.0,0.0,0,0,231,3,96348.1,0.2,0.0,0,0,131706.41,0,no_listado
111,MRX130726B40,Papeleria,8,833104.99,104138.12,169187.42,50196.02,0.875,4,0,0,1,3,0.0,0.3333,0,0,883,7,738219.52,0.125,0.0,0,0,833104.99,0,no_listado
111,ISC111109UB3,Consultoria,5,261483.01,52296.6,113611.28,35108.79,0.4,3,0,0,0,0,0.0,0.0,1,1,133,5,261483.01,0.0,1.0,0,0,261483.01,1,definitivo
111,DNW200723AFQ,Transporte,1,1117182.14,1117182.14,1117182.14,0.0,1.0,1,1,1,0,0,0.0,0.0,0,0,626,1,1117182.14,0.0,0.0,0,0,1117182.14,1,no_listado
111,DKP100712W6V,Tecnologia,10,480950.33,48095.03,49508.7,987.04,0.4,6,0,0,1,10,1.0,1.0,0,0,894,9,433359.02,0.0,1.0,0,0,480950.33,1,no_listado
111,RPK17102198I,Transporte,5,311027.79,62205.56,109751.58,31554.29,0.6,4,1,1,1,5,1.0,0.2,0,0,1831,5,311027.79,0.0,0.0,0,0,311027.79,1,no_listado
111,MUHJ650219LGA,Logistica,3,239338.27,79779.42,153765.33,55970.15,0.6667,3,0,0,1,1,0.0,0.0,1,0,1802,2,172188.89,0.3333,0.0,0,0,239338.27,0,desvirtuado
111,SIC090625PK5,Consultoria,6,415963.36,69327.23,114944.71,31440.06,0.3333,3,1,1,1,2,0.0,0.0,1,0,1141,5,301018.65,0.1667,0.0,0,0,415963.36,0,desvirtuado
111,NEM160617M67,Tecnologia,4,188586.88,47146.72,86484.29,29163.29,0.5,3,1,1,0,0,0.0,0.0,1,0,192,2,83641.8,0.5,0.0,0,0,188586.88,0,favorable
111,VPR140529V65,Tecnologia,3,411849.16,137283.05,151504.82,12276.4,0.6667,3,1,1,1,1,0.0,0.0,1,0,714,3,411849.16,0.0,0.0,0,0,411849.16,0,favorable
111,CMN1910016R2,Mantenimiento,5,453698.38,90739.68,166346.4,65815.78,0.6,3,1,1,1,4,0.0,0.0,1,0,155,3,267971.31,0.2,0.0,0,1,453698.38,0,presunto
111,UISF480819MF2,Transporte,3,130341.2,43447.07,93839.68,35637.36,0.6667,2,1,1,1,1,0.0,0.0,1,0,157,1,93839.68,0.6667,0.0,0,0,130341.2,0,presunto
111,KPH0308143FC,Transporte,10,448088.69,44808.87,48322.27,2679.84,0.0,6,1,1,1,10,0.0,0.4,0,0,1725,9,403345.53,0.1,0.0,0,0,448088.69,0,no_listado
111,KEJ250928KSL,Mantenimiento,1,9860.0,9860.0,9860.0,0.0,0.0,1,0,0,0,0,0.0,0.0,0,0,1161,1,9860.0,0.0,0.0,0,0,9860.0,0,no_listado
111,OXN1412037BZ,Seguridad,8,556800.0,69600.0,69600.0,0.0,0.0,5,1,1,0,0,0.0,0.0,0,0,1249,8,556800.0,0.0,0.0,0,0,556800.0,0,no_listado
111,VWX0507177MX,Papeleria,4,59522.51,14880.63,16847.46,1394.67,0.0,3,1,1,0,0,0.0,0.0,0,0,2212,3,42675.05,0.25,0.0,0,0,59522.51,0,no_listado
111,YRX030222DJX,Consultoria,6,326730.71,54455.12,62015.9,6904.85,0.0,5,1,1,0,0,0.0,0.0,0,0,2279,5,266092.86,0.0,0.0,0,0,326730.71,0,no_listado
111,QLY060216CV3,Construccion,9,539734.22,59970.47,74316.88,9951.53,0.0,5,1,1,1,9,0.0,0.1111,0,0,28,8,471382.72,0.1111,0.0,0,0,539734.22,0,no_listado
111,IIP1401136P9,Consultoria,5,217746.62,43549.32,46263.07,2782.63,0.0,3,1,1,0,0,0.0,0.0,1,0,2571,4,171483.55,0.0,0.0,0,0,217746.62,0,favorable
111,FHE1307280Q8,Limpieza,8,40640.2,5080.02,6792.39,1417.58,0.0,1,0,0,0,0,0.0,0.0,0,0,2425,8,40640.2,0.0,0.0,0,0,40640.2,0,no_listado
111,HVC12102230R,Mantenimiento,6,41250.52,6875.09,9211.62,2035.12,0.6667,4,1,1,1,6,1.0,0.0,0,0,1596,5,32188.84,0.1667,0.0,0,0,41250.52,0,no_listado
112,ZHG250321XUV,Tecnologia,9,695326.73,77258.53,146401.01,49465.92,0.5556,4,1,1,1,9,0.0,0.0,0,0,2400,7,567480.76,0.2222,0.0,0,0,695326.73,0,no_listado
112,VXN210302298,Transporte,7,466670.07,66667.15,143200.03,53290.16,0.7143,4,1,1,1,7,0.1429,0.0,0,0,289,6,434654.82,0.1429,0.0,0,0,466670.07,0,no_listado
112,KUY1111260CK,Papeleria,9,642963.98,71440.44,165907.48,52935.09,0.5556,5,1,1,1,9,0.0,0.0,0,0,173,8,554922.1,0.1111,0.0,0,0,642963.98,0,no_listado
112,THX150405DM0,Tecnologia,8,413069.86,51633.73,101162.43,28729.26,0.5,5,1,1,1,8,0.0,0.0,0,0,2502,6,293728.31,0.25,0.0,0,0,413069.86,0,no_listado
112,EFU030824VA5,Publicidad,9,679795.46,75532.83,155666.65,40659.45,0.0,6,1,1,1,9,0.1111,0.1111,0,0,2393,8,645617.38,0.1111,0.0,0,0,679795.46,0,no_listado
112,LWQ011119LT1,Construccion,7,652599.11,93228.44,153228.3,61956.3,0.5714,4,1,1,1,7,0.0,0.0,0,0,649,6,499370.81,0.1429,0.0,0,0,652599.11,0,no_listado
112,OXM171125UOL,Transporte,4,218178.42,54544.6,121555.74,42066.87,0.25,4,1,1,1,4,0.25,0.0,0,0,1646,3,159017.0,0.25,0.0,0,0,218178.42,0,no_listado
112,QMG2101123MM,Seguridad,6,475479.79,79246.63,166088.59,52458.09,0.3333,5,1,1,1,6,0.0,0.0,0,0,519,4,335970.5,0.3333,0.0,0,0,475479.79,0,no_listado
112,TCN040913T7N,Tecnologia,4,252322.15,63080.54,108995.35,41012.35,0.25,4,0,0,1,1,0.0,0.0,0,0,1100,3,227089.59,0.25,0.0,0,0,252322.15,0,no_listado
112,QIQ201125E8Z,Consultoria,8,589839.26,73729.91,131998.82,43539.2,0.375,5,1,1,1,8,0.25,0.0,0,0,416,8,589839.26,0.0,0.0,0,0,589839.26,0,no_listado
112,GRO070611ATI,Mantenimiento,5,354924.19,70984.84,118716.91,38604.98,0.4,4,1,1,1,5,0.0,0.2,0,0,818,4,337186.55,0.2,0.0,0,0,354924.19,0,no_listado
112,FSD120219P7W,Logistica,7,605502.33,86500.33,152742.62,50750.39,0.5714,5,1,1,1,7,0.0,0.0,0,0,1228,6,481889.67,0.1429,0.0,0,0,605502.33,0,no_listado
112,VCO140414Q48,Consultoria,5,466916.73,93383.35,107872.44,12946.18,0.4,3,0,0,0,0,0.0,0.0,1,1,1438,4,362990.14,0.2,1.0,0,0,466916.73,1,definitivo
112,PGW07022308S,Tecnologia,1,1223826.04,1223826.04,1223826.04,0.0,0.0,1,0,0,0,0,0.0,0.0,0,0,1811,1,1223826.04,0.0,0.0,0,0,1223826.04,1,no_listado
112,ATS191106ZGS,Transporte,14,675052.56,48218.04,49403.72,839.12,0.5714,6,0,0,1,14,1.0,1.0,0,0,150,12,576427.67,0.0,1.0,0,0,675052.56,1,no_listado
112,CLY1304035JQ,Construccion,5,208795.02,41759.0,90904.76,30007.66,0.8,3,1,1,1,5,1.0,0.0,0,0,182,5,208795.02,0.0,0.0,0,0,208795.02,1,no_listado
112,CMO070907SW0,Limpieza,5,321386.24,64277.25,132799.0,43450.12,0.4,3,1,1,1,3,0.0,0.0,1,0,1068,5,321386.24,0.0,0.0,0,0,321386.24,0,desvirtuado
112,GULG7210027L5,Papeleria,6,819662.58,136610.43,171213.27,39608.75,0.6667,5,1,1,0,0,0.0,0.0,1,0,1724,4,508690.09,0.3333,0.0,0,0,819662.58,0,desvirtuado
112,CMC091201783,Mantenimiento,3,308260.51,102753.5,166926.55,61429.35,1.0,2,0,0,1,3,0.0,0.0,1,0,1876,3,308260.51,0.0,0.0,0,0,308260.51,0,favorable
112,KGH1502166IA,Transporte,5,428542.1,85708.42,129407.87,41308.06,0.6,5,0,0,1,3,0.0,0.0,1,0,647,4,305614.12,0.2,0.0,0,0,428542.1,0,favorable
112,VAEB0208261S9,Papeleria,3,234808.31,78269.44,108303.42,21431.35,0.3333,2,1,1,1,3,0.0,0.0,1,0,1213,1,59727.7,0.6667,0.0,0,0,234808.31,0,presunto
112,GOFS820607PG7,Papeleria,7,617675.0,88239.29,113739.98,24432.05,0.4286,4,1,1,1,2,0.0,0.0,1,0,1274,5,401238.77,0.2857,0.0,0,0,617675.0,0,presunto
112,NRT140522ZS1,Transporte,10,454132.55,45413.25,48435.2,2485.62,0.0,5,1,1,1,10,0.0,0.7,0,0,1717,8,365746.62,0.1,0.0,0,0,454132.55,0,no_listado
112,AVR230703SI0,Mantenimiento,1,9860.0,9860.0,9860.0,0.0,0.0,1,0,0,0,0,0.0,0.0,0,0,1154,1,9860.0,0.0,0.0,0,0,9860.0,0,no_listado
112,JFZ040715JOI,Seguridad,8,556800.0,69600.0,69600.0,0.0,0.0,6,1,1,0,0,0.0,0.0,0,0,1249,8,556800.0,0.0,0.0,0,0,556800.0,0,no_listado
112,UGT150509G0Y,Papeleria,4,53088.96,13272.24,15222.81,1592.41,0.0,1,1,1,0,0,0.0,0.0,0,0,2140,3,37866.15,0.25,0.0,0,0,53088.96,0,no_listado
112,WWL030203QXC,Consultoria,6,320456.96,53409.49,62031.64,6355.98,0.0,4,1,1,0,0,0.0,0.0,0,0,2205,6,320456.96,0.0,0.0,0,0,320456.96,0,no_listado
112,ZOD011008B8G,Construccion,9,552638.39,61404.27,80230.83,9853.88,0.0,6,1,1,1,9,0.0,0.0,0,0,53,7,409184.95,0.2222,0.0,0,0,552638.39,0,no_listado
112,PRO141024LY4,Consultoria,5,168889.01,33777.8,37796.66,2401.66,0.0,3,1,1,0,0,0.0,0.0,1,0,2646,5,168889.01,0.0,0.0,0,0,168889.01,0,favorable
112,AFC05102890Y,Limpieza,8,31646.15,3955.77,6085.66,1222.18,0.0,1,0,0,0,0,0.0,0.0,0,0,2436,8,31646.15,0.0,0.0,0,1,31646.15,0,no_listado
112,LGP230924N61,Mantenimiento,6,41761.64,6960.27,9243.98,1518.95,0.3333,3,1,1,1,6,1.0,0.0,0,0,1587,5,35008.43,0.1667,0.0,0,0,41761.64,0,no_listado
113,OHJ180725QQW,Consultoria,6,297469.65,49578.28,94722.97,23533.6,0.6667,4,1,1,1,6,0.0,0.1667,0,0,1177,5,254556.54,0.1667,0.0,0,1,297469.65,0,no_listado
113,RGA101008ORE,Logistica,8,731650.53,91456.32,152768.36,36610.99,0.125,5,0,0,1,5,0.0,0.0,0,0,1351,7,676491.96,0.125,0.0,0,0,731650.53,0,no_listado
113,OQK260515HFG,Papeleria,7,183575.35,26225.05,49744.63,12484.73,0.7143,4,0,0,1,1,0.0,0.0,0,0,2550,7,183575.35,0.0,0.0,0,1,183575.35,0,no_listado
113,SDC071109RB6,Limpieza,9,798049.96,88672.22,162399.69,52678.76,0.4444,5,1,1,1,9,0.2222,0.0,0,0,789,8,647471.95,0.1111,0.0,0,0,798049.96,0,no_listado
113,UBM090811RVD,Consultoria,8,370606.26,46325.78,99375.53,33371.12,0.625,4,1,1,1,8,0.0,0.0,0,0,278,8,370606.26,0.0,0.0,0,0,370606.26,0,no_listado
113,IVG260715DDE,Publicidad,8,500800.45,62600.06,113471.47,29945.2,0.625,5,1,1,1,8,0.0,0.125,0,0,2271,7,475455.37,0.125,0.0,0,0,500800.45,0,no_listado
113,YKA091220OVG,Tecnologia,3,369407.59,123135.86,152684.36,30907.61,0.0,3,1,1,1,3,0.0,0.0,0,0,456,3,369407.59,0.0,0.0,0,0,369407.59,0,no_listado
113,LMB150606UNQ,Logistica,3,289679.48,96559.83,171234.61,62786.25,0.6667,2,0,0,1,1,0.0,0.0,0,0,100,3,289679.48,0.0,0.0,0,1,289679.48,0,no_listado
113,FYU210813CPG,Transporte,8,685728.81,85716.1,170432.03,45261.12,0.375,5,1,1,1,8,0.0,0.0,0,0,2281,6,555012.04,0.25,0.0,0,0,685728.81,0,no_listado
113,PET251117TLX,Transporte,8,755707.36,94463.42,153765.33,38786.36,0.375,4,0,0,1,5,0.0,0.0,0,0,1091,8,755707.36,0.0,0.0,0,0,755707.36,0,no_listado
113,SOO070515BFR,Construccion,4,243839.04,60959.76,127010.44,40864.7,0.25,3,1,1,1,4,0.0,0.0,0,0,787,4,243839.04,0.0,0.0,0,0,243839.04,0,no_listado
113,OXI0309112HY,Limpieza,8,751803.31,93975.41,168259.59,48959.61,0.75,4,1,1,1,8,0.125,0.0,0,0,1452,8,751803.31,0.0,0.0,0,0,751803.31,0,no_listado
113,PCV160706MG8,Consultoria,8,685767.62,85720.95,171507.04,51534.39,0.625,4,0,0,0,0,0.0,0.0,1,1,58,8,685767.62,0.0,1.0,0,0,685767.62,1,definitivo
113,EGV130116K6E,Seguridad,1,1242631.02,1242631.02,1242631.02,0.0,0.0,1,0,0,0,0,0.0,0.0,0,0,789,1,1242631.02,0.0,0.0,0,0,1242631.02,1,no_listado
113,ODK091015XGA,Tecnologia,12,580415.48,48367.96,49633.31,893.52,0.5833,5,0,0,1,12,1.0,1.0,0,0,1123,11,530859.03,0.0,1.0,0,0,580415.48,1,no_listado
113,NTG191204NYZ,Seguridad,4,346822.61,86705.65,135670.04,49818.09,0.0,4,0,0,1,4,1.0,0.0,0,0,304,4,346822.61,0.0,0.0,0,0,346822.61,1,no_listado
113,FECJ700920UM8,Transporte,5,414904.29,82980.86,154932.52,46446.4,0.6,4,0,0,1,3,0.0,0.0,1,0,1032,4,300491.68,0.2,0.0,0,0,414904.29,0,desvirtuado
113,HDU090427NZ6,Consultoria,5,212013.68,42402.74,119870.73,39435.8,1.0,4,1,1,1,3,0.0,0.0,1,0,1317,4,192765.95,0.2,0.0,0,0,212013.68,0,desvirtuado
113,ISC120917NE8,Transporte,7,399255.66,57036.52,85618.43,28289.37,0.4286,4,1,1,1,3,0.0,0.0,1,0,1583,7,399255.66,0.0,0.0,0,0,399255.66,0,favorable
113,TGO080701TX5,Papeleria,7,497502.86,71071.84,166473.89,49239.93,0.5714,4,0,0,1,5,0.0,0.2,1,0,215,6,432582.13,0.1429,0.0,0,0,497502.86,0,favorable
113,IMA180316M31,Seguridad,7,573646.34,81949.48,173190.48,61445.15,0.4286,3,1,1,1,5,0.2,0.0,1,0,2311,6,540256.24,0.1429,0.0,0,0,573646.34,0,presunto
113,IPI171006KS9,Consultoria,7,579172.2,82738.89,134534.36,38796.19,0.4286,4,1,1,1,3,0.6667,0.0,1,0,2150,6,525293.44,0.1429,0.0,0,0,579172.2,0,presunto
113,XSO0306060OS,Transporte,10,447010.15,44701.01,48624.6,2304.48,0.0,5,1,1,1,10,0.0,0.4,0,0,1765,10,447010.15,0.0,0.0,0,0,447010.15,0,no_listado
113,FKN100914IUD,Mantenimiento,1,9860.0,9860.0,9860.0,0.0,0.0,1,0,0,0,0,0.0,0.0,0,0,1123,1,9860.0,0.0,0.0,0,0,9860.0,0,no_listado
113,DOG150522U75,Seguridad,8,556800.0,69600.0,69600.0,0.0,0.0,5,1,1,0,0,0.0,0.0,0,0,1249,6,417600.0,0.0,0.0,0,0,556800.0,0,no_listado
113,BDZ2311229D0,Papeleria,4,54689.39,13672.35,16694.58,1979.6,0.0,3,1,1,0,0,0.0,0.0,0,0,2219,3,37994.81,0.25,0.0,0,0,54689.39,0,no_listado
113,BLC220411PSQ,Consultoria,6,281879.37,46979.89,58451.52,6294.8,0.0,3,1,1,0,0,0.0,0.0,0,0,2208,6,281879.37,0.0,0.0,0,0,281879.37,0,no_listado
113,YBL191221B6X,Construccion,9,461055.73,51228.41,80223.52,14370.85,0.0,4,1,1,1,9,0.0,0.1111,0,0,28,8,408270.23,0.1111,0.0,0,0,461055.73,0,no_listado
113,NEG110524KZ0,Consultoria,5,164121.38,32824.28,45814.64,8047.6,0.0,4,1,1,0,0,0.0,0.0,1,0,2565,4,138411.95,0.2,0.0,0,0,164121.38,0,favorable
113,VXE0201025O7,Limpieza,8,35650.3,4456.29,6080.46,1396.97,0.0,1,0,0,0,0,0.0,0.0,0,0,2406,8,35650.3,0.0,0.0,0,0,35650.3,0,no_listado
113,XWY160705CGO,Mantenimiento,6,40329.87,6721.65,9426.97,1795.19,0.6667,4,1,1,1,6,1.0,0.0,0,0,1587,5,30902.9,0.1667,0.0,0,0,40329.87,0,no_listado
114,DJT180119W93,Limpieza,4,254778.74,63694.69,106428.82,31823.19,0.0,3,1,1,1,4,0.0,0.0,0,0,484,4,254778.74,0.0,0.0,0,0,254778.74,0,no_listado
114,UPA120106M5R,Mantenimiento,6,441905.51,73650.92,150622.2,48275.56,0.6667,4,1,1,1,6,0.0,0.0,0,0,1881,5,423569.68,0.1667,0.0,0,0,441905.51,0,no_listado
114,WEV211221WD7,Papeleria,7,372873.02,53267.57,102293.88,33789.93,0.5714,5,0,0,1,4,0.0,0.0,0,0,1667,4,233649.59,0.4286,0.0,0,0,372873.02,0,no_listado
114,KOQ181105TG8,Mantenimiento,5,528599.92,105719.98,165798.39,42356.96,0.6,3,0,0,1,4,0.0,0.25,0,0,1129,5,528599.92,0.0,0.0,0,0,528599.92,0,no_listado
114,RQB050424CPQ,Tecnologia,9,579255.48,64361.72,147086.91,46168.23,0.4444,4,1,1,1,9,0.0,0.0,0,0,99,6,474080.36,0.3333,0.0,0,0,579255.48,0,no_listado
114,XXV240501YDQ,Mantenimiento,3,242453.64,80817.88,125928.54,41838.78,0.0,2,1,1,1,3,0.0,0.0,0,0,1481,3,242453.64,0.0,0.0,0,0,242453.64,0,no_listado
114,JAA200816NGI,Mantenimiento,8,857779.51,107222.44,172252.3,56762.96,0.875,5,0,0,1,4,0.25,0.0,0,0,2004,8,857779.51,0.0,0.0,0,0,857779.51,0,no_listado
114,DLD020418K05,Transporte,6,630365.5,105060.92,161480.27,45854.69,0.6667,4,1,1,1,6,0.0,0.0,0,0,495,4,378846.97,0.3333,0.0,0,0,630365.5,0,no_listado
114,ULJ11062704V,Seguridad,6,296657.61,49442.93,131487.09,42093.44,0.5,5,1,1,1,6,0.0,0.0,0,0,2511,5,278340.39,0.1667,0.0,0,0,296657.61,0,no_listado
114,VQA081027V1H,Construccion,4,414859.32,103714.83,151301.65,34991.4,0.25,3,1,1,1,4,0.25,0.0,0,0,1062,3,351190.97,0.25,0.0,0,0,414859.32,0,no_listado
114,KXF001118HUL,Tecnologia,8,658026.44,82253.3,149449.26,54581.98,0.75,5,0,0,1,3,0.0,0.0,0,0,1875,8,658026.44,0.0,0.0,0,0,658026.44,0,no_listado
114,UOX2209099KD,Transporte,9,592586.01,65842.89,123909.7,34734.66,0.4444,3,0,0,1,5,0.2,0.2,0,0,1373,7,549584.67,0.2222,0.0,0,1,592586.01,0,no_listado
114,CFE170119M62,Consultoria,8,671950.48,83993.81,172727.86,62514.01,0.5,5,0,0,0,0,0.0,0.0,1,1,306,6,374208.41,0.25,1.0,0,0,671950.48,1,definitivo
114,CBD060523LYQ,Papeleria,1,1115525.61,1115525.61,1115525.61,0.0,1.0,1,0,0,0,0,0.0,0.0,0,0,150,1,1115525.61,0.0,0.0,0,0,1115525.61,1,no_listado
114,PNZ121219QYB,Mantenimiento,12,578753.72,48229.48,49531.73,1153.58,0.4167,6,0,0,1,12,1.0,1.0,0,0,129,9,434808.52,0.0,1.0,0,0,578753.72,1,no_listado
114,DEG020722QMP,Tecnologia,5,400012.42,80002.48,169081.58,63287.17,0.8,5,0,0,1,5,1.0,0.0,0,0,141,5,400012.42,0.0,0.0,0,0,400012.42,1,no_listado
114,OVI1204205E4,Tecnologia,3,272668.13,90889.38,114593.88,21732.16,0.6667,3,1,1,1,1,0.0,0.0,1,0,2404,3,272668.13,0.0,0.0,0,0,272668.13,0,desvirtuado
114,NIT1411243C7,Tecnologia,4,411628.24,102907.06,155817.96,50389.88,0.25,1,1,1,1,2,0.0,0.0,1,0,2130,3,291787.77,0.25,0.0,0,0,411628.24,0,desvirtuado
114,CCD150505KWA,Tecnologia,7,561848.24,80264.03,146425.32,46185.46,0.4286,6,0,0,1,3,0.0,0.3333,1,0,288,5,346547.25,0.2857,0.0,0,0,561848.24,0,favorable
114,PCL110530QH8,Transporte,5,338425.93,67685.19,143297.43,49086.78,0.4,4,0,0,1,2,0.0,0.0,1,0,2636,5,338425.93,0.0,0.0,0,0,338425.93,0,favorable
114,CCA1710045W8,Publicidad,5,367096.8,73419.36,173264.62,57999.53,0.6,4,0,0,1,4,0.0,0.0,1,0,201,4,193832.18,0.2,0.0,0,0,367096.8,0,presunto
114,GMO101124K89,Limpieza,7,659514.96,94216.42,169458.65,64124.69,0.4286,3,1,1,1,4,0.25,0.0,1,0,186,4,313412.91,0.4286,0.0,0,0,659514.96,0,presunto
114,EUN1412051ZS,Transporte,10,454068.23,45406.82,47826.06,2145.12,0.0,6,1,1,1,10,0.0,0.7,0,0,1734,10,454068.23,0.0,0.0,0,0,454068.23,0,no_listado
114,HVU110409LAW,Mantenimiento,1,9860.0,9860.0,9860.0,0.0,0.0,1,0,0,0,0,0.0,0.0,0,0,1181,1,9860.0,0.0,0.0,0,0,9860.0,0,no_listado
114,ISD011109BHX,Seguridad,8,556800.0,69600.0,69600.0,0.0,0.0,5,1,1,0,0,0.0,0.0,0,0,1249,7,487200.0,0.0,0.0,0,0,556800.0,0,no_listado
114,KEY090727HKB,Papeleria,4,57981.23,14495.31,16253.42,1688.5,0.0,4,1,1,0,0,0.0,0.0,0,0,2147,4,57981.23,0.0,0.0,0,0,57981.23,0,no_listado
114,PAN2110208I1,Consultoria,6,306237.06,51039.51,57192.54,4846.02,0.0,4,1,1,0,0,0.0,0.0,0,0,2212,5,255920.39,0.0,0.0,0,0,306237.06,0,no_listado
114,SFO090806TQE,Construccion,9,500138.21,55570.91,77387.24,11537.69,0.0,4,1,1,1,9,0.0,0.3333,0,0,39,8,446196.75,0.1111,0.0,0,0,500138.21,0,no_listado
114,ESR1508186K1,Consultoria,5,177206.59,35441.32,45975.7,7191.86,0.0,4,1,1,0,0,0.0,0.0,1,0,2638,4,131230.89,0.2,0.0,0,0,177206.59,0,favorable
114,BYN250109CZF,Limpieza,8,33556.01,4194.5,5813.18,1151.02,0.0,1,0,0,0,0,0.0,0.0,0,0,2422,8,33556.01,0.0,0.0,0,0,33556.01,0,no_listado
114,NTB0904013PG,Mantenimiento,6,43569.94,7261.66,8437.92,953.92,0.6667,3,1,1,1,6,1.0,0.0,0,0,1590,4,30294.86,0.1667,0.0,0,0,43569.94,0,no_listado
115,QKS111025267,Logistica,3,387799.04,129266.35,146845.17,20295.71,0.3333,2,0,0,1,2,0.0,0.0,0,0,643,3,387799.04,0.0,0.0,0,0,387799.04,0,no_listado
115,DHS020106J1W,Consultoria,7,570730.4,81532.91,146929.87,42218.17,0.4286,5,1,1,1,7,0.1429,0.1429,0,0,1608,4,217819.18,0.4286,0.0,0,0,570730.4,0,no_listado
115,BAF241015KKJ,Seguridad,4,303251.08,75812.77,117780.29,38548.82,0.25,3,1,1,1,4,0.25,0.0,0,0,201,2,167852.78,0.5,0.0,0,0,303251.08,0,no_listado
115,XBF131202H5L,Seguridad,9,747839.13,83093.24,168461.94,49926.25,0.6667,4,1,1,1,9,0.0,0.0,0,0,69,6,358155.66,0.3333,0.0,0,0,747839.13,0,no_listado
115,FAI200413BAT,Logistica,5,431672.89,86334.58,167673.96,51483.24,0.6,4,1,1,1,5,0.0,0.0,0,0,2058,5,431672.89,0.0,0.0,0,0,431672.89,0,no_listado
115,DAV1604196MV,Logistica,8,615849.63,76981.2,131973.43,36747.67,0.375,5,1,1,1,8,0.125,0.0,0,0,2510,6,464899.64,0.25,0.0,0,0,615849.63,0,no_listado
115,GXF261027CAM,Consultoria,4,237172.05,59293.01,107741.44,37196.96,0.25,3,1,1,1,4,0.0,0.0,0,0,2260,4,237172.05,0.0,0.0,0,0,237172.05,0,no_listado
115,JPL180320ELA,Tecnologia,3,119346.96,39782.32,61835.98,18121.36,0.6667,2,1,1,1,3,0.0,0.0,0,0,110,3,119346.96,0.0,0.0,0,0,119346.96,0,no_listado
115,NJI190422Y53,Logistica,5,425613.18,85122.64,120615.55,23310.09,0.8,4,0,0,1,1,0.0,0.0,0,0,1931,3,265545.11,0.4,0.0,0,0,425613.18,0,no_listado
115,TYW070712UL6,Transporte,7,741771.87,105967.41,169834.93,40636.24,0.4286,4,1,1,1,7,0.1429,0.0,0,0,2306,6,639418.34,0.1429,0.0,0,0,741771.87,0,no_listado
115,WXP001204ZJJ,Seguridad,8,400519.03,50064.88,150585.13,41446.8,0.625,5,1,1,1,8,0.125,0.125,0,0,1345,8,400519.03,0.0,0.0,0,0,400519.03,0,no_listado
115,ZTH200902HB3,Consultoria,9,816993.14,90777.02,154251.86,48650.53,0.5556,6,1,1,1,9,0.0,0.1111,0,0,1369,6,692861.67,0.3333,0.0,0,0,816993.14,0,no_listado
115,SOC161011T69,Consultoria,8,536602.71,67075.34,138324.14,46027.56,0.75,4,0,0,0,0,0.0,0.0,1,1,162,7,519013.94,0.125,1.0,0,0,536602.71,1,definitivo
115,SIB1504150H0,Transporte,1,1100525.11,1100525.11,1100525.11,0.0,1.0,1,0,0,0,0,0.0,0.0,0,0,2587,1,1100525.11,0.0,0.0,0,0,1100525.11,1,no_listado
115,KBT140317AQG,Limpieza,10,481366.16,48136.62,49510.39,943.1,0.1,5,0,0,1,10,1.0,1.0,0,0,920,8,385600.48,0.0,1.0,0,0,481366.16,1,no_listado
115,YCS220517WMR,Papeleria,5,380412.05,76082.41,149755.86,42871.86,0.4,3,0,0,1,5,1.0,0.0,0,0,367,5,380412.05,0.0,0.0,0,0,380412.05,1,no_listado
115,QUVJ7905023ZA,Limpieza,4,292337.17,73084.29,148208.84,48002.91,0.75,3,0,0,1,2,0.0,0.0,1,0,1085,3,274937.17,0.25,0.0,0,0,292337.17,0,desvirtuado
115,ERE071024FQ2,Construccion,6,452638.66,75439.78,172923.96,58369.78,0.5,4,1,1,1,4,0.0,0.0,1,0,109,6,452638.66,0.0,0.0,0,0,452638.66,0,desvirtuado
115,CMA910225TRA,Seguridad,6,661795.29,110299.21,163498.25,58233.39,0.5,5,1,1,1,5,0.0,0.0,1,0,2511,5,643666.83,0.1667,0.0,0,0,661795.29,0,favorable
115,PDC130201618,Logistica,4,191122.33,47780.58,135258.76,50512.67,0.75,3,1,1,0,0,0.0,0.0,1,0,159,3,172581.78,0.25,0.0,0,0,191122.33,0,favorable
115,GOFS820607PG7,Seguridad,7,554444.34,79206.33,171822.48,58882.57,0.5714,4,0,0,1,4,0.25,0.0,1,0,657,3,172164.36,0.5714,0.0,0,0,554444.34,0,presunto
115,GCE200401FF1,Papeleria,5,611891.24,122378.25,170610.11,55240.45,0.6,4,1,1,1,4,0.25,0.0,1,0,1118,4,441281.13,0.2,0.0,0,0,611891.24,0,presunto
115,WAI260108IMY,Transporte,10,440663.1,44066.31,47612.71,2000.43,0.0,5,1,1,1,10,0.0,0.3,0,0,1710,8,353160.39,0.0,0.0,0,0,440663.1,0,no_listado
115,HAR091102QWC,Mantenimiento,1,9860.0,9860.0,9860.0,0.0,0.0,1,0,0,0,0,0.0,0.0,0,0,1225,1,9860.0,0.0,0.0,0,0,9860.0,0,no_listado
115,WYN220312AZL,Seguridad,8,556800.0,69600.0,69600.0,0.0,0.0,4,1,1,0,0,0.0,0.0,0,0,1249,7,487200.0,0.0,0.0,0,0,556800.0,0,no_listado
115,CFN151126JTH,Papeleria,4,56329.86,14082.47,16742.48,2343.38,0.0,3,1,1,0,0,0.0,0.0,0,0,2233,3,42761.11,0.25,0.0,0,0,56329.86,0,no_listado
115,REN080702OJW,Consultoria,6,311125.15,51854.19,61121.13,7140.16,0.0,3,1,1,0,0,0.0,0.0,0,0,2206,5,268206.34,0.0,0.0,0,0,311125.15,0,no_listado
115,RJV0810213RI,Construccion,9,579907.94,64434.22,80586.66,16208.57,0.0,6,1,1,1,9,0.0,0.0,0,0,73,9,579907.94,0.0,0.0,0,0,579907.94,0,no_listado
115,PSM110922MC7,Consultoria,5,175970.73,35194.15,43840.88,4586.37,0.0,5,1,1,0,0,0.0,0.0,1,0,2567,5,175970.73,0.0,0.0,0,0,175970.73,0,favorable
115,GKR140410QBT,Limpieza,8,33724.89,4215.61,6316.98,1212.76,0.0,1,0,0,0,0,0.0,0.0,0,0,2436,8,33724.89,0.0,0.0,0,0,33724.89,0,no_listado
115,RYQ16081527M,Mantenimiento,6,36759.12,6126.52,8234.52,1210.01,0.3333,4,1,1,1,6,1.0,0.0,0,0,1590,6,36759.12,0.0,0.0,0,0,36759.12,0,no_listado
116,URV2012054EB,Publicidad,3,79860.17,26620.06,42058.6,10920.1,0.3333,2,1,1,1,3,0.3333,0.0,0,0,2176,2,61293.04,0.3333,0.0,0,0,79860.17,0,no_listado
116,ZUJ031105DYE,Papeleria,9,548068.37,60896.49,147315.93,45087.46,0.5556,5,0,0,1,6,0.0,0.0,0,0,234,7,415486.15,0.1111,0.0,0,0,548068.37,0,no_listado
116,UAV020605MOX,Seguridad,4,264911.31,66227.83,104463.42,34562.12,0.5,2,1,1,1,4,0.0,0.25,0,0,2470,3,160447.89,0.25,0.0,0,0,264911.31,0,no_listado
116,IAC0507166X1,Limpieza,5,409373.44,81874.69,146461.12,49879.74,0.2,4,0,0,1,2,0.5,0.0,0,0,2380,5,409373.44,0.0,0.0,0,0,409373.44,0,no_listado
116,BIY221009402,Limpieza,5,391053.32,78210.66,153262.85,53984.47,0.8,3,1,1,1,5,0.0,0.0,0,0,409,4,372970.06,0.2,0.0,0,0,391053.32,0,no_listado
116,UKN020828BQ7,Transporte,9,581441.61,64604.62,163548.83,49365.48,0.3333,4,0,0,1,5,0.0,0.0,0,0,1657,8,563456.71,0.1111,0.0,0,0,581441.61,0,no_listado
116,BUZ230422K6A,Papeleria,3,346539.04,115513.01,140009.69,21998.81,0.3333,3,1,1,1,3,0.0,0.0,0,0,913,3,346539.04,0.0,0.0,0,0,346539.04,0,no_listado
116,FJG040513WBE,Tecnologia,5,316234.12,63246.82,76525.43,9413.47,0.8,3,0,0,1,4,0.5,0.0,0,0,1269,3,182313.55,0.4,0.0,0,0,316234.12,0,no_listado
116,IZP001205SBT,Transporte,8,474936.61,59367.08,128063.23,38683.76,0.5,4,1,1,1,8,0.125,0.125,0,0,905,8,474936.61,0.0,0.0,0,0,474936.61,0,no_listado
116,UIT110817TGN,Consultoria,3,297481.16,99160.39,126967.19,25517.38,0.3333,3,0,0,1,2,0.0,0.0,0,0,2393,3,297481.16,0.0,0.0,0,0,297481.16,0,no_listado
116,XYI111228DTB,Publicidad,7,452218.3,64602.61,133635.54,43968.23,0.4286,5,0,0,1,2,0.0,0.0,0,0,847,6,318582.76,0.1429,0.0,0,0,452218.3,0,no_listado
116,KSJ2007259OE,Transporte,4,335488.1,83872.03,167884.02,66983.31,0.5,3,1,1,1,4,0.0,0.0,0,0,871,4,335488.1,0.0,0.0,0,0,335488.1,0,no_listado
116,CUD121019DH1,Consultoria,7,805336.14,115048.02,160899.78,44739.56,0.5714,4,0,0,0,0,0.0,0.0,1,1,993,7,805336.14,0.0,1.0,0,0,805336.14,1,definitivo
116,BKE240603TJ9,Construccion,1,1085116.34,1085116.34,1085116.34,0.0,0.0,1,1,1,0,0,0.0,0.0,0,0,2042,1,1085116.34,0.0,0.0,0,0,1085116.34,1,no_listado
116,SHP140113EOA,Papeleria,14,675708.79,48264.91,49774.87,1133.66,0.5,5,0,0,1,14,1.0,1.0,0,0,205,13,626938.7,0.0,1.0,0,0,675708.79,1,no_listado
116,BFS190708DSY,Consultoria,4,201291.81,50322.95,105846.88,35807.82,0.75,4,0,0,1,4,1.0,0.0,0,0,135,4,201291.81,0.0,0.0,0,0,201291.81,1,no_listado
116,BTM0409096G7,Papeleria,5,488073.6,97614.72,139427.46,35715.82,0.6,4,0,0,1,3,0.3333,0.0,1,0,929,5,488073.6,0.0,0.0,0,0,488073.6,0,desvirtuado
116,MCO150312674,Seguridad,4,149580.83,37395.21,65927.58,19647.01,0.0,3,1,1,1,3,0.0,0.3333,1,0,1820,3,130604.27,0.25,0.0,0,0,149580.83,0,desvirtuado
116,EEU140313RF6,Publicidad,3,222288.67,74096.22,107500.23,40103.48,0.3333,2,1,1,1,2,0.0,0.0,1,0,2037,2,114788.44,0.3333,0.0,0,0,222288.67,0,favorable
116,FCO110208GU7,Consultoria,4,319917.17,79979.29,147868.54,46604.59,0.5,3,1,1,1,3,0.3333,0.0,1,0,788,4,319917.17,0.0,0.0,0,0,319917.17,0,favorable
116,AOHG900704F74,Construccion,5,334617.55,66923.51,124228.29,42543.32,0.6,3,0,0,1,2,0.0,0.0,1,0,2416,4,317185.65,0.2,0.0,0,0,334617.55,0,presunto
116,MSE151127J89,Transporte,4,308591.65,77147.91,158156.08,61326.42,0.25,3,0,0,1,1,0.0,0.0,1,0,132,2,132352.31,0.5,0.0,0,0,308591.65,0,presunto
116,ING1011285KH,Transporte,10,446021.1,44602.11,48104.16,2588.45,0.0,6,1,1,1,10,0.0,0.5,0,0,1702,10,446021.1,0.0,0.0,0,0,446021.1,0,no_listado
116,AYN230206XTG,Mantenimiento,1,9860.0,9860.0,9860.0,0.0,0.0,1,0,0,0,0,0.0,0.0,0,0,1127,1,9860.0,0.0,0.0,0,0,9860.0,0,no_listado
116,TAR130321G3M,Seguridad,8,556800.0,69600.0,69600.0,0.0,0.0,5,1,1,0,0,0.0,0.0,0,0,1249,6,417600.0,0.0,0.0,0,0,556800.0,0,no_listado
116,XHC120108GWI,Papeleria,4,58309.4,14577.35,16459.85,1681.51,0.0,2,1,1,0,0,0.0,0.0,0,0,2203,4,58309.4,0.0,0.0,0,0,58309.4,0,no_listado
116,FBO090106DLV,Consultoria,6,326738.2,54456.37,61513.47,5437.86,0.0,3,1,1,0,0,0.0,0.0,0,0,2244,6,326738.2,0.0,0.0,0,0,326738.2,0,no_listado
116,WEU030627OE3,Construccion,9,554579.09,61619.9,76678.46,11513.77,0.0,4,1,1,1,9,0.0,0.0,0,0,101,8,479866.66,0.1111,0.0,0,0,554579.09,0,no_listado
116,PNJ13021886A,Consultoria,5,188080.52,37616.1,44767.78,5733.26,0.0,4,1,1,0,0,0.0,0.0,1,0,2683,4,144411.16,0.2,0.0,0,0,188080.52,0,favorable
116,SGT230415PLJ,Limpieza,8,33904.68,4238.09,6478.1,1228.44,0.0,1,0,0,0,0,0.0,0.0,0,0,2428,8,33904.68,0.0,0.0,0,0,33904.68,0,no_listado
116,HRI190922YIL,Mantenimiento,6,48916.5,8152.75,10339.61,1797.22,0.8333,3,1,1,1,6,1.0,0.0,0,0,1662,6,48916.5,0.0,0.0,0,0,48916.5,0,no_listado
117,RZF150618ULG,Tecnologia,9,617994.36,68666.04,155208.96,40376.95,0.4444,4,1,1,1,9,0.0,0.0,0,0,2234,5,314630.92,0.4444,0.0,0,0,617994.36,0,no_listado
117,BOG240301YE7,Transporte,9,857164.97,95240.55,164043.51,47909.21,0.4444,4,0,0,1,6,0.0,0.0,0,0,1834,7,719074.54,0.2222,0.0,0,0,857164.97,0,no_listado
117,QFW081214M2J,Transporte,9,570894.76,63432.75,117520.53,42564.48,0.4444,6,1,1,1,9,0.0,0.0,0,0,2385,6,373537.24,0.3333,0.0,0,0,570894.76,0,no_listado
117,ROW170318IHU,Papeleria,9,657784.47,73087.16,121247.38,41592.58,1.0,6,1,1,1,9,0.1111,0.0,0,0,977,8,639111.0,0.1111,0.0,0,0,657784.47,0,no_listado
117,UJT1410278DV,Papeleria,5,386681.14,77336.23,159690.68,48223.56,0.2,4,1,1,1,5,0.2,0.0,0,0,2511,4,226990.46,0.2,0.0,0,0,386681.14,0,no_listado
117,ABL080608MD7,Consultoria,9,688174.4,76463.82,160824.06,58473.36,0.3333,6,1,1,1,9,0.0,0.0,0,0,2037,9,688174.4,0.0,0.0,0,0,688174.4,0,no_listado
117,VSY200221U8F,Papeleria,7,685659.72,97951.39,158056.32,48113.37,0.4286,5,0,0,1,1,0.0,0.0,0,0,787,7,685659.72,0.0,0.0,0,0,685659.72,0,no_listado
117,GSN050704LBG,Construccion,5,467429.98,93486.0,157966.85,49987.26,0.6,3,0,0,1,1,0.0,0.0,0,0,2263,5,467429.98,0.0,0.0,0,0,467429.98,0,no_listado
117,EUQ190519KXQ,Publicidad,8,790520.01,98815.0,142704.55,44492.87,0.25,5,1,1,1,8,0.125,0.125,0,0,1562,7,768212.43,0.125,0.0,0,0,790520.01,0,no_listado
117,YHM020723LD1,Publicidad,3,258983.38,86327.79,120346.11,47550.42,0.3333,2,1,1,1,3,0.3333,0.0,0,0,2388,3,258983.38,0.0,0.0,0,0,258983.38,0,no_listado
117,CIB210507UZV,Logistica,3,208382.6,69460.87,107872.44,38012.55,0.3333,2,1,1,1,3,0.3333,0.0,0,0,2442,3,208382.6,0.0,0.0,0,0,208382.6,0,no_listado
117,TII080409LNA,Construccion,8,635403.74,79425.47,155208.96,50228.99,0.375,4,0,0,1,5,0.2,0.0,0,0,2135,8,635403.74,0.0,0.0,0,0,635403.74,0,no_listado
117,RCE091007K68,Consultoria,5,508565.13,101713.03,164124.0,55909.92,0.4,4,1,1,0,0,0.0,0.0,1,1,183,4,344521.62,0.0,1.0,0,0,508565.13,1,definitivo
117,IPC211111VN5,Limpieza,1,1623097.43,1623097.43,1623097.43,0.0,0.0,1,0,0,0,0,0.0,0.0,0,0,1675,1,1623097.43,0.0,0.0,0,0,1623097.43,1,no_listado
117,VZW071105D5U,Transporte,13,631199.08,48553.78,49739.56,742.11,0.6154,6,0,0,1,13,1.0,1.0,0,0,321,11,533411.44,0.0,1.0,0,0,631199.08,1,no_listado
117,OYI010809KXV,Publicidad,4,329117.01,82279.25,100132.2,18644.85,0.5,3,0,0,1,4,1.0,0.0,0,0,229,4,329117.01,0.0,0.0,0,0,329117.01,1,no_listado
117,AUFD8111263L4,Tecnologia,7,482402.74,68914.68,148293.91,49706.8,0.7143,4,1,1,1,4,0.25,0.0,1,0,2284,5,234948.65,0.2857,0.0,0,0,482402.74,0,desvirtuado
117,TAY030228QX1,Construccion,3,193755.71,64585.24,115867.64,40280.8,0.0,3,1,1,1,1,0.0,0.0,1,0,1956,2,176291.9,0.3333,0.0,0,0,193755.71,0,desvirtuado
117,BCN120417C90,Publicidad,7,638434.28,91204.9,150965.82,49147.18,0.5714,5,0,0,1,2,0.0,0.0,1,0,1964,7,638434.28,0.0,0.0,0,0,638434.28,0,favorable
117,GOJV650803UW3,Construccion,4,153166.95,38291.74,66423.65,21409.95,0.75,2,0,0,1,2,0.0,0.0,1,0,2032,2,83855.55,0.5,0.0,0,0,153166.95,0,favorable
117,BURS000325P39,Seguridad,4,280544.79,70136.2,98713.8,30212.0,0.75,3,1,1,1,3,0.0,0.0,1,0,199,1,82735.29,0.75,0.0,0,0,280544.79,0,presunto
117,PST130404HU8,Publicidad,4,379667.43,94916.86,165578.7,49975.89,1.0,3,0,0,1,3,0.0,0.0,1,0,2393,3,268526.68,0.25,0.0,0,0,379667.43,0,presunto
117,PTG2503136A9,Transporte,10,448482.92,44848.29,47854.98,2284.28,0.0,6,1,1,1,10,0.0,0.6,0,0,1760,7,309499.37,0.1,0.0,0,0,448482.92,0,no_listado
117,MLX231003757,Mantenimiento,1,9860.0,9860.0,9860.0,0.0,0.0,1,0,0,0,0,0.0,0.0,0,0,1079,1,9860.0,0.0,0.0,0,0,9860.0,0,no_listado
117,UTC030716HJ2,Seguridad,8,556800.0,69600.0,69600.0,0.0,0.0,5,1,1,0,0,0.0,0.0,0,0,1249,7,487200.0,0.0,0.0,0,0,556800.0,0,no_listado
117,YIK01080110P,Papeleria,4,46864.25,11716.06,13043.91,811.68,0.0,1,1,1,0,0,0.0,0.0,0,0,2179,3,35958.21,0.25,0.0,0,0,46864.25,0,no_listado
117,ZFZ011007NO3,Consultoria,6,318229.16,53038.19,63569.22,7653.11,0.0,6,1,1,0,0,0.0,0.0,0,0,2206,6,318229.16,0.0,0.0,0,0,318229.16,0,no_listado
117,RWE180714MO2,Construccion,9,511930.95,56881.22,73325.19,12154.4,0.0,5,1,1,1,9,0.0,0.0,0,0,107,8,438605.76,0.1111,0.0,0,0,511930.95,0,no_listado
117,GMS170407V1A,Consultoria,5,141206.43,28241.29,36498.55,4153.35,0.0,4,1,1,0,0,0.0,0.0,1,0,2631,4,115027.48,0.2,0.0,0,0,141206.43,0,favorable
117,IQV0002168BW,Limpieza,8,34979.57,4372.45,6388.89,1309.85,0.0,1,0,0,0,0,0.0,0.0,0,0,2412,8,34979.57,0.0,0.0,0,0,34979.57,0,no_listado
117,YKJ2002272RW,Mantenimiento,6,46328.01,7721.34,10292.07,1892.23,0.6667,3,1,1,1,6,1.0,0.0,0,0,1598,5,41545.79,0.1667,0.0,0,0,46328.01,0,no_listado
118,KJX060122GPF,Papeleria,9,767142.37,85238.04,156978.58,45753.8,0.4444,5,0,0,1,5,0.0,0.0,0,0,1029,7,705336.23,0.2222,0.0,0,0,767142.37,0,no_listado
118,NJJ041004QL3,Limpieza,6,420227.15,70037.86,120145.99,39661.04,0.5,4,1,1,1,6,0.3333,0.0,0,0,787,5,344632.87,0.1667,0.0,0,0,420227.15,0,no_listado
118,YLS1109271AR,Papeleria,6,458569.85,76428.31,120313.77,43618.12,0.6667,3,1,1,1,6,0.0,0.0,0,0,2401,3,256381.21,0.5,0.0,0,0,458569.85,0,no_listado
118,CNR010301INI,Mantenimiento,6,538273.81,89712.3,166811.91,53459.39,0.6667,3,0,0,1,4,0.0,0.0,0,0,1712,5,518752.24,0.1667,0.0,0,0,538273.81,0,no_listado
118,BRP20010177L,Consultoria,6,607710.76,101285.13,149103.85,27493.09,0.6667,3,0,0,1,3,0.3333,0.0,0,0,157,5,507423.24,0.1667,0.0,0,0,607710.76,0,no_listado
118,HWY110128AZ2,Tecnologia,3,188602.54,62867.51,119814.9,42141.33,0.3333,1,1,1,1,3,0.3333,0.3333,0,0,1751,3,188602.54,0.0,0.0,0,0,188602.54,0,no_listado
118,ZVD070408ZXV,Tecnologia,7,445903.89,63700.56,136137.83,47079.55,0.8571,4,1,1,1,7,0.0,0.0,0,0,210,6,391448.12,0.1429,0.0,0,0,445903.89,0,no_listado
118,FUO120526KA6,Tecnologia,5,349595.81,69919.16,141195.39,46708.48,0.4,4,1,1,1,5,0.0,0.0,0,0,107,4,331730.56,0.2,0.0,0,0,349595.81,0,no_listado
118,YNF2410142F6,Limpieza,3,148799.14,49599.71,81780.68,25447.01,0.6667,2,1,1,1,3,0.0,0.3333,0,0,2375,2,129240.35,0.3333,0.0,0,0,148799.14,0,no_listado
118,AKD051226JY4,Logistica,5,297171.02,59434.2,107696.98,35775.51,0.4,4,0,0,1,3,0.0,0.0,0,0,155,5,297171.02,0.0,0.0,0,0,297171.02,0,no_listado
118,JKP230812OD1,Mantenimiento,3,429484.09,143161.36,172217.06,27342.21,0.0,2,0,0,1,1,0.0,0.0,0,0,400,3,429484.09,0.0,0.0,0,0,429484.09,0,no_listado
118,IVL210805S6V,Logistica,9,906095.43,100677.27,169870.02,52858.77,0.4444,4,1,1,1,9,0.1111,0.0,0,0,103,7,593107.36,0.1111,0.0,0,0,906095.43,0,no_listado
118,JUGM470815857,Consultoria,8,552302.47,69037.81,170842.58,51507.78,0.625,5,0,0,0,0,0.0,0.0,1,1,255,7,461233.53,0.125,1.0,0,0,552302.47,1,definitivo
118,CFJ0712254L5,Limpieza,1,1305227.16,1305227.16,1305227.16,0.0,0.0,1,0,0,0,0,0.0,0.0,0,0,2368,1,1305227.16,0.0,0.0,0,0,1305227.16,1,no_listado
118,URX220821B3P,Logistica,14,667642.33,47688.74,48957.29,665.5,0.5714,6,0,0,1,14,1.0,1.0,0,0,287,13,618853.59,0.0,1.0,0,0,667642.33,1,no_listado
118,CXE190320LVW,Consultoria,6,471012.47,78502.08,127345.11,43230.09,0.8333,5,0,0,1,6,1.0,0.0,0,0,150,6,471012.47,0.0,0.0,0,0,471012.47,1,no_listado
118,EXP130207PU0,Mantenimiento,5,532725.81,106545.16,154251.86,43188.69,0.6,4,0,0,1,3,0.3333,0.0,1,0,117,5,532725.81,0.0,0.0,0,0,532725.81,0,desvirtuado
118,CSH040531497,Transporte,7,635534.56,90790.65,168735.95,49388.35,0.7143,5,0,0,1,4,0.0,0.0,1,0,73,4,444872.1,0.4286,0.0,0,0,635534.56,0,desvirtuado
118,TBU070709819,Papeleria,6,595915.26,99319.21,153705.32,43145.97,0.6667,4,1,1,1,3,0.3333,0.3333,1,0,238,6,595915.26,0.0,0.0,0,0,595915.26,0,favorable
118,MEN051115CN9,Seguridad,5,293930.07,58786.01,122253.9,38416.57,0.2,4,1,1,1,3,0.0,0.0,1,0,1531,5,293930.07,0.0,0.0,0,0,293930.07,0,favorable
118,MELI030225DI6,Limpieza,7,636770.38,90967.2,159574.39,48281.66,0.8571,4,0,0,1,3,0.0,0.0,1,0,541,5,543080.98,0.2857,0.0,0,0,636770.38,0,presunto
118,ESL150413KL5,Tecnologia,3,284509.6,94836.53,162129.73,58944.18,0.3333,3,1,1,1,1,0.0,0.0,1,0,1882,0,0.0,1.0,0.0,0,0,284509.6,0,presunto
118,FNJ200615ZBK,Transporte,10,452379.58,45237.96,48289.2,2440.32,0.0,6,1,1,1,10,0.0,0.7,0,0,1733,9,406648.26,0.0,0.0,0,0,452379.58,0,no_listado
118,SPB21051299S,Mantenimiento,1,9860.0,9860.0,9860.0,0.0,0.0,1,0,0,0,0,0.0,0.0,0,0,1058,1,9860.0,0.0,0.0,0,0,9860.0,0,no_listado
118,YLZ170422UGK,Seguridad,8,556800.0,69600.0,69600.0,0.0,0.0,4,1,1,0,0,0.0,0.0,0,0,1249,8,556800.0,0.0,0.0,0,0,556800.0,0,no_listado
118,XAG240311TSS,Papeleria,4,54574.69,13643.67,15535.28,1845.01,0.0,2,1,1,0,0,0.0,0.0,0,0,2238,4,54574.69,0.0,0.0,0,0,54574.69,0,no_listado
118,ZYZ2306075VQ,Consultoria,6,315949.92,52658.32,63278.56,9187.75,0.0,5,1,1,0,0,0.0,0.0,0,0,2232,6,315949.92,0.0,0.0,0,0,315949.92,0,no_listado
118,FGY030417ULI,Construccion,9,533198.9,59244.32,74588.97,8993.2,0.0,5,1,1,1,9,0.0,0.3333,0,0,29,9,533198.9,0.0,0.0,0,0,533198.9,0,no_listado
118,SPP120123KH7,Consultoria,5,159023.16,31804.63,33822.51,2826.19,0.0,3,1,1,0,0,0.0,0.0,1,0,2572,4,132787.34,0.2,0.0,0,0,159023.16,0,favorable
118,KYL010917N9Z,Limpieza,8,36041.23,4505.15,5983.22,1086.57,0.0,1,0,0,0,0,0.0,0.0,0,0,2430,8,36041.23,0.0,0.0,0,0,36041.23,0,no_listado
118,ORY171113JGG,Mantenimiento,6,43298.96,7216.49,9240.77,1564.18,0.6667,5,1,1,1,6,1.0,0.0,0,0,1590,2,15640.43,0.6667,0.0,0,0,43298.96,0,no_listado
119,ATD041206F6H,Limpieza,7,649847.1,92835.3,149275.13,39563.56,0.4286,5,1,1,1,7,0.1429,0.0,0,0,551,7,649847.1,0.0,0.0,0,0,649847.1,0,no_listado
119,QID260514NNA,Construccion,6,569386.69,94897.78,169595.97,66548.1,0.5,4,0,0,1,4,0.0,0.0,0,0,148,6,569386.69,0.0,0.0,0,0,569386.69,0,no_listado
119,AKU24012862L,Publicidad,5,169703.13,33940.63,59376.77,18127.15,0.2,4,1,1,1,5,0.2,0.0,0,0,1437,5,169703.13,0.0,0.0,0,0,169703.13,0,no_listado
119,RZN131127CZE,Mantenimiento,6,649929.58,108321.6,164525.4,52403.73,0.3333,3,1,1,1,6,0.0,0.0,0,0,1491,6,649929.58,0.0,0.0,0,0,649929.58,0,no_listado
119,CMA181112ZVC,Transporte,5,396214.79,79242.96,163099.28,63187.46,0.8,4,1,1,1,5,0.0,0.2,0,0,2438,5,396214.79,0.0,0.0,0,0,396214.79,0,no_listado
119,SZC140725O4L,Transporte,8,699571.54,87446.44,151632.27,55153.94,0.375,5,1,1,1,8,0.0,0.0,0,0,1426,7,679829.3,0.0,0.0,0,0,699571.54,0,no_listado
119,VUX0906156HV,Seguridad,8,845393.71,105674.21,170413.54,57835.82,0.375,6,1,1,1,8,0.0,0.0,0,0,1259,8,845393.71,0.0,0.0,0,0,845393.71,0,no_listado
119,HXW051219BXF,Seguridad,9,977301.1,108589.01,160354.2,41577.03,0.5556,6,1,1,1,9,0.2222,0.0,0,0,1941,7,782265.42,0.1111,0.0,0,0,977301.1,0,no_listado
119,JUI1904095D9,Limpieza,5,325398.92,65079.78,122555.57,47480.5,0.6,3,1,1,1,5,0.0,0.0,0,0,2260,2,140199.74,0.4,0.0,0,0,325398.92,0,no_listado
119,FDO171006I37,Seguridad,8,543863.31,67982.91,164006.25,55953.75,0.625,3,0,0,1,4,0.0,0.0,0,0,282,7,526008.68,0.0,0.0,0,0,543863.31,0,no_listado
119,RLV22092335M,Tecnologia,3,239880.55,79960.18,96541.45,18031.45,0.3333,2,1,1,1,3,0.0,0.0,0,0,1437,3,239880.55,0.0,0.0,0,0,239880.55,0,no_listado
119,RAU050913TBT,Construccion,7,596297.0,85185.29,140009.69,46113.81,0.8571,3,1,1,1,7,0.1429,0.0,0,0,1027,7,596297.0,0.0,0.0,0,0,596297.0,0,no_listado
119,RRE090306DU5,Consultoria,8,588089.01,73511.13,164349.23,50584.94,0.75,4,0,0,0,0,0.0,0.0,1,1,216,7,442372.77,0.125,1.0,0,0,588089.01,1,definitivo
119,UCE2604019WM,Papeleria,1,1716979.49,1716979.49,1716979.49,0.0,1.0,1,0,0,0,0,0.0,0.0,0,0,167,1,1716979.49,0.0,0.0,0,0,1716979.49,1,no_listado
119,QKZ0810172DK,Logistica,12,582136.68,48511.39,49643.34,672.91,0.6667,6,1,1,1,12,1.0,1.0,0,0,128,12,582136.68,0.0,1.0,0,0,582136.68,1,no_listado
119,FUS101123N2C,Tecnologia,5,437058.1,87411.62,154940.43,57731.78,0.6,3,0,0,1,5,1.0,0.0,0,0,149,5,437058.1,0.0,0.0,0,0,437058.1,1,no_listado
119,JAJ000823DE9,Construccion,5,511505.3,102301.06,171680.35,62717.08,0.8,4,0,0,1,3,0.0,0.0,1,0,173,3,169411.41,0.4,0.0,0,0,511505.3,0,desvirtuado
119,ZEHD630424369,Seguridad,6,472753.26,78792.21,165319.3,60757.38,0.3333,4,1,1,1,4,0.0,0.0,1,0,1059,6,472753.26,0.0,0.0,0,0,472753.26,0,desvirtuado
119,LSE171130RM6,Limpieza,3,258235.3,86078.43,142878.64,51360.68,0.0,2,1,1,1,2,0.0,0.0,1,0,1199,3,258235.3,0.0,0.0,0,0,258235.3,0,favorable
119,CJA120220B41,Mantenimiento,7,360270.6,51467.23,93659.0,29942.14,0.5714,4,1,1,1,5,0.0,0.2,1,0,463,7,360270.6,0.0,0.0,0,0,360270.6,0,favorable
119,TRA171012HXA,Logistica,4,268014.27,67003.57,165004.05,57408.07,0.25,2,1,1,1,2,0.5,0.0,1,0,196,1,165004.05,0.75,0.0,0,0,268014.27,0,presunto
119,TIC121127C80,Mantenimiento,3,205087.34,68362.45,96960.27,36059.1,0.6667,3,1,1,1,2,0.5,0.0,1,0,1656,2,187588.97,0.3333,0.0,0,0,205087.34,0,presunto
119,VCG200404W39,Transporte,10,454155.91,45415.59,48640.01,2614.36,0.0,6,1,1,1,10,0.0,0.6,0,0,1713,10,454155.91,0.0,0.0,0,0,454155.91,0,no_listado
119,SPU050613DEW,Mantenimiento,1,9860.0,9860.0,9860.0,0.0,0.0,1,0,0,0,0,0.0,0.0,0,0,1236,1,9860.0,0.0,0.0,0,0,9860.0,0,no_listado
119,XEV110316LGI,Seguridad,8,556800.0,69600.0,69600.0,0.0,0.0,5,1,1,0,0,0.0,0.0,0,0,1249,7,487200.0,0.0,0.0,0,0,556800.0,0,no_listado
119,DIL110716RK4,Papeleria,4,54846.87,13711.72,16502.83,2130.66,0.0,3,1,1,0,0,0.0,0.0,0,0,2163,3,42956.35,0.25,0.0,0,0,54846.87,0,no_listado
119,YGA070209BES,Consultoria,6,303922.31,50653.72,60421.19,5888.88,0.0,4,1,1,0,0,0.0,0.0,0,0,2209,6,303922.31,0.0,0.0,0,0,303922.31,0,no_listado
119,JXM2302215PR,Construccion,9,576499.21,64055.47,80603.62,15375.65,0.0,5,1,1,1,9,0.0,0.2222,0,0,79,7,448641.4,0.1111,0.0,0,0,576499.21,0,no_listado
119,IFG1409235Y8,Consultoria,5,165009.28,33001.86,45836.51,7428.09,0.0,3,1,1,0,0,0.0,0.0,1,0,2557,5,165009.28,0.0,0.0,0,0,165009.28,0,favorable
119,MYU110617VWM,Limpieza,8,41769.83,5221.23,6566.47,1396.16,0.0,1,0,0,0,0,0.0,0.0,0,0,2416,8,41769.83,0.0,0.0,0,0,41769.83,0,no_listado
119,NPH0610265EA,Mantenimiento,6,47472.87,7912.14,10437.68,2112.49,0.3333,6,1,1,1,6,1.0,0.0,0,0,1603,6,47472.87,0.0,0.0,0,0,47472.87,0,no_listado
120,UEC240613R5W,Papeleria,8,421814.0,52726.75,111005.34,36645.92,0.625,5,1,1,1,8,0.125,0.0,0,0,1654,6,362284.16,0.25,0.0,0,0,421814.0,0,no_listado
120,ENX111012IL7,Seguridad,4,217696.33,54424.08,127332.34,44225.88,0.75,3,1,1,1,4,0.0,0.0,0,0,732,3,165431.68,0.25,0.0,0,0,217696.33,0,no_listado
120,WKW030324374,Transporte,5,339784.82,67956.96,159560.88,49712.4,0.6,3,0,0,1,2,0.0,0.5,0,0,1066,4,321645.73,0.2,0.0,0,0,339784.82,0,no_listado
120,TDO080609W6I,Mantenimiento,5,416134.11,83226.82,161055.24,52431.04,0.6,2,0,0,1,3,0.3333,0.3333,0,0,808,5,416134.11,0.0,0.0,0,0,416134.11,0,no_listado
120,BZY110426JY9,Limpieza,8,405143.61,50642.95,130032.23,36557.18,0.625,4,1,1,1,8,0.0,0.125,0,0,2172,7,387371.4,0.125,0.0,0,0,405143.61,0,no_listado
120,BRC160824Q9J,Mantenimiento,8,609561.35,76195.17,158389.03,52619.31,0.25,5,0,0,1,4,0.0,0.0,0,0,999,8,609561.35,0.0,0.0,0,0,609561.35,0,no_listado
120,BAE221106A3F,Construccion,5,525438.02,105087.6,159578.38,47205.73,0.6,4,0,0,1,2,0.0,0.0,0,0,303,5,525438.02,0.0,0.0,0,0,525438.02,0,no_listado
120,DLO110605CTU,Tecnologia,9,831862.03,92429.11,167332.35,52436.75,0.5556,5,1,1,1,9,0.0,0.1111,0,0,231,8,664529.68,0.1111,0.0,0,0,831862.03,0,no_listado
120,CBN160413HG9,Logistica,7,536634.33,76662.05,127226.83,40740.1,0.1429,3,0,0,1,4,0.25,0.0,0,0,275,5,297244.07,0.2857,0.0,0,0,536634.33,0,no_listado
120,QDS131215FJN,Mantenimiento,5,325288.4,65057.68,110193.4,23988.66,0.4,3,1,1,1,5,0.0,0.0,0,0,279,4,274597.3,0.2,0.0,0,0,325288.4,0,no_listado
120,PDC060515W86,Publicidad,4,264395.6,66098.9,80729.34,11661.74,0.5,3,0,0,1,1,0.0,0.0,0,0,216,4,264395.6,0.0,0.0,0,0,264395.6,0,no_listado
120,UFC090305AVM,Publicidad,3,90415.38,30138.46,42900.54,10371.82,1.0,3,1,1,1,3,0.0,0.0,0,0,2289,1,17495.71,0.6667,0.0,0,0,90415.38,0,no_listado
120,HEGS861008SF2,Consultoria,5,275635.38,55127.08,115279.32,40108.15,0.2,3,1,1,0,0,0.0,0.0,1,1,316,5,275635.38,0.0,1.0,0,0,275635.38,1,definitivo
120,ALV090925XUF,Consultoria,1,1651076.19,1651076.19,1651076.19,0.0,1.0,1,0,0,0,0,0.0,0.0,0,0,203,1,1651076.19,0.0,0.0,0,0,1651076.19,1,no_listado
120,ARD040414054,Seguridad,13,633651.25,48742.4,49753.95,742.85,0.6923,6,0,0,1,13,1.0,1.0,0,0,360,12,584288.8,0.0,1.0,0,0,633651.25,1,no_listado
120,MBC170703KRU,Seguridad,4,290427.13,72606.78,126336.47,46568.87,0.0,3,1,1,1,4,1.0,0.0,0,0,201,4,290427.13,0.0,0.0,0,0,290427.13,1,no_listado
120,TRS020606879,Limpieza,3,230011.1,76670.37,122392.2,32856.47,0.6667,3,1,1,1,2,0.0,0.5,1,0,1492,3,230011.1,0.0,0.0,0,0,230011.1,0,desvirtuado
120,ITE800303BK0,Transporte,3,194764.42,64921.47,105176.61,33378.51,0.3333,2,1,1,0,0,0.0,0.0,1,0,210,3,194764.42,0.0,0.0,0,0,194764.42,0,desvirtuado
120,SOC161101221,Logistica,3,83026.57,27675.52,45849.77,12875.53,0.3333,2,0,0,1,3,0.0,0.3333,1,0,1060,3,83026.57,0.0,0.0,0,0,83026.57,0,favorable
120,ZCF120210Q53,Tecnologia,3,309032.26,103010.75,173773.49,53692.75,0.6667,3,0,0,1,1,0.0,0.0,1,0,274,3,309032.26,0.0,0.0,0,0,309032.26,0,favorable
120,GAGA720611EC9,Seguridad,3,141485.55,47161.85,69298.72,20928.11,0.6667,3,1,1,0,0,0.0,0.0,1,0,1529,3,141485.55,0.0,0.0,0,0,141485.55,0,presunto
120,ADP130409FF5,Construccion,5,357632.78,71526.56,145926.62,41440.53,0.4,4,1,1,1,2,0.0,0.0,1,0,1725,4,211706.16,0.2,0.0,0,0,357632.78,0,presunto
120,IVI231217YE5,Transporte,10,442961.77,44296.18,48055.8,2069.21,0.0,5,1,1,1,10,0.0,0.3,0,0,1698,8,347344.08,0.2,0.0,0,0,442961.77,0,no_listado
120,VSW220201KIU,Mantenimiento,1,9860.0,9860.0,9860.0,0.0,0.0,1,0,0,0,0,0.0,0.0,0,0,1060,1,9860.0,0.0,0.0,0,0,9860.0,0,no_listado
120,VON210608EBS,Seguridad,8,556800.0,69600.0,69600.0,0.0,0.0,4,1,1,0,0,0.0,0.0,0,0,1249,7,487200.0,0.0,0.0,0,0,556800.0,0,no_listado
120,FQI040326OKD,Papeleria,4,54594.02,13648.51,15732.44,1994.94,0.0,4,1,1,0,0,0.0,0.0,0,0,2183,4,54594.02,0.0,0.0,0,0,54594.02,0,no_listado
120,PRR070218PXS,Consultoria,6,322554.16,53759.03,62352.19,4271.6,0.0,4,1,1,0,0,0.0,0.0,0,0,2209,6,322554.16,0.0,0.0,0,0,322554.16,0,no_listado
120,YIT241220T8P,Construccion,9,477799.67,53088.85,64640.15,9745.23,0.0,6,1,1,1,9,0.0,0.2222,0,0,60,9,477799.67,0.0,0.0,0,0,477799.67,0,no_listado
120,PAW120120BD9,Consultoria,5,167209.57,33441.91,42209.85,5881.87,0.0,4,1,1,0,0,0.0,0.0,1,0,2629,5,167209.57,0.0,0.0,0,0,167209.57,0,favorable
120,HUA191103G3Q,Limpieza,8,38423.26,4802.91,6632.88,1144.37,0.0,1,0,0,0,0,0.0,0.0,0,0,2449,8,38423.26,0.0,0.0,0,0,38423.26,0,no_listado
120,SDM15122762E,Mantenimiento,6,45777.06,7629.51,9578.0,1344.0,0.3333,5,1,1,1,6,1.0,0.0,0,0,1592,6,45777.06,0.0,0.0,0,0,45777.06,0,no_listado
121,CLH260213AAJ,Limpieza,7,585250.58,83607.23,151734.16,48133.36,0.5714,5,0,0,1,5,0.0,0.0,0,0,789,5,371442.78,0.2857,0.0,0,0,585250.58,0,no_listado
121,JMR0206284IT,Limpieza,7,671914.99,95987.86,170727.86,56112.01,0.2857,6,1,1,1,7,0.0,0.0,0,0,723,5,573545.01,0.2857,0.0,0,0,671914.99,0,no_listado
121,BSZ2009017MF,Tecnologia,8,371444.59,46430.57,77410.11,20123.61,0.625,5,1,1,1,8,0.125,0.125,0,0,589,8,371444.59,0.0,0.0,0,0,371444.59,0,no_listado
121,NLI000425C10,Construccion,5,435934.5,87186.9,145196.64,43406.79,1.0,3,0,0,1,2,0.0,0.0,0,0,1937,4,290737.86,0.2,0.0,0,0,435934.5,0,no_listado
121,ZWY131202N4A,Transporte,3,232888.92,77629.64,109815.69,41168.11,0.6667,3,1,1,1,3,0.0,0.0,0,0,2517,3,232888.92,0.0,0.0,0,0,232888.92,0,no_listado
121,UBA131114E8J,Consultoria,6,458643.93,76440.65,131007.99,37583.25,0.1667,3,0,0,1,3,0.0,0.0,0,0,130,4,282656.62,0.3333,0.0,0,0,458643.93,0,no_listado
121,FLQ030724F0J,Seguridad,6,355521.47,59253.58,119238.75,43037.7,0.3333,3,1,1,1,6,0.3333,0.0,0,0,1998,6,355521.47,0.0,0.0,0,0,355521.47,0,no_listado
121,LIG071222YNH,Mantenimiento,9,494852.42,54983.6,167190.9,47382.7,0.6667,5,1,1,1,9,0.1111,0.0,0,0,884,9,494852.42,0.0,0.0,0,0,494852.42,0,no_listado
121,TKE121223VFY,Mantenimiento,4,394128.33,98532.08,146996.51,49384.15,0.5,3,0,0,1,2,0.0,0.0,0,0,147,4,394128.33,0.0,0.0,0,0,394128.33,0,no_listado
121,RTO1511193NS,Papeleria,8,875105.03,109388.13,173213.3,51516.78,0.375,6,1,1,1,8,0.125,0.125,0,0,2043,8,875105.03,0.0,0.0,0,0,875105.03,0,no_listado
121,SFO0911229D2,Transporte,9,543944.34,60438.26,135920.75,42106.95,0.7778,6,0,0,1,2,0.0,0.0,0,0,222,7,371106.75,0.2222,0.0,0,0,543944.34,0,no_listado
121,OFB13061633M,Construccion,4,175002.64,43750.66,65258.72,20083.02,0.0,4,0,0,0,0,0.0,0.0,0,0,294,3,144695.03,0.25,0.0,0,0,175002.64,0,no_listado
121,HIGD960402DX1,Consultoria,6,555348.82,92558.14,138613.93,42804.24,0.6667,4,0,0,0,0,0.0,0.0,1,1,1676,5,416734.89,0.1667,1.0,0,0,555348.82,1,definitivo
121,NCV020122CL0,Papeleria,1,1483925.17,1483925.17,1483925.17,0.0,0.0,1,0,0,0,0,0.0,0.0,0,0,606,1,1483925.17,0.0,0.0,0,0,1483925.17,1,no_listado
121,KMW070614JWC,Limpieza,14,672452.91,48032.35,49455.96,912.87,0.5,6,0,0,1,14,1.0,1.0,0,0,2274,12,574982.86,0.0,1.0,0,0,672452.91,1,no_listado
121,YVO090818MZI,Limpieza,6,567619.71,94603.28,167169.85,56685.11,0.6667,4,1,1,1,6,1.0,0.0,0,0,2460,5,439424.34,0.1667,0.0,0,0,567619.71,1,no_listado
121,UDE1604014C8,Papeleria,7,533467.11,76209.59,172681.53,62630.97,0.5714,5,1,1,1,2,0.0,0.0,1,0,226,6,363205.93,0.1429,0.0,0,0,533467.11,0,desvirtuado
121,IPC120110269,Limpieza,7,560500.62,80071.52,172974.12,63876.56,0.5714,4,1,1,1,3,0.0,0.0,1,0,861,5,467756.85,0.1429,0.0,0,0,560500.62,0,desvirtuado
121,WCO1602268RA,Consultoria,6,408356.8,68059.47,162251.95,62027.55,0.5,5,0,0,1,3,0.0,0.0,1,0,930,5,382213.52,0.1667,0.0,0,0,408356.8,0,favorable
121,DDE111021ET7,Tecnologia,3,255357.22,85119.07,154940.43,55758.42,0.6667,3,0,0,1,2,0.0,0.0,1,0,1512,3,255357.22,0.0,0.0,0,0,255357.22,0,favorable
121,TOMA980418LR7,Construccion,4,259140.86,64785.21,134618.03,42592.99,0.25,3,0,0,1,2,0.5,0.0,1,0,848,2,153698.27,0.5,0.0,0,0,259140.86,0,presunto
121,LIML9805217L6,Publicidad,3,331147.79,110382.6,157345.24,41512.93,0.6667,3,0,0,1,2,0.0,0.0,1,0,1811,2,274756.64,0.3333,0.0,0,0,331147.79,0,presunto
121,TPI211028K3Q,Transporte,10,450969.45,45096.94,47787.26,1572.34,0.0,5,1,1,1,10,0.0,0.5,0,0,1740,8,362980.59,0.2,0.0,0,0,450969.45,0,no_listado
121,BBZ030807B4C,Mantenimiento,1,9860.0,9860.0,9860.0,0.0,0.0,1,0,0,0,0,0.0,0.0,0,0,1160,1,9860.0,0.0,0.0,0,0,9860.0,0,no_listado
121,ZCN200404190,Seguridad,8,556800.0,69600.0,69600.0,0.0,0.0,4,1,1,0,0,0.0,0.0,0,0,1249,7,487200.0,0.0,0.0,0,0,556800.0,0,no_listado
121,TJB051107X88,Papeleria,4,55736.51,13934.13,16632.74,1781.23,0.0,3,1,1,0,0,0.0,0.0,0,0,2275,4,55736.51,0.0,0.0,0,0,55736.51,0,no_listado
121,SWS161007DRN,Consultoria,6,296976.99,49496.17,59563.59,6265.63,0.0,4,1,1,0,0,0.0,0.0,0,0,2196,5,253804.63,0.1667,0.0,0,0,296976.99,0,no_listado
121,SYE180523SAB,Construccion,9,510108.45,56678.72,78033.34,15238.13,0.0,4,1,1,1,9,0.0,0.1111,0,0,49,8,445823.5,0.1111,0.0,0,0,510108.45,0,no_listado
121,DCG040507BS7,Consultoria,5,175315.69,35063.14,43895.62,6392.12,0.0,4,1,1,0,0,0.0,0.0,1,0,2583,5,175315.69,0.0,0.0,0,0,175315.69,0,favorable
121,CPD03092165X,Limpieza,8,42164.79,5270.6,6877.63,1601.14,0.0,1,0,0,0,0,0.0,0.0,0,0,2417,8,42164.79,0.0,0.0,0,0,42164.79,0,no_listado
121,SZB0212273LU,Mantenimiento,6,43610.74,7268.46,9575.61,1399.27,0.3333,4,1,1,1,6,1.0,0.0,0,0,1599,6,43610.74,0.0,0.0,0,0,43610.74,0,no_listado
122,FBJ2602235OU,Logistica,9,697757.27,77528.59,156910.46,50129.83,0.4444,4,1,1,1,9,0.3333,0.0,0,0,1365,7,522360.32,0.1111,0.0,0,0,697757.27,0,no_listado
122,NUJ200715BKH,Logistica,5,378768.44,75753.69,138325.46,39358.55,0.4,5,1,1,1,5,0.0,0.0,0,0,1482,3,219363.97,0.4,0.0,0,0,378768.44,0,no_listado
122,WBE020608FDJ,Consultoria,4,108965.34,27241.33,55805.58,16491.69,0.5,2,0,0,1,4,0.0,0.0,0,0,1467,4,108965.34,0.0,0.0,0,0,108965.34,0,no_listado
122,PJB1001090X5,Consultoria,5,327012.05,65402.41,147537.98,43329.06,0.6,5,1,1,1,5,0.2,0.2,0,0,2210,4,281887.89,0.2,0.0,0,0,327012.05,0,no_listado
122,MUT010112VUF,Transporte,3,412400.81,137466.94,145023.39,6660.98,0.3333,2,1,1,1,3,0.0,0.0,0,0,2395,2,283583.23,0.3333,0.0,0,0,412400.81,0,no_listado
122,OQH090217JHD,Papeleria,6,370239.84,61706.64,108259.23,37968.25,0.1667,5,1,1,1,6,0.1667,0.0,0,0,2546,5,270360.0,0.1667,0.0,0,0,370239.84,0,no_listado
122,MBZ1309102HT,Construccion,4,232774.83,58193.71,130106.38,45880.47,0.0,2,0,0,1,2,0.0,0.0,0,0,1654,3,214351.27,0.25,0.0,0,0,232774.83,0,no_listado
122,KLR150518445,Seguridad,9,663990.83,73776.76,169134.75,46683.56,0.4444,4,1,1,1,9,0.0,0.0,0,0,277,7,628306.1,0.2222,0.0,0,0,663990.83,0,no_listado
122,GWQ210922FDZ,Transporte,8,499044.25,62380.53,139962.49,39359.2,0.5,3,1,1,1,8,0.0,0.0,0,0,702,7,359081.76,0.125,0.0,0,0,499044.25,0,no_listado
122,JVI1007019XA,Logistica,8,545848.87,68231.11,134257.85,44679.92,0.125,6,0,0,1,4,0.0,0.0,0,0,2247,7,491156.58,0.125,0.0,0,0,545848.87,0,no_listado
122,QVX0009267LP,Construccion,8,653235.64,81654.45,160412.24,56289.28,0.375,5,1,1,1,8,0.0,0.0,0,0,968,6,568196.52,0.25,0.0,0,0,653235.64,0,no_listado
122,LSS010321QCG,Construccion,7,570506.53,81500.93,134618.03,33751.04,0.2857,5,1,1,1,7,0.0,0.0,0,0,400,7,570506.53,0.0,0.0,0,0,570506.53,0,no_listado
122,DME091126383,Consultoria,6,529115.63,88185.94,172383.03,50677.03,0.6667,5,0,0,0,0,0.0,0.0,1,1,513,4,466522.71,0.3333,1.0,0,0,529115.63,1,definitivo
122,KUI050108SP8,Consultoria,1,991505.84,991505.84,991505.84,0.0,1.0,1,0,0,0,0,0.0,0.0,0,0,218,1,991505.84,0.0,0.0,0,0,991505.84,1,no_listado
122,VVX210525O72,Construccion,13,626441.2,48187.78,49381.29,944.48,0.4615,6,1,1,1,13,1.0,1.0,0,0,2226,13,626441.2,0.0,1.0,0,0,626441.2,1,no_listado
122,PNE180302GFJ,Limpieza,6,432934.19,72155.7,154110.57,49608.27,0.8333,4,1,1,1,6,1.0,0.1667,0,0,184,4,395991.36,0.3333,0.0,0,0,432934.19,1,no_listado
122,MCO100820RU2,Seguridad,3,203464.04,67821.35,126224.77,44677.03,0.6667,2,1,1,1,2,0.5,0.0,1,0,2011,2,143967.74,0.3333,0.0,0,0,203464.04,0,desvirtuado
122,LOAG570216G87,Limpieza,4,231072.03,57768.01,77749.5,23656.51,0.75,4,0,0,1,2,0.0,0.0,1,0,637,3,153322.53,0.25,0.0,0,1,231072.03,0,desvirtuado
122,PEQ1303253J8,Mantenimiento,7,413801.26,59114.47,120944.64,36711.36,0.7143,5,1,1,1,2,0.5,0.0,1,0,1276,4,238106.32,0.4286,0.0,0,0,413801.26,0,favorable
122,CCO120920FH2,Logistica,4,261883.68,65470.92,159553.27,57439.53,0.5,4,1,1,0,0,0.0,0.0,1,0,487,3,102330.41,0.25,0.0,0,0,261883.68,0,favorable
122,AKO140410SM4,Mantenimiento,3,206140.07,68713.36,168054.03,70246.61,0.6667,3,1,1,1,2,0.0,0.0,1,0,2445,3,206140.07,0.0,0.0,0,0,206140.07,0,presunto
122,EAP181127V63,Limpieza,3,281130.7,93710.23,146777.6,44309.48,0.6667,3,1,1,1,1,0.0,0.0,1,0,441,3,281130.7,0.0,0.0,0,0,281130.7,0,presunto
122,HYV101021VRI,Transporte,10,450280.35,45028.03,48507.09,2008.28,0.0,5,1,1,1,10,0.0,0.5,0,0,1704,10,450280.35,0.0,0.0,0,0,450280.35,0,no_listado
122,TGP050914R3E,Mantenimiento,1,9860.0,9860.0,9860.0,0.0,0.0,1,0,0,0,0,0.0,0.0,0,0,1207,1,9860.0,0.0,0.0,0,0,9860.0,0,no_listado
122,TYJ161012AD1,Seguridad,8,556800.0,69600.0,69600.0,0.0,0.0,4,1,1,0,0,0.0,0.0,0,0,1249,7,487200.0,0.0,0.0,0,0,556800.0,0,no_listado
122,BUJ141106BFA,Papeleria,4,50805.69,12701.42,16207.09,2141.93,0.0,3,1,1,0,0,0.0,0.0,0,0,2177,3,40098.75,0.25,0.0,0,0,50805.69,0,no_listado
122,LAK2503146YK,Consultoria,6,337916.77,56319.46,62069.77,6267.62,0.0,3,1,1,0,0,0.0,0.0,0,0,2185,6,337916.77,0.0,0.0,0,0,337916.77,0,no_listado
122,XUD150128PHU,Construccion,9,552315.98,61368.44,74879.82,9136.64,0.0,5,1,1,1,9,0.0,0.1111,0,0,42,9,552315.98,0.0,0.0,0,0,552315.98,0,no_listado
122,FRI1603099HA,Consultoria,5,170454.12,34090.82,44360.89,7443.62,0.0,4,1,1,0,0,0.0,0.0,1,0,2622,5,170454.12,0.0,0.0,0,0,170454.12,0,favorable
122,JDP11051481I,Limpieza,8,38488.86,4811.11,6886.85,1248.65,0.0,1,0,0,0,0,0.0,0.0,0,0,2494,8,38488.86,0.0,0.0,0,0,38488.86,0,no_listado
122,NSH120617C08,Mantenimiento,6,46971.65,7828.61,9875.3,1285.82,0.5,4,1,1,1,6,1.0,0.0,0,0,1590,5,40419.05,0.1667,0.0,0,0,46971.65,0,no_listado
123,GFM2501270Y6,Tecnologia,4,172993.38,43248.35,75067.97,24608.35,0.25,4,0,0,1,2,0.5,0.0,0,0,1914,4,172993.38,0.0,0.0,0,0,172993.38,0,no_listado
123,SSL0712156RV,Consultoria,6,416219.13,69369.85,144130.53,52465.84,0.3333,4,1,1,1,6,0.0,0.0,0,0,1859,4,254499.83,0.3333,0.0,0,0,416219.13,0,no_listado
123,WCI090314W1C,Publicidad,5,328116.92,65623.38,161783.69,52979.2,0.4,2,1,1,1,5,0.0,0.0,0,0,534,4,310097.47,0.0,0.0,0,0,328116.92,0,no_listado
123,UMN250804D11,Tecnologia,9,624090.75,69343.42,151984.84,47575.07,0.6667,5,1,1,1,9,0.0,0.0,0,0,1967,9,624090.75,0.0,0.0,0,0,624090.75,0,no_listado
123,KGQ001212J3O,Construccion,6,529675.03,88279.17,161671.04,64089.49,0.5,5,1,1,1,6,0.3333,0.0,0,0,499,6,529675.03,0.0,0.0,0,0,529675.03,0,no_listado
123,BDQ260219UFN,Mantenimiento,4,275954.57,68988.64,79479.67,15570.47,0.75,3,1,1,1,4,0.0,0.0,0,0,1820,3,197363.11,0.25,0.0,0,0,275954.57,0,no_listado
123,OZG2604081VJ,Construccion,9,846087.0,94009.67,170625.62,46374.4,0.2222,6,1,1,1,9,0.0,0.0,0,0,284,8,789408.73,0.1111,0.0,0,0,846087.0,0,no_listado
123,NBT090611AW6,Papeleria,9,684729.94,76081.1,173606.53,53653.87,0.6667,5,1,1,1,9,0.1111,0.1111,0,0,1354,7,523483.07,0.2222,0.0,0,0,684729.94,0,no_listado
123,YUV050412LGI,Limpieza,3,211594.21,70531.4,173686.29,72942.39,1.0,2,0,0,1,1,0.0,0.0,0,0,2151,2,193077.59,0.3333,0.0,0,0,211594.21,0,no_listado
123,ACD1902252YW,Papeleria,5,399826.51,79965.3,134852.29,41352.36,0.0,3,1,1,1,5,0.0,0.0,0,0,1853,5,399826.51,0.0,0.0,0,0,399826.51,0,no_listado
123,VRW0605109VB,Seguridad,6,358650.85,59775.14,113614.22,35528.86,0.6667,4,0,0,1,2,0.0,0.5,0,0,1297,6,358650.85,0.0,0.0,0,0,358650.85,0,no_listado
123,CGC140118TBN,Papeleria,9,592753.07,65861.45,120552.61,34714.74,0.2222,5,0,0,1,3,0.0,0.3333,0,0,1944,9,592753.07,0.0,0.0,0,0,592753.07,0,no_listado
123,COVG830413P72,Consultoria,5,455542.89,91108.58,173398.66,57374.75,0.6,3,0,0,0,0,0.0,0.0,1,1,375,5,455542.89,0.0,1.0,0,0,455542.89,1,definitivo
123,PZC140115DOH,Papeleria,1,1202017.87,1202017.87,1202017.87,0.0,0.0,1,0,0,0,0,0.0,0.0,0,0,315,1,1202017.87,0.0,0.0,0,0,1202017.87,1,no_listado
123,IQM05031616F,Papeleria,12,577949.48,48162.46,49515.57,915.04,0.4167,5,0,0,1,12,1.0,1.0,0,0,190,11,531192.39,0.0,1.0,0,0,577949.48,1,no_listado
123,SKI260723BEH,Consultoria,5,243020.21,48604.04,134014.53,44624.74,0.2,3,0,0,1,5,1.0,0.0,0,0,2518,5,243020.21,0.0,0.0,0,0,243020.21,1,no_listado
123,ZEHD630424369,Seguridad,7,584953.43,83564.78,162435.55,43787.63,0.4286,5,0,0,1,5,0.0,0.0,1,0,256,5,400309.94,0.2857,0.0,0,0,584953.43,0,desvirtuado
123,ROBV611013LX9,Transporte,5,328193.76,65638.75,106335.76,38024.63,0.4,4,1,1,0,0,0.0,0.0,1,0,1485,5,328193.76,0.0,0.0,0,0,328193.76,0,desvirtuado
123,FAB120627M42,Transporte,5,538768.18,107753.64,126784.71,18381.78,0.4,4,0,0,1,2,0.0,0.0,1,0,1712,5,538768.18,0.0,0.0,0,0,538768.18,0,favorable
123,PEP131227SE7,Seguridad,6,304486.84,50747.81,105741.11,33769.37,0.5,3,1,1,1,2,0.0,0.0,1,0,324,4,267137.25,0.3333,0.0,0,0,304486.84,0,favorable
123,ZARE881022EW4,Tecnologia,7,532591.65,76084.52,130106.38,41829.27,0.5714,4,0,0,1,3,0.0,0.0,1,0,652,6,443045.0,0.1429,0.0,0,0,532591.65,0,presunto
123,TIC121127C80,Construccion,4,293473.24,73368.31,116406.31,41477.17,0.0,3,0,0,1,4,0.25,0.25,1,0,513,3,183288.83,0.25,0.0,0,0,293473.24,0,presunto
123,WGU120423YVK,Transporte,10,448653.36,44865.34,48057.94,2516.84,0.0,3,1,1,1,10,0.0,0.6,0,0,1702,10,448653.36,0.0,0.0,0,0,448653.36,0,no_listado
123,BHH090203T3U,Mantenimiento,1,9860.0,9860.0,9860.0,0.0,0.0,1,0,0,0,0,0.0,0.0,0,0,1273,1,9860.0,0.0,0.0,0,0,9860.0,0,no_listado
123,RKN17102782E,Seguridad,8,556800.0,69600.0,69600.0,0.0,0.0,5,1,1,0,0,0.0,0.0,0,0,1249,8,556800.0,0.0,0.0,0,0,556800.0,0,no_listado
123,BWF230428L1E,Papeleria,4,59659.98,14915.0,16601.93,2417.14,0.0,2,1,1,0,0,0.0,0.0,0,0,2172,4,59659.98,0.0,0.0,0,0,59659.98,0,no_listado
123,ESS120725BNA,Consultoria,6,307924.23,51320.7,58733.15,5527.7,0.0,5,1,1,0,0,0.0,0.0,0,0,2268,5,249191.08,0.1667,0.0,0,0,307924.23,0,no_listado
123,QVX07010993E,Construccion,9,537338.85,59704.32,74627.9,9561.0,0.0,5,1,1,1,9,0.0,0.1111,0,0,93,7,403334.42,0.2222,0.0,0,0,537338.85,0,no_listado
123,MDV160224383,Consultoria,5,152803.29,30560.66,42679.0,6593.9,0.0,3,1,1,0,0,0.0,0.0,1,0,2708,5,152803.29,0.0,0.0,0,0,152803.29,0,favorable
123,KOS100415DJ3,Limpieza,8,40225.61,5028.2,6845.48,1732.09,0.0,1,0,0,0,0,0.0,0.0,0,0,2408,8,40225.61,0.0,0.0,0,0,40225.61,0,no_listado
123,ADY211119ERG,Mantenimiento,6,52290.38,8715.06,10205.3,1278.52,0.1667,3,1,1,1,6,1.0,0.0,0,0,1628,5,42685.12,0.1667,0.0,0,0,52290.38,0,no_listado
124,LCO150325QGN,Transporte,5,346734.29,69346.86,115380.86,43081.96,0.2,3,1,1,1,5,0.2,0.0,0,0,654,5,346734.29,0.0,0.0,0,0,346734.29,0,no_listado
124,EWJ241126JNT,Consultoria,3,189687.14,63229.05,126712.54,45725.9,0.6667,2,0,0,1,2,0.0,0.0,0,0,2306,2,168861.52,0.3333,0.0,0,0,189687.14,0,no_listado
124,DNH000325BAY,Consultoria,5,457244.76,91448.95,128279.91,41475.68,0.2,4,1,1,1,5,0.0,0.0,0,0,537,5,457244.76,0.0,0.0,0,0,457244.76,0,no_listado
124,VOS260906G6B,Mantenimiento,6,461992.67,76998.78,167084.01,56071.57,0.3333,4,1,1,1,6,0.0,0.0,0,0,2389,6,461992.67,0.0,0.0,0,0,461992.67,0,no_listado
124,RAC060822V4P,Seguridad,3,296814.1,98938.03,154251.86,58733.54,0.3333,2,0,0,1,2,0.5,0.0,0,0,892,3,296814.1,0.0,0.0,0,0,296814.1,0,no_listado
124,PSD210211UCC,Limpieza,3,207663.58,69221.19,144466.97,54198.13,0.3333,3,0,0,0,0,0.0,0.0,0,0,1186,3,207663.58,0.0,0.0,0,0,207663.58,0,no_listado
124,HQV0709179WT,Publicidad,7,745214.01,106459.14,155208.96,46071.29,0.4286,5,0,0,1,1,1.0,0.0,0,0,1091,7,745214.01,0.0,0.0,0,0,745214.01,0,no_listado
124,AZV040320JG4,Mantenimiento,4,173432.16,43358.04,67950.78,17691.46,0.25,3,1,1,1,4,0.0,0.25,0,0,1411,4,173432.16,0.0,0.0,0,0,173432.16,0,no_listado
124,OME240113O5B,Mantenimiento,4,270983.59,67745.9,128159.61,38930.0,1.0,3,1,1,1,4,0.0,0.0,0,0,251,0,0.0,1.0,0.0,0,0,270983.59,0,no_listado
124,IBH081212ROP,Transporte,8,832695.54,104086.94,169701.91,58160.92,0.75,4,1,1,1,8,0.25,0.0,0,0,897,6,753313.58,0.25,0.0,0,0,832695.54,0,no_listado
124,IZA240116S1V,Tecnologia,8,577324.3,72165.54,160118.57,60332.67,0.75,4,1,1,1,8,0.125,0.0,0,0,1574,6,356674.51,0.25,0.0,0,0,577324.3,0,no_listado
124,FKE0912104UJ,Mantenimiento,6,377419.25,62903.21,154251.86,47778.08,0.5,4,0,0,1,2,0.0,0.0,0,0,2306,6,377419.25,0.0,0.0,0,0,377419.25,0,no_listado
124,HAC141231TZA,Consultoria,7,592368.56,84624.08,172333.96,63314.16,0.4286,5,0,0,0,0,0.0,0.0,1,1,248,7,592368.56,0.0,1.0,0,0,592368.56,1,definitivo
124,ERW240415FJL,Seguridad,1,1659290.45,1659290.45,1659290.45,0.0,1.0,1,0,0,0,0,0.0,0.0,0,0,2324,1,1659290.45,0.0,0.0,0,0,1659290.45,1,no_listado
124,GWP190827XBQ,Mantenimiento,14,677396.05,48385.43,49709.36,756.54,0.5,6,0,0,1,14,1.0,1.0,0,0,321,12,579493.17,0.0,1.0,0,0,677396.05,1,no_listado
124,HZH180927EQE,Papeleria,5,416145.83,83229.17,162025.44,49094.2,0.6,3,0,0,1,5,1.0,0.0,0,0,218,4,309810.07,0.2,0.0,0,0,416145.83,1,no_listado
124,ZALV540728H53,Mantenimiento,3,227113.08,75704.36,103433.15,20207.18,0.6667,3,1,1,1,1,0.0,0.0,1,0,721,2,171258.98,0.3333,0.0,0,0,227113.08,0,desvirtuado
124,CRF080901P47,Consultoria,3,114515.12,38171.71,77862.07,28072.12,0.6667,1,0,0,1,2,0.0,0.0,1,0,1791,3,114515.12,0.0,0.0,0,0,114515.12,0,desvirtuado
124,PIHL8009185P7,Papeleria,3,200883.34,66961.11,92285.85,35003.04,1.0,3,1,1,1,1,0.0,0.0,1,0,1481,2,109749.66,0.3333,0.0,0,0,200883.34,0,favorable
124,MBL061222HF1,Publicidad,5,338755.24,67751.05,149277.64,60882.69,0.6,3,1,1,1,1,1.0,0.0,1,0,547,5,338755.24,0.0,0.0,0,0,338755.24,0,favorable
124,AAGA9006058S3,Logistica,6,317909.17,52984.86,89100.01,27659.95,0.5,4,0,0,1,2,0.0,0.5,1,0,2253,3,124554.02,0.5,0.0,0,0,317909.17,0,presunto
124,GES130920KW2,Logistica,4,297839.9,74459.98,173254.85,60338.68,0.25,4,0,0,1,1,0.0,0.0,1,0,886,2,192909.34,0.5,0.0,0,0,297839.9,0,presunto
124,NSU020905HSR,Transporte,10,431139.98,43114.0,44631.14,959.42,0.0,5,1,1,1,10,0.0,0.0,0,0,1712,8,345532.01,0.0,0.0,0,0,431139.98,0,no_listado
124,ORH160627KV6,Mantenimiento,1,9860.0,9860.0,9860.0,0.0,0.0,1,0,0,0,0,0.0,0.0,0,0,1128,1,9860.0,0.0,0.0,0,0,9860.0,0,no_listado
124,XHZ090621K1L,Seguridad,8,556800.0,69600.0,69600.0,0.0,0.0,4,1,1,0,0,0.0,0.0,0,0,1249,8,556800.0,0.0,0.0,0,0,556800.0,0,no_listado
124,POZ0105119LQ,Papeleria,4,59707.75,14926.94,16514.11,1713.03,0.0,3,1,1,0,0,0.0,0.0,0,0,2311,4,59707.75,0.0,0.0,0,0,59707.75,0,no_listado
124,AQC111005JLT,Consultoria,6,287290.73,47881.79,57569.61,4415.65,0.0,4,1,1,0,0,0.0,0.0,0,0,2195,6,287290.73,0.0,0.0,0,0,287290.73,0,no_listado
124,AMD261105QSD,Construccion,9,600805.94,66756.22,79809.42,11164.37,0.0,6,1,1,1,9,0.0,0.0,0,0,69,7,473840.09,0.1111,0.0,0,0,600805.94,0,no_listado
124,AIE150320U53,Consultoria,5,166830.48,33366.1,35828.77,2795.93,0.0,4,1,1,0,0,0.0,0.0,1,0,2579,3,104986.44,0.4,0.0,0,0,166830.48,0,favorable
124,RRR0106032KQ,Limpieza,8,37009.53,4626.19,6894.0,1554.18,0.0,1,0,0,0,0,0.0,0.0,0,0,2411,8,37009.53,0.0,0.0,0,0,37009.53,0,no_listado
124,BMF210823PJ5,Mantenimiento,6,37526.98,6254.5,9771.54,1686.42,0.5,5,1,1,1,6,1.0,0.0,0,0,1661,5,32684.85,0.0,0.0,0,0,37526.98,0,no_listado
125,MLG1409016CA,Tecnologia,9,421434.61,46826.07,149596.64,46335.3,0.5556,4,0,0,1,2,0.0,0.0,0,0,1401,8,403072.19,0.1111,0.0,0,0,421434.61,0,no_listado
125,YYI110414T25,Mantenimiento,3,398002.32,132667.44,166975.96,24773.49,0.3333,2,1,1,1,3,0.6667,0.0,0,0,909,2,231026.36,0.3333,0.0,0,0,398002.32,0,no_listado
125,QLD021121K28,Construccion,6,334992.45,55832.08,129247.43,41841.31,0.5,4,0,0,1,3,0.0,0.0,0,0,1068,5,315579.88,0.1667,0.0,0,0,334992.45,0,no_listado
125,DDI0210161OJ,Seguridad,9,606146.59,67349.62,152768.36,40630.83,0.4444,6,1,1,1,9,0.1111,0.1111,0,0,2114,9,606146.59,0.0,0.0,0,0,606146.59,0,no_listado
125,WRF020307W1R,Consultoria,7,679064.85,97009.26,170440.09,45416.5,0.5714,4,1,1,1,7,0.0,0.0,0,0,562,5,409249.23,0.2857,0.0,0,0,679064.85,0,no_listado
125,EPO201106ZFI,Construccion,7,569116.69,81302.38,164309.38,53232.58,0.4286,2,0,0,1,3,0.0,0.0,0,0,943,7,569116.69,0.0,0.0,0,0,569116.69,0,no_listado
125,ARN230403NK4,Publicidad,7,692445.37,98920.77,149153.83,53120.51,0.1429,3,1,1,1,7,0.0,0.0,0,0,68,6,543291.54,0.0,0.0,0,0,692445.37,0,no_listado
125,MVM260720TQZ,Mantenimiento,8,718692.09,89836.51,148208.84,43960.87,0.5,5,1,1,1,8,0.0,0.0,0,0,397,7,578449.55,0.125,0.0,0,0,718692.09,0,no_listado
125,FAA01061012A,Transporte,5,535310.03,107062.01,144728.72,32327.04,0.4,3,0,0,1,1,0.0,0.0,0,0,829,5,535310.03,0.0,0.0,0,0,535310.03,0,no_listado
125,LDB260621SK7,Papeleria,8,549992.37,68749.05,156910.46,57671.97,0.25,5,0,0,1,4,0.0,0.25,0,0,1191,7,504811.69,0.125,0.0,0,0,549992.37,0,no_listado
125,GCX12030455A,Limpieza,3,199482.41,66494.14,127309.52,45329.96,0.0,2,1,1,1,3,0.3333,0.0,0,0,1050,3,199482.41,0.0,0.0,0,0,199482.41,0,no_listado
125,UQG060411QZ0,Transporte,6,383667.47,63944.58,158322.18,47713.15,0.6667,4,1,1,1,6,0.1667,0.1667,0,0,501,3,150337.82,0.3333,0.0,0,0,383667.47,0,no_listado
125,MIR170309ICA,Consultoria,5,434517.62,86903.52,164043.51,57520.84,0.6,3,0,0,0,0,0.0,0.0,1,1,145,4,270474.11,0.2,1.0,0,0,434517.62,1,definitivo
125,OEE210616JG9,Tecnologia,1,1014604.42,1014604.42,1014604.42,0.0,1.0,1,0,0,0,0,0.0,0.0,0,0,1870,1,1014604.42,0.0,0.0,0,0,1014604.42,1,no_listado
125,PLQ240528031,Seguridad,13,623198.58,47938.35,49798.94,924.44,0.3846,6,0,0,1,13,1.0,1.0,0,0,314,11,528595.93,0.0,1.0,0,0,623198.58,1,no_listado
125,MWH180118SQB,Transporte,4,285226.31,71306.58,91509.59,12163.3,0.5,4,1,1,1,4,1.0,0.0,0,0,1214,4,285226.31,0.0,0.0,0,0,285226.31,1,no_listado
125,PTP140121EU3,Seguridad,6,519605.44,86600.91,152672.44,39991.02,0.5,4,1,1,1,3,0.0,0.0,1,0,1728,5,449660.71,0.1667,0.0,0,0,519605.44,0,desvirtuado
125,SEI1008305L6,Tecnologia,4,269323.16,67330.79,124167.58,48612.19,0.75,4,1,1,1,2,0.0,0.0,1,0,2255,3,250774.64,0.25,0.0,0,0,269323.16,0,desvirtuado
125,MMG100401I64,Papeleria,4,280546.31,70136.58,122704.81,32994.63,0.5,3,1,1,1,1,0.0,0.0,1,0,604,4,280546.31,0.0,0.0,0,0,280546.31,0,favorable
125,CGI150128J25,Mantenimiento,5,386952.64,77390.53,166975.96,64827.37,0.4,3,1,1,1,1,0.0,0.0,1,0,1837,4,366878.4,0.2,0.0,0,0,386952.64,0,favorable
125,ASN190329518,Logistica,7,367555.45,52507.92,141466.42,45071.64,0.8571,5,1,1,1,5,0.0,0.0,1,0,909,5,254060.22,0.2857,0.0,0,0,367555.45,0,presunto
125,AMA1610117H7,Publicidad,6,406917.79,67819.63,112071.38,30868.22,0.6667,4,1,1,1,2,0.0,0.0,1,0,254,3,129870.61,0.5,0.0,0,0,406917.79,0,presunto
125,DQZ060807EJW,Transporte,10,437421.89,43742.19,48344.71,2474.46,0.0,6,1,1,1,10,0.0,0.2,0,0,1711,8,354471.01,0.2,0.0,0,0,437421.89,0,no_listado
125,OBO190601MKB,Mantenimiento,1,9860.0,9860.0,9860.0,0.0,0.0,1,0,0,0,0,0.0,0.0,0,0,1065,1,9860.0,0.0,0.0,0,0,9860.0,0,no_listado
125,DAL220609KF7,Seguridad,8,556800.0,69600.0,69600.0,0.0,0.0,4,1,1,0,0,0.0,0.0,0,0,1249,8,556800.0,0.0,0.0,0,0,556800.0,0,no_listado
125,PIN100305XSY,Papeleria,4,54513.95,13628.49,13940.21,347.23,0.0,4,1,1,0,0,0.0,0.0,0,0,2178,4,54513.95,0.0,0.0,0,0,54513.95,0,no_listado
125,GAV10021033I,Consultoria,6,309457.46,51576.24,60178.89,6391.0,0.0,5,1,1,0,0,0.0,0.0,0,0,2206,6,309457.46,0.0,0.0,0,0,309457.46,0,no_listado
125,IQA19082704M,Construccion,9,516207.24,57356.36,76183.97,14551.86,0.0,4,1,1,1,9,0.0,0.1111,0,0,106,7,409867.41,0.1111,0.0,0,0,516207.24,0,no_listado
125,CDD160616M2A,Consultoria,5,167129.6,33425.92,45417.71,7334.86,0.0,4,1,1,0,0,0.0,0.0,1,0,2591,4,128957.28,0.2,0.0,0,0,167129.6,0,favorable
125,MNN101114TOC,Limpieza,8,31959.91,3994.99,5360.22,942.31,0.0,1,0,0,0,0,0.0,0.0,0,0,2425,8,31959.91,0.0,0.0,0,0,31959.91,0,no_listado
125,PZV130206G4P,Mantenimiento,6,48585.43,8097.57,9963.98,1172.95,0.5,4,1,1,1,6,1.0,0.0,0,0,1598,6,48585.43,0.0,0.0,0,0,48585.43,0,no_listado
126,JVE220513QKG,Limpieza,9,586962.82,65218.09,139507.48,44654.12,0.5556,5,1,1,1,9,0.0,0.0,0,0,2436,8,567571.52,0.1111,0.0,0,0,586962.82,0,no_listado
126,VBS01100532L,Logistica,7,593368.88,84766.98,173945.82,72432.8,0.7143,4,1,1,1,7,0.1429,0.0,0,0,102,6,574408.27,0.1429,0.0,0,0,593368.88,0,no_listado
126,QUA050807NP7,Transporte,4,403731.62,100932.9,169853.15,52796.78,0.25,3,1,1,1,4,0.0,0.0,0,0,766,4,403731.62,0.0,0.0,0,0,403731.62,0,no_listado
126,LHI18072429N,Transporte,5,436947.95,87389.59,125049.71,38168.81,0.8,3,0,0,1,2,0.0,0.0,0,0,2361,5,436947.95,0.0,0.0,0,0,436947.95,0,no_listado
126,MRH190424GB8,Tecnologia,6,530719.96,88453.33,139703.88,30315.54,0.3333,4,1,1,1,6,0.5,0.1667,0,0,239,5,454177.65,0.1667,0.0,0,0,530719.96,0,no_listado
126,XKB0909147EI,Publicidad,4,300859.02,75214.76,133222.26,46838.88,0.5,4,1,1,1,4,0.0,0.0,0,0,1294,4,300859.02,0.0,0.0,0,0,300859.02,0,no_listado
126,ECA14111329I,Seguridad,8,719052.92,89881.62,172325.78,61518.33,0.5,4,0,0,1,3,0.0,0.0,0,0,298,8,719052.92,0.0,0.0,0,0,719052.92,0,no_listado
126,HKF101012X5N,Consultoria,3,379436.82,126478.94,169565.33,33312.01,0.3333,3,0,0,1,1,0.0,0.0,0,0,2453,3,379436.82,0.0,0.0,0,0,379436.82,0,no_listado
126,BHD2304182KL,Tecnologia,5,382836.87,76567.37,160734.47,63725.65,0.4,3,1,1,1,5,0.0,0.0,0,0,662,3,205211.69,0.4,0.0,0,0,382836.87,0,no_listado
126,PZC230206OYV,Papeleria,7,440191.7,62884.53,132036.35,40787.06,0.5714,5,1,1,1,7,0.1429,0.1429,0,0,108,7,440191.7,0.0,0.0,0,0,440191.7,0,no_listado
126,PMZ140913GEF,Transporte,9,664887.96,73876.44,116066.27,32815.97,0.3333,5,1,1,1,9,0.0,0.0,0,0,233,8,568346.51,0.1111,0.0,0,0,664887.96,0,no_listado
126,MLK010703OTR,Publicidad,3,269276.22,89758.74,116366.69,32526.19,0.6667,2,1,1,1,3,0.0,0.0,0,0,1241,3,269276.22,0.0,0.0,0,0,269276.22,0,no_listado
126,COM080808RJ0,Consultoria,7,361795.89,51685.13,85186.36,25273.46,0.7143,5,0,0,0,0,0.0,0.0,1,1,1988,7,361795.89,0.0,1.0,0,0,361795.89,1,definitivo
126,YFQ240218HUQ,Transporte,1,1643799.2,1643799.2,1643799.2,0.0,1.0,1,0,0,0,0,0.0,0.0,0,0,1739,1,1643799.2,0.0,0.0,0,0,1643799.2,1,no_listado
126,CGI130602WEZ,Papeleria,13,624934.04,48071.85,49792.55,1104.24,0.6154,4,0,0,1,13,1.0,1.0,0,0,215,13,624934.04,0.0,1.0,0,0,624934.04,1,no_listado
126,SBI200820FLS,Tecnologia,5,382727.09,76545.42,157295.79,50381.91,0.8,3,1,1,1,5,1.0,0.0,0,0,616,3,254216.47,0.4,0.0,0,0,382727.09,1,no_listado
126,JLE1302209M4,Seguridad,4,313054.07,78263.52,106404.89,35796.97,0.5,3,1,1,1,3,0.0,0.0,1,0,1097,4,313054.07,0.0,0.0,0,0,313054.07,0,desvirtuado
126,SEG080424BG9,Tecnologia,3,150284.02,50094.67,74467.01,22820.28,0.6667,1,0,0,1,1,0.0,0.0,1,0,2498,2,75817.01,0.3333,0.0,0,0,150284.02,0,desvirtuado
126,CBU150309TB5,Mantenimiento,3,273494.61,91164.87,136570.66,52014.49,0.6667,2,1,1,1,1,0.0,0.0,1,0,1461,3,273494.61,0.0,0.0,0,0,273494.61,0,favorable
126,ASO141215I19,Logistica,3,248456.14,82818.71,136625.8,49190.34,0.6667,3,0,0,0,0,0.0,0.0,1,0,90,3,248456.14,0.0,0.0,0,0,248456.14,0,favorable
126,COBC660311RG4,Seguridad,3,222584.83,74194.94,143638.73,51666.52,1.0,2,0,0,1,1,0.0,0.0,1,0,160,1,59153.36,0.6667,0.0,0,0,222584.83,0,presunto
126,SOR221114RU8,Consultoria,4,319919.47,79979.87,139200.31,49948.57,0.75,3,0,0,1,3,0.0,0.0,1,0,2187,1,139200.31,0.75,0.0,0,0,319919.47,0,presunto
126,EMU001112704,Transporte,10,456800.16,45680.02,48437.47,2020.52,0.0,4,1,1,1,10,0.0,0.7,0,0,1699,8,368067.57,0.2,0.0,0,0,456800.16,0,no_listado
126,SQR240502FOO,Mantenimiento,1,9860.0,9860.0,9860.0,0.0,0.0,1,0,0,0,0,0.0,0.0,0,0,1124,1,9860.0,0.0,0.0,0,0,9860.0,0,no_listado
126,MFA1508180T2,Seguridad,8,556800.0,69600.0,69600.0,0.0,0.0,4,1,1,0,0,0.0,0.0,0,0,1249,5,348000.0,0.0,0.0,0,0,556800.0,0,no_listado
126,VUJ170601MKB,Papeleria,4,57267.79,14316.95,16668.12,1847.89,0.0,2,1,1,0,0,0.0,0.0,0,0,2158,4,57267.79,0.0,0.0,0,0,57267.79,0,no_listado
126,NMA211101Y5X,Consultoria,6,309368.14,51561.36,58703.84,4207.55,0.0,5,1,1,0,0,0.0,0.0,0,0,2223,5,256070.21,0.1667,0.0,0,0,309368.14,0,no_listado
126,LBV190905OU0,Construccion,9,538773.01,59863.67,80635.3,14798.9,0.0,4,1,1,1,9,0.0,0.1111,0,0,18,8,460017.08,0.1111,0.0,0,0,538773.01,0,no_listado
126,LLI120702RW6,Consultoria,5,178405.05,35681.01,40553.01,5698.73,0.0,4,1,1,0,0,0.0,0.0,1,0,2573,5,178405.05,0.0,0.0,0,0,178405.05,0,favorable
126,SKR1012229LI,Limpieza,8,28474.98,3559.37,6331.42,1357.92,0.0,1,0,0,0,0,0.0,0.0,0,0,2434,8,28474.98,0.0,0.0,0,0,28474.98,0,no_listado
126,CTJ0707094FB,Mantenimiento,6,47543.72,7923.95,9880.89,1515.4,0.5,4,1,1,1,6,1.0,0.0,0,0,1639,6,47543.72,0.0,0.0,0,1,47543.72,0,no_listado
127,VIC110220XXB,Papeleria,5,323833.03,64766.61,115078.83,35354.59,0.6,4,0,0,1,3,0.0,0.3333,0,0,2496,3,112584.96,0.4,0.0,0,1,323833.03,0,no_listado
127,LJP090108UW8,Logistica,4,164296.19,41074.05,89100.01,28997.15,0.5,1,0,0,1,3,0.0,0.0,0,0,2469,3,146531.96,0.25,0.0,0,0,164296.19,0,no_listado
127,NVW030709POT,Logistica,5,290547.17,58109.43,126336.47,37890.51,0.6,2,1,1,1,5,0.0,0.0,0,0,857,5,290547.17,0.0,0.0,0,0,290547.17,0,no_listado
127,KSC090828X08,Tecnologia,7,671038.56,95862.65,142151.01,35287.56,0.2857,4,1,1,1,7,0.2857,0.0,0,0,104,6,606022.89,0.1429,0.0,0,0,671038.56,0,no_listado
127,MKB220317WLA,Tecnologia,6,317365.99,52894.33,93582.42,27809.87,0.6667,4,1,1,1,6,0.1667,0.3333,0,0,965,5,223783.57,0.1667,0.0,0,0,317365.99,0,no_listado
127,DLG230721GEJ,Transporte,8,693651.98,86706.5,163813.91,67930.47,0.5,5,0,0,1,4,0.0,0.0,0,0,524,7,676244.0,0.125,0.0,0,0,693651.98,0,no_listado
127,CPQ071015B90,Papeleria,4,469649.78,117412.45,169212.88,30688.44,0.75,4,0,0,1,1,0.0,0.0,0,0,2379,4,469649.78,0.0,0.0,0,0,469649.78,0,no_listado
127,ICI240910Y0G,Papeleria,8,557375.48,69671.93,154251.86,46049.45,0.375,5,0,0,1,4,0.0,0.0,0,0,1173,7,450215.26,0.125,0.0,0,0,557375.48,0,no_listado
127,FCY09112036M,Transporte,4,308163.1,77040.77,154251.86,60660.97,0.5,3,0,0,1,2,0.5,0.0,0,0,1383,4,308163.1,0.0,0.0,0,0,308163.1,0,no_listado
127,TMU190122NEX,Consultoria,5,363929.82,72785.96,157010.38,53258.2,0.6,4,0,0,1,3,0.0,0.3333,0,0,1018,3,224068.46,0.4,0.0,0,0,363929.82,0,no_listado
127,NZT201121FQE,Seguridad,4,248362.77,62090.69,105764.16,40058.95,0.25,4,0,0,1,4,0.0,0.0,0,0,2331,3,223079.38,0.25,0.0,0,0,248362.77,0,no_listado
127,IKE0103283O8,Consultoria,8,560611.37,70076.42,139132.85,45507.01,0.25,5,0,0,1,7,0.0,0.0,0,0,903,5,402502.7,0.375,0.0,0,0,560611.37,0,no_listado
127,SSG1306186D5,Consultoria,5,436384.71,87276.94,168609.86,54836.43,0.6,4,0,0,0,0,0.0,0.0,1,1,2291,5,436384.71,0.0,1.0,0,0,436384.71,1,definitivo
127,DBM080117ZZE,Transporte,1,1412741.99,1412741.99,1412741.99,0.0,1.0,1,0,0,0,0,0.0,0.0,0,0,1234,1,1412741.99,0.0,0.0,0,0,1412741.99,1,no_listado
127,IQH001120H69,Consultoria,11,531150.37,48286.4,49543.46,703.31,0.6364,5,1,1,1,11,1.0,1.0,0,0,1035,11,531150.37,0.0,1.0,0,0,531150.37,1,no_listado
127,AHI251113B4A,Consultoria,6,414837.27,69139.54,121708.52,39173.11,0.8333,3,0,0,1,6,1.0,0.0,0,0,163,5,304643.87,0.1667,0.0,0,0,414837.27,1,no_listado
127,TSI1208282A4,Logistica,4,312334.83,78083.71,125683.68,45862.81,0.0,4,0,0,1,1,0.0,1.0,1,0,2173,3,263600.47,0.25,0.0,0,0,312334.83,0,desvirtuado
127,GEX040107SRA,Seguridad,6,449127.72,74854.62,120788.6,34066.85,0.3333,4,0,0,1,4,0.0,0.0,1,0,2247,5,355924.12,0.1667,0.0,0,0,449127.72,0,desvirtuado
127,DCB1211286U6,Construccion,5,302262.63,60452.53,91614.32,25606.35,0.4,4,1,1,1,4,0.25,0.0,1,0,1886,5,302262.63,0.0,0.0,0,0,302262.63,0,favorable
127,CGI150128J25,Publicidad,3,319387.86,106462.62,166601.31,63572.55,0.6667,3,1,1,1,2,0.5,0.0,1,0,1471,3,319387.86,0.0,0.0,0,0,319387.86,0,favorable
127,DET171018PB9,Tecnologia,4,483147.03,120786.76,167390.7,49851.22,1.0,3,1,1,1,2,0.0,0.0,1,0,151,3,439065.24,0.25,0.0,0,0,483147.03,0,presunto
127,KIN1803077T4,Construccion,7,305069.18,43581.31,90370.57,25949.33,0.4286,3,1,1,1,7,0.0,0.1429,1,0,943,5,195222.23,0.1429,0.0,0,0,305069.18,0,presunto
127,YXG190728SW5,Transporte,10,445355.19,44535.52,48669.45,2198.13,0.0,4,1,1,1,10,0.0,0.4,0,0,1716,9,398184.29,0.1,0.0,0,0,445355.19,0,no_listado
127,ENS0812115D6,Mantenimiento,1,9860.0,9860.0,9860.0,0.0,0.0,1,0,0,0,0,0.0,0.0,0,0,1227,1,9860.0,0.0,0.0,0,0,9860.0,0,no_listado
127,WOK05031851M,Seguridad,8,556800.0,69600.0,69600.0,0.0,0.0,4,1,1,0,0,0.0,0.0,0,0,1249,8,556800.0,0.0,0.0,0,0,556800.0,0,no_listado
127,AVQ04062312G,Papeleria,4,51867.58,12966.9,15825.28,1718.83,0.0,3,1,1,0,0,0.0,0.0,0,0,2149,4,51867.58,0.0,0.0,0,0,51867.58,0,no_listado
127,CZV120522RFF,Consultoria,6,292988.47,48831.41,58584.73,5083.37,0.0,5,1,1,0,0,0.0,0.0,0,0,2218,5,234403.74,0.1667,0.0,0,0,292988.47,0,no_listado
127,OJB190101SBY,Construccion,9,536740.32,59637.81,80311.22,15656.01,0.0,4,1,1,1,9,0.0,0.2222,0,0,81,9,536740.32,0.0,0.0,0,0,536740.32,0,no_listado
127,SER140813CS0,Consultoria,5,161166.51,32233.3,38192.45,4539.92,0.0,3,1,1,0,0,0.0,0.0,1,0,2705,5,161166.51,0.0,0.0,0,0,161166.51,0,favorable
127,KBH021207AFR,Limpieza,8,33679.24,4209.9,5842.4,1112.87,0.0,1,0,0,0,0,0.0,0.0,0,0,2425,8,33679.24,0.0,0.0,0,0,33679.24,0,no_listado
127,JVM010714HRH,Mantenimiento,6,51010.81,8501.8,10291.31,1219.41,0.3333,4,1,1,1,6,1.0,0.0,0,0,1587,6,51010.81,0.0,0.0,0,0,51010.81,0,no_listado
128,RLZ180124M4W,Papeleria,8,721797.68,90224.71,163308.04,62699.01,0.375,4,0,0,1,4,0.0,0.0,0,0,924,7,570103.05,0.125,0.0,0,0,721797.68,0,no_listado
128,EGW090926PPN,Publicidad,7,365863.32,52266.19,116585.12,39506.16,0.4286,4,1,1,1,7,0.1429,0.0,0,0,603,6,342929.35,0.1429,0.0,0,0,365863.32,0,no_listado
128,PKG170221P6S,Construccion,9,376361.64,41817.96,148335.42,40618.65,0.6667,5,1,1,1,9,0.4444,0.0,0,0,552,9,376361.64,0.0,0.0,0,0,376361.64,0,no_listado
128,TJJ130708LP9,Limpieza,3,195957.56,65319.19,158313.22,65760.27,1.0,3,0,0,1,2,0.0,0.0,0,0,2418,3,195957.56,0.0,0.0,0,0,195957.56,0,no_listado
128,SSB211025Q16,Papeleria,7,429351.86,61335.98,148325.71,50534.86,0.5714,5,0,0,1,6,0.0,0.0,0,0,2503,6,337295.48,0.1429,0.0,0,0,429351.86,0,no_listado
128,GII2102144PQ,Construccion,7,591980.27,84568.61,173606.53,44132.18,0.5714,5,1,1,1,7,0.0,0.0,0,0,1498,6,496792.05,0.1429,0.0,0,0,591980.27,0,no_listado
128,IDQ190324SPI,Seguridad,4,332630.92,83157.73,166975.96,65773.71,0.25,3,0,0,1,4,0.0,0.0,0,0,236,3,165654.96,0.25,0.0,0,0,332630.92,0,no_listado
128,FXE080726N0J,Construccion,6,319721.17,53286.86,126366.19,49308.18,0.8333,5,1,1,1,6,0.0,0.0,0,0,2203,5,301978.2,0.1667,0.0,0,0,319721.17,0,no_listado
128,NMK170223ZE5,Mantenimiento,9,795921.36,88435.71,152772.53,45744.91,0.3333,4,0,0,1,4,0.0,0.0,0,0,1158,4,417254.93,0.5556,0.0,0,0,795921.36,0,no_listado
128,QMK060612IE9,Consultoria,3,264601.4,88200.47,168574.75,61895.43,0.6667,2,0,0,1,2,0.0,0.0,0,0,276,3,264601.4,0.0,0.0,0,0,264601.4,0,no_listado
128,MIL170310TUM,Papeleria,6,521488.91,86914.82,131524.91,32441.22,0.5,4,1,1,1,6,0.1667,0.0,0,0,2531,5,400382.47,0.1667,0.0,0,0,521488.91,0,no_listado
128,AJG251115NIX,Mantenimiento,5,322746.63,64549.33,138451.74,45761.27,0.4,4,0,0,1,2,0.0,0.0,0,0,1286,4,184294.89,0.2,0.0,0,0,322746.63,0,no_listado
128,SPC041111RJ8,Consultoria,8,732584.21,91573.03,159574.39,58633.76,0.375,4,0,0,0,0,0.0,0.0,1,1,1385,7,625892.73,0.125,1.0,0,0,732584.21,1,definitivo
128,SXT000505907,Logistica,1,1090526.13,1090526.13,1090526.13,0.0,0.0,1,0,0,0,0,0.0,0.0,0,0,2421,1,1090526.13,0.0,0.0,0,0,1090526.13,1,no_listado
128,IGI150317O3I,Transporte,12,579406.73,48283.89,49660.13,1085.86,0.3333,5,1,1,1,12,1.0,1.0,0,0,849,11,530769.69,0.0,1.0,0,0,579406.73,1,no_listado
128,LMT040124UU3,Seguridad,5,254421.51,50884.3,97993.63,28349.47,0.6,4,0,0,1,5,1.0,0.0,0,0,160,4,195285.2,0.2,0.0,0,0,254421.51,1,no_listado
128,ORG120712SI0,Logistica,6,394773.3,65795.55,105165.22,26558.74,0.3333,4,1,1,1,1,0.0,0.0,1,0,787,5,310692.74,0.1667,0.0,0,0,394773.3,0,desvirtuado
128,APT040201KA5,Seguridad,4,273465.66,68366.42,116066.27,34955.67,1.0,3,0,0,1,3,0.0,0.0,1,0,1150,4,273465.66,0.0,0.0,0,0,273465.66,0,desvirtuado
128,TOP130829G35,Transporte,5,176544.0,35308.8,102844.41,33774.83,0.4,4,1,1,1,1,0.0,0.0,1,0,276,4,73699.59,0.2,0.0,0,0,176544.0,0,favorable
128,CCM160825KK9,Consultoria,3,241139.78,80379.93,146297.8,46995.91,0.6667,3,0,0,1,1,0.0,0.0,1,0,154,3,241139.78,0.0,0.0,0,0,241139.78,0,favorable
128,GUVA861029PJA,Publicidad,5,270407.02,54081.4,112452.56,33191.33,0.2,3,0,0,1,2,0.0,0.0,1,0,178,4,228409.58,0.2,0.0,0,0,270407.02,0,presunto
128,CAS990426TQ1,Transporte,4,239430.0,59857.5,92491.15,27429.72,1.0,4,1,1,1,2,0.0,0.0,1,0,1341,2,149169.42,0.5,0.0,0,0,239430.0,0,presunto
128,SQB231210BB7,Transporte,10,447072.06,44707.21,47760.2,2130.87,0.0,5,1,1,1,10,0.0,0.6,0,0,1758,10,447072.06,0.0,0.0,0,0,447072.06,0,no_listado
128,XJL070702EAS,Mantenimiento,1,9860.0,9860.0,9860.0,0.0,0.0,1,0,0,0,0,0.0,0.0,0,0,1139,1,9860.0,0.0,0.0,0,0,9860.0,0,no_listado
128,EEN050603IZA,Seguridad,8,556800.0,69600.0,69600.0,0.0,0.0,5,1,1,0,0,0.0,0.0,0,0,1249,7,487200.0,0.0,0.0,0,0,556800.0,0,no_listado
128,UNA260212063,Papeleria,4,58580.41,14645.1,16955.08,2437.81,0.0,3,1,1,0,0,0.0,0.0,0,0,2155,4,58580.41,0.0,0.0,0,0,58580.41,0,no_listado
128,JCE190807N7M,Consultoria,6,331233.49,55205.58,62500.96,5339.51,0.0,3,1,1,0,0,0.0,0.0,0,0,2328,6,331233.49,0.0,0.0,0,0,331233.49,0,no_listado
128,XRJ181112AH0,Construccion,9,498245.59,55360.62,77474.81,12579.89,0.0,5,1,1,1,9,0.0,0.0,0,0,90,6,316666.37,0.3333,0.0,0,0,498245.59,0,no_listado
128,OEHL6301103A4,Consultoria,5,191207.22,38241.44,42148.15,3365.52,0.0,4,1,1,0,0,0.0,0.0,1,0,2585,4,149332.75,0.0,0.0,0,0,191207.22,0,favorable
128,WIR1611276V9,Limpieza,8,41186.97,5148.37,6694.41,1384.7,0.0,1,0,0,0,0,0.0,0.0,0,0,2430,8,41186.97,0.0,0.0,0,0,41186.97,0,no_listado
128,VRN011103BW7,Mantenimiento,6,37412.77,6235.46,8045.53,1070.63,0.3333,4,1,1,1,6,1.0,0.0,0,0,1641,6,37412.77,0.0,0.0,0,0,37412.77,0,no_listado
129,JIG160901DXQ,Mantenimiento,6,337160.22,56193.37,103796.79,26618.73,0.8333,5,1,1,1,6,0.1667,0.1667,0,0,297,5,284186.29,0.1667,0.0,0,0,337160.22,0,no_listado
129,QKD010204SSD,Consultoria,8,718654.5,89831.81,147600.33,47322.67,0.5,5,0,0,1,4,0.0,0.0,0,0,962,7,700105.98,0.125,0.0,0,0,718654.5,0,no_listado
129,VVE231113G3X,Construccion,5,293360.08,58672.02,128903.6,41453.66,0.4,4,0,0,1,2,0.0,0.5,0,0,1789,5,293360.08,0.0,0.0,0,0,293360.08,0,no_listado
129,SUD120513TXE,Consultoria,4,278159.85,69539.96,151470.96,49298.24,0.25,4,0,0,1,1,0.0,0.0,0,0,1784,4,278159.85,0.0,0.0,0,0,278159.85,0,no_listado
129,UXW001119MEM,Consultoria,5,267555.23,53511.05,133611.11,45441.86,0.6,3,1,1,1,5,0.0,0.0,0,0,283,5,267555.23,0.0,0.0,0,0,267555.23,0,no_listado
129,SER230503L5V,Logistica,7,800658.33,114379.76,170413.54,52798.08,0.7143,5,1,1,1,7,0.0,0.1429,0,0,583,5,620925.88,0.2857,0.0,0,0,800658.33,0,no_listado
129,OGE170804NIY,Construccion,3,96275.48,32091.83,60087.69,19797.05,0.6667,3,0,0,1,1,0.0,0.0,0,0,1619,2,77939.65,0.3333,0.0,0,0,96275.48,0,no_listado
129,VAH110802I2U,Papeleria,5,379240.36,75848.07,135602.39,40713.92,0.8,3,0,0,1,3,0.0,0.0,0,0,496,4,324494.89,0.2,0.0,0,0,379240.36,0,no_listado
129,MSY2011249N6,Consultoria,6,406109.67,67684.94,162605.52,48241.78,0.8333,4,1,1,1,6,0.0,0.0,0,0,2093,6,406109.67,0.0,0.0,0,0,406109.67,0,no_listado
129,ZXI0607066BC,Transporte,3,56113.47,18704.49,19556.13,690.35,1.0,2,1,1,1,3,0.3333,0.0,0,0,2573,2,36557.34,0.3333,0.0,0,0,56113.47,0,no_listado
129,GWX121217KOD,Construccion,9,566616.4,62957.38,113713.4,39049.06,0.2222,4,1,1,1,9,0.0,0.0,0,0,1661,8,514117.06,0.1111,0.0,0,0,566616.4,0,no_listado
129,LFU110714JHN,Construccion,3,175720.94,58573.65,100239.66,32369.29,0.6667,3,0,0,1,2,0.0,0.0,0,0,1433,2,121560.37,0.3333,0.0,0,0,175720.94,0,no_listado
129,HOS140411HX9,Consultoria,5,113337.89,22667.58,30808.34,5253.16,0.2,5,1,1,0,0,0.0,0.0,1,1,183,5,113337.89,0.0,1.0,0,0,113337.89,1,definitivo
129,UQL13072542R,Tecnologia,1,1032663.27,1032663.27,1032663.27,0.0,1.0,1,1,1,0,0,0.0,0.0,0,0,2478,1,1032663.27,0.0,0.0,0,0,1032663.27,1,no_listado
129,EEX190826M6S,Tecnologia,14,672734.74,48052.48,49528.35,936.56,0.4286,5,0,0,1,14,1.0,1.0,0,0,195,13,625496.74,0.0,1.0,0,0,672734.74,1,no_listado
129,QDS180621VT6,Tecnologia,5,566208.43,113241.69,138941.15,30335.09,0.6,4,0,0,1,5,1.0,0.0,0,0,411,5,566208.43,0.0,0.0,0,0,566208.43,1,no_listado
129,JVA920924K93,Tecnologia,6,360686.51,60114.42,136545.53,39942.54,0.5,3,0,0,1,1,0.0,0.0,1,0,269,5,224140.98,0.1667,0.0,0,0,360686.51,0,desvirtuado
129,DAR100118G81,Seguridad,5,260575.04,52115.01,101811.16,31443.67,0.4,2,0,0,1,3,0.3333,0.0,1,0,816,5,260575.04,0.0,0.0,0,0,260575.04,0,desvirtuado
129,RAOR681225AJ2,Logistica,3,111021.39,37007.13,72693.42,25236.05,0.6667,3,1,1,1,1,0.0,0.0,1,0,2394,3,111021.39,0.0,0.0,0,0,111021.39,0,favorable
129,DURL861015SV2,Mantenimiento,7,461127.27,65875.32,150998.5,56134.82,0.2857,5,1,1,1,1,0.0,0.0,1,0,116,7,461127.27,0.0,0.0,0,0,461127.27,0,favorable
129,SLM1703174M0,Mantenimiento,6,399331.43,66555.24,140009.69,50950.08,0.8333,3,0,0,1,3,0.0,0.0,1,0,2010,2,262580.3,0.6667,0.0,0,0,399331.43,0,presunto
129,UAGT660812L74,Consultoria,4,202021.41,50505.35,98445.01,33151.91,0.25,3,1,1,1,3,0.0,0.0,1,0,354,3,182560.98,0.25,0.0,0,0,202021.41,0,presunto
129,NLZ220604GPH,Transporte,10,437388.02,43738.8,48091.06,2251.35,0.0,5,1,1,1,10,0.0,0.2,0,0,1735,10,437388.02,0.0,0.0,0,0,437388.02,0,no_listado
129,BLK130821PR2,Mantenimiento,1,9860.0,9860.0,9860.0,0.0,0.0,1,0,0,0,0,0.0,0.0,0,0,1077,1,9860.0,0.0,0.0,0,0,9860.0,0,no_listado
129,JEO1802108B8,Seguridad,8,556800.0,69600.0,69600.0,0.0,0.0,5,1,1,0,0,0.0,0.0,0,0,1249,7,487200.0,0.0,0.0,0,0,556800.0,0,no_listado
129,VPY18041182C,Papeleria,4,49373.88,12343.47,13050.02,766.92,0.0,3,1,1,0,0,0.0,0.0,0,0,2138,3,36346.4,0.0,0.0,0,0,49373.88,0,no_listado
129,WGR020704ARQ,Consultoria,6,298153.79,49692.3,61416.8,6773.81,0.0,5,1,1,0,0,0.0,0.0,0,0,2211,6,298153.79,0.0,0.0,0,0,298153.79,0,no_listado
129,UZT2303052SZ,Construccion,9,575808.64,63978.74,73554.58,8094.48,0.0,5,1,1,1,9,0.0,0.1111,0,0,24,8,518827.04,0.1111,0.0,0,0,575808.64,0,no_listado
129,IPM160209QT3,Consultoria,5,180031.45,36006.29,44541.55,4720.9,0.0,2,1,1,0,0,0.0,0.0,1,0,2584,5,180031.45,0.0,0.0,0,0,180031.45,0,desvirtuado
129,KDC181122U8X,Limpieza,8,42716.06,5339.51,6486.35,959.29,0.0,1,0,0,0,0,0.0,0.0,0,0,2528,8,42716.06,0.0,0.0,0,0,42716.06,0,no_listado
129,FDJ141123LF0,Mantenimiento,6,44041.44,7340.24,9873.04,1289.31,0.5,5,1,1,1,6,1.0,0.0,0,0,1596,6,44041.44,0.0,0.0,0,0,44041.44,0,no_listado
130,HXM000906XI2,Papeleria,7,377425.62,53917.95,123868.58,38845.41,0.5714,5,1,1,1,7,0.1429,0.0,0,0,1571,7,377425.62,0.0,0.0,0,0,377425.62,0,no_listado
130,KKF110510LMI,Tecnologia,9,807074.63,89674.96,163301.76,50388.79,0.4444,5,1,1,1,9,0.1111,0.0,0,0,1206,7,569647.78,0.2222,0.0,0,0,807074.63,0,no_listado
130,ZOF1809062Q1,Tecnologia,5,157084.78,31416.96,58621.73,16112.96,0.4,4,1,1,1,5,0.0,0.0,0,0,1620,5,157084.78,0.0,0.0,0,0,157084.78,0,no_listado
130,WDR2503178XM,Seguridad,4,384754.05,96188.51,162445.66,63291.77,0.75,3,0,0,1,1,0.0,0.0,0,0,1892,4,384754.05,0.0,0.0,0,0,384754.05,0,no_listado
130,CNH130222KNV,Consultoria,3,218568.7,72856.23,136678.68,48563.3,0.6667,2,1,1,1,3,0.0,0.0,0,0,1742,2,199592.14,0.3333,0.0,0,0,218568.7,0,no_listado
130,HMG181120LW4,Papeleria,3,352823.74,117607.91,152641.44,25831.91,1.0,2,1,1,1,3,0.0,0.0,0,0,850,2,261700.32,0.3333,0.0,0,0,352823.74,0,no_listado
130,XPE150125R3Q,Papeleria,7,576551.65,82364.52,152226.44,43192.06,0.5714,5,1,1,1,7,0.1429,0.1429,0,0,1047,5,376443.11,0.2857,0.0,0,0,576551.65,0,no_listado
130,ZAH141025DKR,Transporte,9,682643.54,75849.28,164065.73,49424.58,0.7778,6,1,1,1,9,0.0,0.0,0,0,127,8,518577.81,0.1111,0.0,0,0,682643.54,0,no_listado
130,VFP150516PC6,Seguridad,9,733645.92,81516.21,161783.69,54641.21,0.3333,4,1,1,1,9,0.0,0.0,0,0,1881,7,576028.11,0.2222,0.0,0,0,733645.92,0,no_listado
130,WEW000521A92,Transporte,9,737619.47,81957.72,162899.11,50198.05,0.6667,6,0,0,1,5,0.2,0.0,0,0,802,7,489636.6,0.2222,0.0,0,0,737619.47,0,no_listado
130,BOA041018LYD,Transporte,8,815205.68,101900.71,167712.7,54701.61,0.25,6,1,1,1,8,0.0,0.0,0,0,2019,6,563181.13,0.125,0.0,0,0,815205.68,0,no_listado
130,NBM250524MX2,Limpieza,5,573572.81,114714.56,158280.52,35569.61,0.2,4,1,1,1,5,0.0,0.0,0,0,716,4,474412.63,0.2,0.0,0,0,573572.81,0,no_listado
130,CGU110811F53,Consultoria,6,503718.49,83953.08,163860.56,51938.04,0.1667,6,1,1,0,0,0.0,0.0,1,1,1668,5,339857.93,0.1667,1.0,0,0,503718.49,1,definitivo
130,NGT241210SVJ,Seguridad,1,1462296.84,1462296.84,1462296.84,0.0,1.0,1,0,0,0,0,0.0,0.0,0,0,2649,1,1462296.84,0.0,0.0,0,0,1462296.84,1,no_listado
130,GTR0902236DK,Seguridad,10,479547.38,47954.74,49579.27,1133.23,0.3,4,0,0,1,10,1.0,1.0,0,0,178,10,479547.38,0.0,1.0,0,0,479547.38,1,no_listado
130,SUT230103BC9,Papeleria,4,303035.22,75758.8,136889.79,52968.31,0.25,4,0,0,1,4,1.0,0.0,0,0,251,4,303035.22,0.0,0.0,0,0,303035.22,1,no_listado
130,ZIT150707U64,Papeleria,3,232796.84,77598.95,109321.01,41458.84,0.0,2,1,1,1,2,0.0,0.0,1,0,363,1,104440.79,0.6667,0.0,0,0,232796.84,0,desvirtuado
130,CTM100420G50,Mantenimiento,4,338832.07,84708.02,160362.89,48322.33,0.25,2,1,1,1,2,0.0,0.0,1,0,209,4,338832.07,0.0,0.0,0,0,338832.07,0,desvirtuado
130,FOSM7808292U8,Transporte,3,163398.8,54466.27,109970.08,39924.85,0.0,2,0,0,1,1,0.0,0.0,1,0,79,3,163398.8,0.0,0.0,0,0,163398.8,0,favorable
130,SIV180514MF6,Publicidad,4,343398.56,85849.64,154176.56,50794.32,0.25,2,1,1,1,2,0.0,0.0,1,0,1333,4,343398.56,0.0,0.0,0,0,343398.56,0,favorable
130,TEC200617C56,Limpieza,6,235237.98,39206.33,71789.86,20054.39,0.5,5,0,0,1,4,0.0,0.0,1,0,2046,4,144487.51,0.3333,0.0,0,0,235237.98,0,presunto
130,IRE170303G18,Publicidad,3,324845.49,108281.83,158265.28,62925.92,0.3333,2,1,1,1,1,0.0,0.0,1,0,2411,3,324845.49,0.0,0.0,0,0,324845.49,0,presunto
130,STI100428Q2B,Transporte,10,454355.61,45435.56,48340.76,2064.88,0.0,6,1,1,1,10,0.0,0.6,0,0,1721,10,454355.61,0.0,0.0,0,0,454355.61,0,no_listado
130,ZBP110325OUO,Mantenimiento,1,9860.0,9860.0,9860.0,0.0,0.0,1,0,0,0,0,0.0,0.0,0,0,1066,1,9860.0,0.0,0.0,0,0,9860.0,0,no_listado
130,EFS141209L2W,Seguridad,8,556800.0,69600.0,69600.0,0.0,0.0,4,1,1,0,0,0.0,0.0,0,0,1249,7,487200.0,0.0,0.0,0,0,556800.0,0,no_listado
130,JVR171122T4C,Papeleria,4,52934.75,13233.69,15337.16,1521.6,0.0,3,1,1,0,0,0.0,0.0,0,0,2165,4,52934.75,0.0,0.0,0,0,52934.75,0,no_listado
130,CWV010501F1F,Consultoria,6,314880.43,52480.07,57515.55,4588.03,0.0,3,1,1,0,0,0.0,0.0,0,0,2253,5,257364.88,0.0,0.0,0,0,314880.43,0,no_listado
130,EYI2406052FS,Construccion,9,617889.5,68654.39,80650.96,9089.32,0.0,5,1,1,1,9,0.0,0.0,0,0,127,8,542796.4,0.0,0.0,0,0,617889.5,0,no_listado
130,PML131219SP8,Consultoria,5,147285.54,29457.11,37217.53,5303.1,0.0,3,1,1,0,0,0.0,0.0,1,0,2614,5,147285.54,0.0,0.0,0,0,147285.54,0,favorable
130,YCD1704136W1,Limpieza,8,39656.3,4957.04,6530.23,1351.45,0.0,1,0,0,0,0,0.0,0.0,0,0,2429,8,39656.3,0.0,0.0,0,0,39656.3,0,no_listado
130,DSG131215SUZ,Mantenimiento,6,45232.42,7538.74,8691.97,1115.66,0.1667,3,1,1,1,6,1.0,0.0,0,0,1596,5,36646.82,0.0,0.0,0,0,45232.42,0,no_listado
131,HZW25072521L,Tecnologia,3,298769.44,99589.81,154896.17,58543.31,0.0,1,1,1,1,3,0.0,0.0,0,0,2312,3,298769.44,0.0,0.0,0,0,298769.44,0,no_listado
131,IVZ000810BTN,Mantenimiento,8,531209.47,66401.18,158657.25,40129.29,0.375,6,1,1,1,8,0.0,0.125,0,0,2195,7,499947.91,0.125,0.0,0,0,531209.47,0,no_listado
131,EWQ261210BYK,Mantenimiento,7,588424.62,84060.66,159574.39,54753.42,0.4286,3,1,1,1,7,0.1429,0.0,0,0,318,7,588424.62,0.0,0.0,0,0,588424.62,0,no_listado
131,KZD251017EPP,Mantenimiento,7,325356.63,46479.52,111637.03,31779.77,0.4286,4,1,1,1,7,0.0,0.0,0,0,124,7,325356.63,0.0,0.0,0,0,325356.63,0,no_listado
131,ZAI0903023OW,Seguridad,3,283831.0,94610.33,151658.52,55466.73,0.3333,1,0,0,1,2,0.0,0.0,0,0,1167,3,283831.0,0.0,0.0,0,0,283831.0,0,no_listado
131,NXI2308101Y7,Seguridad,7,478040.33,68291.48,158907.91,55153.06,0.5714,4,1,1,1,7,0.0,0.2857,0,0,1698,7,478040.33,0.0,0.0,0,0,478040.33,0,no_listado
131,NUV2002262RT,Logistica,4,253073.22,63268.3,153765.33,55214.97,0.5,3,0,0,1,3,0.0,0.0,0,0,2411,4,253073.22,0.0,0.0,0,0,253073.22,0,no_listado
131,QLE0502011XH,Logistica,7,474351.08,67764.44,161869.67,50451.67,0.4286,4,1,1,1,7,0.0,0.0,0,0,110,6,374975.55,0.1429,0.0,0,0,474351.08,0,no_listado
131,GPB151004RW9,Papeleria,5,158849.92,31769.98,52464.57,14606.48,0.8,4,0,0,1,3,0.3333,0.3333,0,0,1919,4,140719.82,0.2,0.0,0,0,158849.92,0,no_listado
131,WUN060912IDO,Construccion,7,620745.14,88677.88,147689.74,38635.26,0.2857,4,1,1,1,7,0.0,0.0,0,0,1423,6,558451.89,0.1429,0.0,0,0,620745.14,0,no_listado
131,BHO131118QPA,Mantenimiento,9,840802.11,93422.46,158118.96,46221.9,0.5556,6,0,0,1,5,0.0,0.0,0,0,1495,8,733123.94,0.1111,0.0,0,0,840802.11,0,no_listado
131,NAK1902132XY,Seguridad,7,507092.06,72441.72,164730.96,48122.72,0.4286,4,1,1,1,7,0.2857,0.0,0,0,661,6,407763.15,0.1429,0.0,0,0,507092.06,0,no_listado
131,CON090228TN5,Consultoria,8,334281.74,41785.22,91451.72,25493.11,0.625,5,1,1,0,0,0.0,0.0,1,1,1087,8,334281.74,0.0,1.0,0,0,334281.74,1,definitivo
131,OXY110827X1A,Mantenimiento,1,1449989.34,1449989.34,1449989.34,0.0,1.0,1,1,1,0,0,0.0,0.0,0,0,350,1,1449989.34,0.0,0.0,0,0,1449989.34,1,no_listado
131,CSR201118OVP,Tecnologia,11,525487.39,47771.58,49301.38,781.64,0.5455,4,0,0,1,11,1.0,1.0,0,0,275,10,478307.79,0.0,1.0,0,0,525487.39,1,no_listado
131,DMW13102729I,Limpieza,6,407191.43,67865.24,163229.55,62206.85,0.6667,5,0,0,1,6,1.0,0.0,0,0,125,5,370075.88,0.1667,0.0,0,0,407191.43,1,no_listado
131,TVI0811258E8,Seguridad,3,197004.11,65668.04,105176.61,35259.6,0.3333,3,1,1,1,3,0.0,0.0,1,0,1305,3,197004.11,0.0,0.0,0,0,197004.11,0,desvirtuado
131,FRG070509PU6,Construccion,6,447132.93,74522.15,156602.06,43903.62,0.8333,4,0,0,1,6,0.1667,0.0,1,0,584,6,447132.93,0.0,0.0,0,0,447132.93,0,desvirtuado
131,CPM1109075D5,Mantenimiento,3,73904.2,24634.73,37179.36,8872.45,0.0,3,1,1,1,1,1.0,0.0,1,0,173,3,73904.2,0.0,0.0,0,0,73904.2,0,favorable
131,BIN091105MH8,Papeleria,6,270009.97,45001.66,108305.57,32301.2,0.8333,4,1,1,1,4,0.0,0.0,1,0,1546,5,209787.58,0.1667,0.0,0,0,270009.97,0,favorable
131,COV080704UB6,Papeleria,4,437053.41,109263.35,163520.43,53985.38,0.5,3,0,0,1,3,0.3333,0.0,1,0,162,3,417531.84,0.25,0.0,0,0,437053.41,0,presunto
131,CMM230224IZ5,Construccion,5,390483.78,78096.76,149001.03,37750.06,0.6,4,1,1,1,4,0.25,0.5,1,0,251,3,279488.71,0.4,0.0,0,0,390483.78,0,presunto
131,WLL140301BQJ,Transporte,10,456439.72,45643.97,47747.49,1907.59,0.0,5,1,1,1,10,0.0,0.7,0,0,1702,10,456439.72,0.0,0.0,0,0,456439.72,0,no_listado
131,TZH150617OIQ,Mantenimiento,1,9860.0,9860.0,9860.0,0.0,0.0,1,0,0,0,0,0.0,0.0,0,0,1150,1,9860.0,0.0,0.0,0,0,9860.0,0,no_listado
131,NUT190327VX1,Seguridad,8,556800.0,69600.0,69600.0,0.0,0.0,5,1,1,0,0,0.0,0.0,0,0,1249,6,417600.0,0.0,0.0,0,0,556800.0,0,no_listado
131,HPH020808XK5,Papeleria,4,60025.69,15006.42,17298.8,1996.53,0.0,4,1,1,0,0,0.0,0.0,0,0,2193,3,43633.27,0.25,0.0,0,0,60025.69,0,no_listado
131,OJK070723QJR,Consultoria,6,289934.85,48322.47,55498.49,5160.21,0.0,3,1,1,0,0,0.0,0.0,0,0,2183,5,246832.67,0.0,0.0,0,0,289934.85,0,no_listado
131,CCM160422YFJ,Construccion,9,476383.16,52931.46,80732.67,14574.22,0.0,5,1,1,1,9,0.0,0.1111,0,0,20,7,380236.55,0.1111,0.0,0,0,476383.16,0,no_listado
131,OSN120727BV8,Consultoria,5,182762.53,36552.51,46101.33,6857.44,0.0,2,1,1,0,0,0.0,0.0,1,0,2576,3,113504.8,0.4,0.0,0,0,182762.53,0,desvirtuado
131,CYE220818NYM,Limpieza,8,37275.48,4659.43,6569.17,1125.88,0.0,1,0,0,0,0,0.0,0.0,0,0,2455,8,37275.48,0.0,0.0,0,0,37275.48,0,no_listado
131,GIB2404211AD,Mantenimiento,6,44900.84,7483.47,9086.58,1481.15,0.1667,3,1,1,1,6,1.0,0.0,0,0,1593,5,36629.53,0.1667,0.0,0,0,44900.84,0,no_listado
132,UIC1507136L7,Publicidad,6,341478.35,56913.06,157662.95,49829.2,0.3333,4,0,0,1,6,0.1667,0.0,0,0,2433,5,323174.42,0.1667,0.0,0,0,341478.35,0,no_listado
132,CFT2506279U8,Limpieza,6,330236.49,55039.42,126080.08,42245.03,0.8333,3,0,0,1,2,0.5,0.5,0,0,214,6,330236.49,0.0,0.0,0,0,330236.49,0,no_listado
132,JWP2007108SL,Publicidad,3,300598.08,100199.36,147942.98,41165.18,0.6667,2,1,1,1,3,0.0,0.3333,0,0,941,1,105176.61,0.6667,0.0,0,0,300598.08,0,no_listado
132,NGY050120EVH,Construccion,7,595637.43,85091.06,138915.7,40648.34,0.4286,3,0,0,1,3,0.3333,0.0,0,0,1928,7,595637.43,0.0,0.0,0,0,595637.43,0,no_listado
132,GXN1705288QZ,Seguridad,6,830685.81,138447.63,153479.67,14421.63,0.6667,3,0,0,1,1,0.0,0.0,0,0,2008,4,528894.41,0.1667,0.0,0,0,830685.81,0,no_listado
132,TWX160211SCT,Logistica,7,466519.13,66645.59,131677.62,41498.02,0.4286,4,0,0,1,6,0.0,0.0,0,0,2124,6,334841.51,0.1429,0.0,0,0,466519.13,0,no_listado
132,KXS1301175S7,Logistica,4,109653.79,27413.45,54635.65,15721.07,0.75,3,0,0,1,2,0.0,0.0,0,0,177,3,91086.66,0.0,0.0,0,0,109653.79,0,no_listado
132,IUB2003027RQ,Consultoria,5,279264.3,55852.86,149550.24,49332.09,0.2,3,1,1,1,5,0.0,0.0,0,0,1356,3,198898.52,0.4,0.0,0,0,279264.3,0,no_listado
132,RVR250808KTA,Transporte,8,771766.63,96470.83,161783.69,52393.37,0.75,4,1,1,1,8,0.0,0.125,0,0,2119,7,649957.83,0.125,0.0,0,0,771766.63,0,no_listado
132,DFS0702199XI,Papeleria,8,428158.44,53519.81,120585.26,41510.07,0.125,5,1,1,1,8,0.0,0.0,0,0,2439,7,409397.91,0.125,0.0,0,0,428158.44,0,no_listado
132,LEL090104OK5,Logistica,7,372994.45,53284.92,140039.55,40335.61,0.5714,5,0,0,1,3,0.3333,0.3333,0,0,2321,5,306334.83,0.2857,0.0,0,0,372994.45,0,no_listado
132,RVT1811036HF,Construccion,5,447927.13,89585.43,144473.91,57495.59,0.6,4,0,0,1,4,0.0,0.0,0,0,1229,4,307116.78,0.2,0.0,0,0,447927.13,0,no_listado
132,KGL140306PE2,Consultoria,8,779312.53,97414.07,170413.54,45939.94,0.625,5,0,0,0,0,0.0,0.0,1,1,149,6,568981.8,0.25,1.0,0,0,779312.53,1,definitivo
132,MHR261214XF9,Transporte,1,1195323.11,1195323.11,1195323.11,0.0,1.0,1,0,0,0,0,0.0,0.0,0,0,1159,1,1195323.11,0.0,0.0,0,0,1195323.11,1,no_listado
132,APD240924GII,Publicidad,14,675572.85,48255.2,49789.04,963.51,0.6429,6,0,0,1,14,1.0,1.0,0,0,166,12,580615.02,0.0,1.0,0,0,675572.85,1,no_listado
132,YNN2106246DN,Construccion,4,454494.36,113623.59,155057.72,56329.87,0.5,3,0,0,1,4,1.0,0.0,0,0,388,3,436722.15,0.25,0.0,0,0,454494.36,1,no_listado
132,GSP000616FV4,Consultoria,7,601112.03,85873.15,167263.64,56194.08,0.7143,5,1,1,1,4,0.0,0.0,1,0,1266,7,601112.03,0.0,0.0,0,0,601112.03,0,desvirtuado
132,CEC0602282P8,Logistica,3,184652.67,61550.89,84080.56,16665.1,1.0,3,1,1,1,2,0.0,0.0,1,0,1626,2,100572.11,0.3333,0.0,0,0,184652.67,0,desvirtuado
132,ACI0702232A5,Seguridad,7,582830.37,83261.48,169758.6,59443.41,0.2857,5,0,0,1,6,0.0,0.0,1,0,1064,6,565260.22,0.0,0.0,0,0,582830.37,0,favorable
132,GAD150527CS9,Mantenimiento,4,233217.65,58304.41,106537.82,31771.38,0.25,4,0,0,1,2,0.0,0.5,1,0,1126,3,214140.07,0.25,0.0,0,0,233217.65,0,favorable
132,LOOJ960701KB3,Construccion,4,422844.46,105711.12,167390.7,41338.87,0.5,3,1,1,1,2,0.0,0.0,1,0,765,2,197642.91,0.5,0.0,0,1,422844.46,0,presunto
132,SST200922PR0,Limpieza,6,335022.32,55837.05,93527.59,27930.2,0.6667,4,0,0,1,3,0.0,0.0,1,0,2284,1,19556.13,0.8333,0.0,0,0,335022.32,0,presunto
132,CSL1206018G2,Transporte,10,451901.86,45190.19,48439.98,1939.58,0.0,4,1,1,1,10,0.0,0.6,0,0,1737,10,451901.86,0.0,0.0,0,0,451901.86,0,no_listado
132,MKA040504LUD,Mantenimiento,1,9860.0,9860.0,9860.0,0.0,0.0,1,0,0,0,0,0.0,0.0,0,0,1069,1,9860.0,0.0,0.0,0,0,9860.0,0,no_listado
132,TBK131001J4E,Seguridad,8,556800.0,69600.0,69600.0,0.0,0.0,4,1,1,0,0,0.0,0.0,0,0,1249,8,556800.0,0.0,0.0,0,0,556800.0,0,no_listado
132,UFL2102095NG,Papeleria,4,58058.66,14514.67,15106.09,408.49,0.0,3,1,1,0,0,0.0,0.0,0,0,2262,3,42952.57,0.25,0.0,0,0,58058.66,0,no_listado
132,JAJ111101A9R,Consultoria,6,297228.48,49538.08,62641.48,6696.04,0.0,4,1,1,0,0,0.0,0.0,0,0,2216,6,297228.48,0.0,0.0,0,0,297228.48,0,no_listado
132,TUS140216YEG,Construccion,9,487814.55,54201.62,63130.49,6061.7,0.0,5,1,1,1,9,0.0,0.3333,0,0,116,9,487814.55,0.0,0.0,0,0,487814.55,0,no_listado
132,CUR1405141F4,Consultoria,5,192034.08,38406.82,45977.46,6349.15,0.0,3,1,1,0,0,0.0,0.0,1,0,2661,5,192034.08,0.0,0.0,0,0,192034.08,0,favorable
132,SRP230413E0V,Limpieza,8,40788.45,5098.56,6777.56,1228.52,0.0,1,0,0,0,0,0.0,0.0,0,0,2414,8,40788.45,0.0,0.0,0,0,40788.45,0,no_listado
132,ZEU121108ZYE,Mantenimiento,6,47624.08,7937.35,9860.19,1804.73,0.3333,4,1,1,1,6,1.0,0.0,0,0,1626,5,38917.09,0.1667,0.0,0,0,47624.08,0,no_listado
133,AJH1205247JQ,Tecnologia,9,853685.68,94853.96,165977.14,51371.42,0.6667,5,0,0,1,4,0.0,0.25,0,0,1907,7,666882.51,0.2222,0.0,0,0,853685.68,0,no_listado
133,IBZ130523F82,Limpieza,9,517114.8,57457.2,127401.91,35831.19,0.4444,5,1,1,1,9,0.0,0.0,0,0,1743,6,319027.68,0.3333,0.0,0,0,517114.8,0,no_listado
133,OUD160904AZZ,Logistica,9,666499.89,74055.54,142557.13,41916.6,0.4444,5,0,0,1,4,0.25,0.0,0,0,1867,9,666499.89,0.0,0.0,0,0,666499.89,0,no_listado
133,HSB0304072H0,Publicidad,6,497352.95,82892.16,168990.25,50220.74,0.3333,2,1,1,1,6,0.0,0.0,0,0,1916,6,497352.95,0.0,0.0,0,0,497352.95,0,no_listado
133,XAP020225456,Seguridad,8,259592.64,32449.08,131180.69,37324.72,0.5,3,1,1,1,8,0.125,0.0,0,0,196,8,259592.64,0.0,0.0,0,0,259592.64,0,no_listado
133,NFT021007G03,Mantenimiento,7,894524.36,127789.19,172458.01,33522.57,0.2857,4,1,1,1,7,0.1429,0.0,0,0,2004,3,434519.57,0.5714,0.0,0,0,894524.36,0,no_listado
133,LQK1310151T8,Papeleria,6,341025.64,56837.61,90357.2,30694.57,0.3333,3,1,1,1,6,0.0,0.0,0,0,2326,5,296534.42,0.1667,0.0,0,0,341025.64,0,no_listado
133,BAE080905QEI,Mantenimiento,9,790217.36,87801.93,167390.7,44967.58,0.4444,5,1,1,1,9,0.0,0.0,0,0,169,7,652561.77,0.2222,0.0,0,0,790217.36,0,no_listado
133,VCJ240701GMY,Transporte,4,400828.82,100207.2,162383.1,55789.93,0.5,3,0,0,1,1,1.0,0.0,0,0,1463,2,155620.03,0.5,0.0,0,0,400828.82,0,no_listado
133,EKY190121QU9,Transporte,3,369239.15,123079.72,165056.57,33041.9,0.3333,3,1,1,1,3,0.0,0.0,0,0,692,3,369239.15,0.0,0.0,0,0,369239.15,0,no_listado
133,CNI240920MJH,Mantenimiento,3,98560.81,32853.6,60807.1,19766.8,0.6667,3,1,1,1,3,0.0,0.0,0,0,1951,2,79480.57,0.3333,0.0,0,0,98560.81,0,no_listado
133,PYO1807283BO,Mantenimiento,5,413564.52,82712.9,161039.29,51462.57,0.2,5,1,1,1,5,0.0,0.0,0,0,402,5,413564.52,0.0,0.0,0,0,413564.52,0,no_listado
133,PME101216G31,Consultoria,7,395944.34,56563.48,93949.3,34027.07,0.2857,3,0,0,0,0,0.0,0.0,1,1,671,6,307062.34,0.1429,1.0,0,0,395944.34,1,definitivo
133,UCN261119N61,Consultoria,1,994056.29,994056.29,994056.29,0.0,0.0,1,0,0,0,0,0.0,0.0,0,0,71,1,994056.29,0.0,0.0,0,0,994056.29,1,no_listado
133,WAZ220525LXV,Publicidad,11,525372.15,47761.1,48821.66,539.07,0.3636,5,0,0,1,11,1.0,1.0,0,0,1735,9,430986.79,0.0,1.0,0,0,525372.15,1,no_listado
133,DVT250914L1E,Mantenimiento,4,332894.34,83223.59,173686.29,53458.8,0.75,2,0,0,1,4,1.0,0.0,0,0,184,4,332894.34,0.0,0.0,0,0,332894.34,1,no_listado
133,CEV910913QX0,Seguridad,7,712628.46,101804.07,129187.52,36144.52,0.4286,4,1,1,1,4,0.0,0.0,1,0,200,6,583440.94,0.1429,0.0,0,1,712628.46,0,desvirtuado
133,ACL130731KI0,Construccion,4,310899.58,77724.9,149115.42,59843.81,0.75,4,1,1,1,1,0.0,0.0,1,0,2580,3,291921.76,0.25,0.0,0,0,310899.58,0,desvirtuado
133,AIN131223UT9,Publicidad,6,424186.01,70697.67,111637.03,29846.89,0.8333,3,1,1,1,3,0.0,0.0,1,0,880,3,228318.28,0.5,0.0,0,0,424186.01,0,favorable
133,ORE130919KSA,Construccion,4,387561.57,96890.39,148208.84,47602.43,0.25,3,1,1,1,3,0.0,0.0,1,0,1469,4,387561.57,0.0,0.0,0,0,387561.57,0,favorable
133,RSA1904241R4,Publicidad,4,390209.73,97552.43,129262.48,46502.46,0.5,2,0,0,1,3,0.0,0.0,1,0,2440,4,390209.73,0.0,0.0,0,0,390209.73,0,presunto
133,STA111031N20,Seguridad,6,431651.49,71941.91,118479.86,42687.86,0.6667,4,1,1,1,3,0.0,0.0,1,0,2404,5,320263.04,0.1667,0.0,0,0,431651.49,0,presunto
133,CJM0409216HR,Transporte,10,432206.09,43220.61,47844.78,2162.9,0.0,5,1,1,1,10,0.0,0.2,0,0,1757,9,391187.5,0.0,0.0,0,0,432206.09,0,no_listado
133,GOH041122IP3,Mantenimiento,1,9860.0,9860.0,9860.0,0.0,0.0,1,0,0,0,0,0.0,0.0,0,0,1177,1,9860.0,0.0,0.0,0,0,9860.0,0,no_listado
133,JYP080919HN8,Seguridad,8,556800.0,69600.0,69600.0,0.0,0.0,5,1,1,0,0,0.0,0.0,0,0,1249,7,487200.0,0.0,0.0,0,0,556800.0,0,no_listado
133,HUS1106062PD,Papeleria,4,50967.01,12741.75,15662.56,1767.93,0.0,3,1,1,0,0,0.0,0.0,0,0,2205,4,50967.01,0.0,0.0,0,0,50967.01,0,no_listado
133,GDG02032384N,Consultoria,6,311629.21,51938.2,57722.37,2695.96,0.0,5,1,1,0,0,0.0,0.0,0,0,2262,6,311629.21,0.0,0.0,0,0,311629.21,0,no_listado
133,DSP1901026TJ,Construccion,9,506284.67,56253.85,77761.91,13793.9,0.0,5,1,1,1,9,0.0,0.0,0,0,64,8,448055.62,0.1111,0.0,0,0,506284.67,0,no_listado
133,TGO080701TX5,Consultoria,5,176309.7,35261.94,41839.52,7346.82,0.0,4,1,1,0,0,0.0,0.0,1,0,2618,5,176309.7,0.0,0.0,0,0,176309.7,0,favorable
133,XFA150415IRS,Limpieza,8,38607.69,4825.96,6895.67,1186.8,0.0,1,0,0,0,0,0.0,0.0,0,0,2412,8,38607.69,0.0,0.0,0,0,38607.69,0,no_listado
133,JTI260512IJW,Mantenimiento,6,44734.3,7455.72,9186.63,1740.86,0.5,4,1,1,1,6,1.0,0.0,0,0,1603,5,38647.94,0.1667,0.0,0,0,44734.3,0,no_listado
134,NPT15020287S,Consultoria,8,346830.71,43353.84,87690.54,26197.78,0.625,4,1,1,1,8,0.0,0.0,0,0,1081,7,328303.46,0.125,0.0,0,0,346830.71,0,no_listado
134,GNU000413LE7,Construccion,5,173142.21,34628.44,67692.89,20380.92,0.2,5,0,0,1,2,0.0,0.5,0,0,537,5,173142.21,0.0,0.0,0,0,173142.21,0,no_listado
134,BAV180504C9K,Publicidad,6,583845.92,97307.65,173606.53,69724.04,0.5,5,1,1,1,6,0.3333,0.1667,0,0,194,5,432058.59,0.1667,0.0,0,0,583845.92,0,no_listado
134,CBD020624NOO,Logistica,8,476937.58,59617.2,153796.04,46126.9,0.5,4,1,1,1,8,0.0,0.0,0,0,634,6,430320.79,0.25,0.0,0,0,476937.58,0,no_listado
134,KVJ051127XGT,Transporte,7,758352.91,108336.13,171762.46,50265.32,0.5714,5,1,1,1,7,0.0,0.0,0,0,2024,6,740657.81,0.1429,0.0,0,0,758352.91,0,no_listado
134,OQA020206ON8,Limpieza,6,421512.68,70252.11,157423.09,42880.08,0.6667,4,0,0,1,4,0.0,0.0,0,0,969,6,421512.68,0.0,0.0,0,0,421512.68,0,no_listado
134,JOU100110023,Papeleria,3,179513.64,59837.88,100594.04,33790.5,0.0,3,1,1,1,3,0.0,0.0,0,0,1760,1,100594.04,0.6667,0.0,0,0,179513.64,0,no_listado
134,CYC0502087ZG,Publicidad,5,341798.87,68359.77,167922.01,54591.04,0.4,4,0,0,1,1,0.0,0.0,0,0,2124,4,274071.41,0.2,0.0,0,0,341798.87,0,no_listado
134,UCD001115T9D,Publicidad,7,560842.96,80120.42,142030.24,44530.55,0.7143,5,1,1,1,7,0.1429,0.0,0,0,909,6,451048.35,0.1429,0.0,0,0,560842.96,0,no_listado
134,LXO201222VFG,Seguridad,5,449063.61,89812.72,171765.99,51644.24,0.0,3,0,0,1,1,0.0,0.0,0,0,612,5,449063.61,0.0,0.0,0,0,449063.61,0,no_listado
134,OZY081028NT8,Consultoria,3,204536.5,68178.83,167258.68,70060.97,0.6667,3,1,1,1,3,0.0,0.0,0,0,1224,2,37277.82,0.3333,0.0,0,0,204536.5,0,no_listado
134,IPH051203HAE,Consultoria,8,864158.17,108019.77,171919.41,53199.42,0.625,4,1,1,1,8,0.125,0.125,0,0,83,6,730958.92,0.25,0.0,0,0,864158.17,0,no_listado
134,SPC0403222P3,Consultoria,8,680308.49,85038.56,156070.37,46075.66,0.625,4,0,0,0,0,0.0,0.0,1,1,2329,8,680308.49,0.0,1.0,0,0,680308.49,1,definitivo
134,YGN050801IWX,Logistica,1,1403045.6,1403045.6,1403045.6,0.0,0.0,1,0,0,0,0,0.0,0.0,0,0,334,1,1403045.6,0.0,0.0,0,0,1403045.6,1,no_listado
134,ERU080914ZFD,Seguridad,11,520314.04,47301.28,48615.07,638.41,0.6364,6,1,1,1,11,1.0,1.0,0,0,2160,10,473330.41,0.0,1.0,0,0,520314.04,1,no_listado
134,WJK2001170RV,Publicidad,6,220550.65,36758.44,93101.21,28272.03,0.5,3,0,0,1,6,1.0,0.0,0,0,2295,6,220550.65,0.0,0.0,0,0,220550.65,1,no_listado
134,PIE121206VC1,Logistica,4,394588.95,98647.24,143120.25,39057.58,0.5,3,0,0,1,1,0.0,0.0,1,0,2338,4,394588.95,0.0,0.0,0,0,394588.95,0,desvirtuado
134,APR140227T3A,Transporte,4,349882.99,87470.75,135498.96,45866.69,1.0,3,0,0,1,3,0.0,0.0,1,0,218,4,349882.99,0.0,0.0,0,0,349882.99,0,desvirtuado
134,BLS140528V50,Limpieza,4,314653.39,78663.35,130036.3,46256.78,0.75,3,1,1,1,2,0.0,0.5,1,0,2551,4,314653.39,0.0,0.0,0,0,314653.39,0,favorable
134,ORE130919KSA,Mantenimiento,6,398366.26,66394.38,161395.53,63452.69,0.3333,4,1,1,1,3,0.0,0.0,1,0,144,6,398366.26,0.0,0.0,0,0,398366.26,0,favorable
134,LOME9410156V6,Transporte,4,213678.68,53419.67,158663.21,60765.02,0.75,3,1,1,1,1,0.0,0.0,1,0,691,3,196214.87,0.25,0.0,0,0,213678.68,0,presunto
134,MECI8108218B3,Construccion,4,485355.29,121338.82,171455.92,52704.72,0.25,4,1,1,1,1,0.0,0.0,1,0,1786,4,485355.29,0.0,0.0,0,0,485355.29,0,presunto
134,IAW030707C6Q,Transporte,10,449395.0,44939.5,48400.55,2492.33,0.0,6,1,1,1,10,0.0,0.5,0,0,1726,7,315050.85,0.2,0.0,0,0,449395.0,0,no_listado
134,XDP171201AJQ,Mantenimiento,1,9860.0,9860.0,9860.0,0.0,0.0,1,0,0,0,0,0.0,0.0,0,0,1059,1,9860.0,0.0,0.0,0,0,9860.0,0,no_listado
134,WSW1212026G5,Seguridad,8,556800.0,69600.0,69600.0,0.0,0.0,4,1,1,0,0,0.0,0.0,0,0,1249,8,556800.0,0.0,0.0,0,0,556800.0,0,no_listado
134,KVP090527XED,Papeleria,4,59021.27,14755.32,16306.42,2301.07,0.0,4,1,1,0,0,0.0,0.0,0,0,2285,3,43255.18,0.25,0.0,0,0,59021.27,0,no_listado
134,YPC0510027S4,Consultoria,6,327665.19,54610.86,60258.65,5547.41,0.0,4,1,1,0,0,0.0,0.0,0,0,2250,5,278233.45,0.1667,0.0,0,0,327665.19,0,no_listado
134,DJQ081022X3W,Construccion,9,562266.25,62474.03,73583.81,9369.62,0.0,5,1,1,1,9,0.0,0.0,0,0,143,9,562266.25,0.0,0.0,0,0,562266.25,0,no_listado
134,BSA1302085S6,Consultoria,5,192545.13,38509.03,45712.62,7904.34,0.0,3,1,1,0,0,0.0,0.0,1,0,2602,5,192545.13,0.0,0.0,0,0,192545.13,0,favorable
134,RTW040111KNN,Limpieza,8,31666.38,3958.3,5523.77,986.73,0.0,1,0,0,0,0,0.0,0.0,0,0,2439,8,31666.38,0.0,0.0,0,0,31666.38,0,no_listado
134,OMJ1610244MC,Mantenimiento,6,43695.26,7282.54,10009.05,1592.43,0.6667,4,1,1,1,6,1.0,0.0,0,0,1628,5,33686.21,0.1667,0.0,0,0,43695.26,0,no_listado
135,KLY150228QL6,Publicidad,4,244706.58,61176.65,109145.91,42227.12,0.75,3,1,1,1,4,0.0,0.0,0,0,669,4,244706.58,0.0,0.0,0,0,244706.58,0,no_listado
135,UMQ170103OWP,Logistica,6,486604.34,81100.72,153076.73,55863.73,0.6667,3,1,1,1,6,0.1667,0.1667,0,0,1147,5,333527.61,0.1667,0.0,0,0,486604.34,0,no_listado
135,PFD040819MDW,Mantenimiento,5,408039.77,81607.95,154572.11,37946.8,0.6,5,0,0,1,2,0.0,0.5,0,0,553,5,408039.77,0.0,0.0,0,0,408039.77,0,no_listado
135,SBD261209HME,Papeleria,6,463707.65,77284.61,135528.0,45140.49,0.5,4,1,1,1,6,0.1667,0.0,0,0,53,5,437306.89,0.1667,0.0,0,0,463707.65,0,no_listado
135,IVT0003127DE,Limpieza,7,563826.15,80546.59,157494.8,47244.34,0.2857,4,0,0,1,4,0.0,0.0,0,0,345,6,494634.2,0.1429,0.0,0,0,563826.15,0,no_listado
135,TWQ181228PR7,Construccion,6,372814.83,62135.8,118916.3,31578.67,0.3333,3,0,0,1,2,0.0,0.5,0,0,1529,6,372814.83,0.0,0.0,0,0,372814.83,0,no_listado
135,OXE090701CEE,Tecnologia,3,205274.68,68424.89,110193.4,38251.58,0.6667,2,1,1,1,3,0.0,0.0,0,0,1679,3,205274.68,0.0,0.0,0,0,205274.68,0,no_listado
135,CDA220623E2L,Transporte,4,219661.83,54915.46,104484.87,31966.76,0.25,3,1,1,1,4,0.0,0.0,0,0,1515,4,219661.83,0.0,0.0,0,0,219661.83,0,no_listado
135,SKB080911R8I,Publicidad,7,604542.68,86363.24,150228.4,45604.03,0.4286,5,1,1,1,7,0.2857,0.0,0,0,260,7,604542.68,0.0,0.0,0,0,604542.68,0,no_listado
135,UHJ1306084Z2,Construccion,7,445518.23,63645.46,122888.88,38950.17,0.2857,5,1,1,1,7,0.0,0.0,0,0,2564,7,445518.23,0.0,0.0,0,0,445518.23,0,no_listado
135,ZAQ07121516G,Tecnologia,3,208318.78,69439.59,140823.22,52027.1,0.6667,2,1,1,1,3,0.0,0.3333,0,0,2094,3,208318.78,0.0,0.0,0,0,208318.78,0,no_listado
135,FOL090228ZO3,Mantenimiento,3,322190.64,107396.88,144379.92,40929.85,0.3333,2,1,1,1,3,0.0,0.0,0,0,487,2,194722.74,0.3333,0.0,0,0,322190.64,0,no_listado
135,EIIN810928HM3,Consultoria,6,730770.37,121795.06,161310.46,32192.7,0.5,4,1,1,0,0,0.0,0.0,1,1,255,5,646708.43,0.1667,1.0,0,0,730770.37,1,definitivo
135,NBT1005085RG,Construccion,1,996811.43,996811.43,996811.43,0.0,0.0,1,0,0,0,0,0.0,0.0,0,0,95,1,996811.43,0.0,0.0,0,0,996811.43,1,no_listado
135,HAR0502082DL,Papeleria,14,670966.44,47926.17,49394.11,961.18,0.3571,5,0,0,1,14,1.0,1.0,0,0,186,13,622734.58,0.0,1.0,0,0,670966.44,1,no_listado
135,LWS060627PED,Seguridad,5,464251.77,92850.35,167135.04,51308.8,0.2,3,0,0,1,5,1.0,0.0,0,0,758,5,464251.77,0.0,0.0,0,0,464251.77,1,no_listado
135,BAS121220DU9,Transporte,7,509757.84,72822.55,148293.91,57605.47,0.5714,5,1,1,1,4,0.0,0.0,1,0,241,7,509757.84,0.0,0.0,0,0,509757.84,0,desvirtuado
135,AEC111111ENA,Construccion,3,337437.21,112479.07,118397.87,6406.75,0.3333,2,1,1,1,3,0.0,0.0,1,0,244,3,337437.21,0.0,0.0,0,0,337437.21,0,desvirtuado
135,AMU130326S14,Publicidad,5,450442.06,90088.41,146210.78,50180.42,0.6,4,1,1,1,2,0.5,0.0,1,0,1742,5,450442.06,0.0,0.0,0,0,450442.06,0,favorable
135,SLG0812038I0,Papeleria,4,299221.79,74805.45,142163.16,48475.75,0.5,3,0,0,1,4,0.0,0.0,1,0,301,4,299221.79,0.0,0.0,0,0,299221.79,0,favorable
135,OFO100325HR4,Consultoria,7,505413.33,72201.9,164804.47,50080.58,0.7143,4,0,0,1,3,0.0,0.0,1,0,77,7,505413.33,0.0,0.0,0,0,505413.33,0,presunto
135,AABL9902181Q7,Construccion,3,227089.55,75696.52,117940.42,42153.48,0.3333,2,1,1,1,2,0.0,0.0,1,0,1777,2,208942.49,0.3333,0.0,0,0,227089.55,0,presunto
135,HKW081217IPS,Transporte,10,436618.75,43661.88,46590.55,1977.79,0.0,4,1,1,1,10,0.0,0.4,0,0,1699,8,348933.0,0.1,0.0,0,0,436618.75,0,no_listado
135,MDP070610XER,Mantenimiento,1,9860.0,9860.0,9860.0,0.0,0.0,1,0,0,0,0,0.0,0.0,0,0,1141,1,9860.0,0.0,0.0,0,0,9860.0,0,no_listado
135,QRV210822UMN,Seguridad,8,556800.0,69600.0,69600.0,0.0,0.0,5,1,1,0,0,0.0,0.0,0,0,1249,7,487200.0,0.0,0.0,0,0,556800.0,0,no_listado
135,KQE0802235FV,Papeleria,4,58644.42,14661.1,16962.17,2440.25,0.0,3,1,1,0,0,0.0,0.0,0,0,2164,4,58644.42,0.0,0.0,0,0,58644.42,0,no_listado
135,XSN1604139UM,Consultoria,6,320091.28,53348.55,61929.53,5145.37,0.0,4,1,1,0,0,0.0,0.0,0,0,2235,6,320091.28,0.0,0.0,0,0,320091.28,0,no_listado
135,QEV110812UBW,Construccion,9,506784.21,56309.36,74322.12,11008.6,0.0,4,1,1,1,9,0.0,0.1111,0,0,103,8,469573.93,0.1111,0.0,0,0,506784.21,0,no_listado
135,CNM1505135NA,Consultoria,5,167501.81,33500.36,40386.79,6451.2,0.0,5,1,1,0,0,0.0,0.0,1,0,2564,5,167501.81,0.0,0.0,0,0,167501.81,0,favorable
135,ELU050310ZIN,Limpieza,8,36647.22,4580.9,6422.04,1284.73,0.0,1,0,0,0,0,0.0,0.0,0,0,2430,8,36647.22,0.0,0.0,0,0,36647.22,0,no_listado
135,XTA190128WND,Mantenimiento,6,49462.64,8243.77,9771.18,1074.05,0.6667,5,1,1,1,6,1.0,0.0,0,0,1599,6,49462.64,0.0,0.0,0,0,49462.64,0,no_listado
136,EVZ190112LMM,Transporte,4,436081.21,109020.3,158001.4,32557.24,1.0,3,1,1,1,4,0.0,0.0,0,0,2251,4,436081.21,0.0,0.0,0,0,436081.21,0,no_listado
136,KGA1411085G1,Seguridad,5,249621.3,49924.26,116515.12,35835.57,0.4,2,1,1,1,5,0.2,0.4,0,0,147,5,249621.3,0.0,0.0,0,0,249621.3,0,no_listado
136,PTW220609HG4,Tecnologia,8,635541.6,79442.7,142963.48,42968.23,0.375,4,1,1,1,8,0.0,0.0,0,0,2152,7,492578.12,0.125,0.0,0,0,635541.6,0,no_listado
136,MXV061012ONU,Construccion,6,343508.73,57251.45,113861.67,40054.18,0.6667,3,0,0,1,4,0.25,0.0,0,0,2039,5,305675.79,0.1667,0.0,0,0,343508.73,0,no_listado
136,JHA110407P65,Papeleria,4,398934.82,99733.7,151311.43,49771.1,0.75,4,0,0,1,2,0.0,0.0,0,0,895,4,398934.82,0.0,0.0,0,0,398934.82,0,no_listado
136,BFK010107FG8,Limpieza,4,399873.94,99968.49,158056.32,35532.44,0.5,2,1,1,1,4,0.0,0.0,0,0,744,4,399873.94,0.0,0.0,0,0,399873.94,0,no_listado
136,OPK001207M0N,Mantenimiento,6,482500.99,80416.83,153340.2,51898.84,0.5,6,0,0,1,2,0.0,0.0,0,0,313,6,482500.99,0.0,0.0,0,0,482500.99,0,no_listado
136,HCX121109V51,Tecnologia,6,340790.08,56798.35,159715.92,56465.81,0.1667,3,0,0,1,3,0.0,0.0,0,0,46,6,340790.08,0.0,0.0,0,0,340790.08,0,no_listado
136,WZN150509OX6,Consultoria,4,114243.35,28560.84,58475.5,17284.98,0.5,2,0,0,1,3,0.3333,0.0,0,0,983,3,96625.34,0.25,0.0,0,0,114243.35,0,no_listado
136,UPR200809W2F,Mantenimiento,4,243066.64,60766.66,124699.2,39178.8,0.5,3,1,1,1,4,0.0,0.0,0,0,1537,3,223675.34,0.25,0.0,0,0,243066.64,0,no_listado
136,VUW060705P84,Limpieza,7,566517.85,80931.12,131077.13,41858.82,0.4286,4,1,1,1,7,0.1429,0.0,0,0,1726,5,355509.55,0.2857,0.0,0,0,566517.85,0,no_listado
136,PWY181203KQ9,Publicidad,5,484423.63,96884.73,165070.78,51860.64,0.4,3,1,1,1,5,0.0,0.0,0,0,2039,4,445661.59,0.2,0.0,0,0,484423.63,0,no_listado
136,HCO150520TY4,Consultoria,7,516406.72,73772.39,153313.37,46533.14,0.7143,5,0,0,0,0,0.0,0.0,1,1,150,7,516406.72,0.0,1.0,0,0,516406.72,1,definitivo
136,ASA160913OFH,Tecnologia,1,1102526.79,1102526.79,1102526.79,0.0,0.0,1,0,0,0,0,0.0,0.0,0,0,1915,1,1102526.79,0.0,0.0,0,0,1102526.79,1,no_listado
136,DKX260908HNH,Transporte,11,533677.38,48516.13,49779.29,903.16,0.6364,5,1,1,1,11,1.0,1.0,0,0,2137,11,533677.38,0.0,1.0,0,0,533677.38,1,no_listado
136,ZVP020720IV0,Mantenimiento,5,273250.6,54650.12,103754.25,30298.47,0.4,5,0,0,1,5,1.0,0.0,0,0,2214,3,191135.18,0.4,0.0,0,0,273250.6,1,no_listado
136,STE190704K41,Mantenimiento,7,373049.71,53292.82,112926.64,39954.39,0.7143,5,0,0,1,2,0.5,0.0,1,0,1606,6,272251.82,0.1429,0.0,0,0,373049.71,0,desvirtuado
136,TMI091208IR0,Tecnologia,6,629116.22,104852.7,161416.53,49932.05,0.6667,4,0,0,1,3,0.0,0.0,1,0,2319,6,629116.22,0.0,0.0,0,0,629116.22,0,desvirtuado
136,SPA090813JS7,Papeleria,6,444325.49,74054.25,150973.19,57041.63,0.3333,4,1,1,1,4,0.0,0.0,1,0,113,6,444325.49,0.0,0.0,0,0,444325.49,0,favorable
136,GDI111108DV5,Seguridad,5,309299.11,61859.82,108519.54,39607.2,0.6,3,0,0,1,2,0.0,0.0,1,0,722,4,200779.57,0.2,0.0,0,0,309299.11,0,favorable
136,GST100107988,Seguridad,7,313306.17,44758.02,103280.79,33218.0,1.0,5,0,0,1,3,0.0,0.3333,1,0,2394,5,275222.79,0.1429,0.0,0,0,313306.17,0,presunto
136,GML211220S68,Transporte,6,430011.72,71668.62,140445.94,39885.36,0.5,3,0,0,1,5,0.0,0.4,1,0,2451,3,165072.04,0.5,0.0,0,0,430011.72,0,presunto
136,STH060717LP5,Transporte,10,458518.06,45851.81,48586.77,2459.75,0.0,5,1,1,1,10,0.0,0.6,0,0,1702,7,322633.95,0.2,0.0,0,0,458518.06,0,no_listado
136,FDV2601232OA,Mantenimiento,1,9860.0,9860.0,9860.0,0.0,0.0,1,0,0,0,0,0.0,0.0,0,0,1187,1,9860.0,0.0,0.0,0,0,9860.0,0,no_listado
136,EDM030625LQD,Seguridad,8,556800.0,69600.0,69600.0,0.0,0.0,6,1,1,0,0,0.0,0.0,0,0,1249,8,556800.0,0.0,0.0,0,0,556800.0,0,no_listado
136,JQS040805CIN,Papeleria,4,53861.34,13465.33,15448.9,1621.28,0.0,3,1,1,0,0,0.0,0.0,0,0,2142,3,38412.44,0.25,0.0,0,0,53861.34,0,no_listado
136,DZD180727XDF,Consultoria,6,296565.56,49427.59,59787.58,7383.44,0.0,4,1,1,0,0,0.0,0.0,0,0,2205,5,247555.35,0.0,0.0,0,0,296565.56,0,no_listado
136,DEQ1611143HU,Construccion,9,521260.2,57917.8,79962.49,15868.09,0.0,3,1,1,1,9,0.0,0.1111,0,0,69,9,521260.2,0.0,0.0,0,0,521260.2,0,no_listado
136,GJR151126759,Consultoria,5,160839.79,32167.96,41184.07,5717.97,0.0,4,1,1,0,0,0.0,0.0,1,0,2616,5,160839.79,0.0,0.0,0,0,160839.79,0,favorable
136,PLP1411152G0,Limpieza,8,41817.11,5227.14,6947.7,1311.3,0.0,1,0,0,0,0,0.0,0.0,0,0,2419,8,41817.11,0.0,0.0,0,0,41817.11,0,no_listado
136,ITB001218GH1,Mantenimiento,6,48548.96,8091.49,10243.26,2034.98,0.3333,4,1,1,1,6,1.0,0.0,0,0,1605,5,41130.75,0.1667,0.0,0,0,48548.96,0,no_listado
137,RTM150625MUC,Publicidad,9,548800.27,60977.81,152071.93,49521.08,0.3333,5,0,0,1,3,0.0,0.0,0,0,2157,7,511833.5,0.2222,0.0,0,0,548800.27,0,no_listado
137,BMR2512170SS,Consultoria,5,401281.5,80256.3,116066.27,35289.17,1.0,3,0,0,1,3,0.0,0.0,0,0,2381,4,285215.23,0.2,0.0,0,0,401281.5,0,no_listado
137,VAR090702076,Logistica,4,424096.16,106024.04,127860.23,15911.55,0.25,4,1,1,1,4,0.0,0.0,0,0,1025,4,424096.16,0.0,0.0,0,0,424096.16,0,no_listado
137,QYU1006107RV,Construccion,8,629339.29,78667.41,124573.15,38387.1,0.5,5,0,0,1,5,0.0,0.0,0,0,1332,7,609729.99,0.125,0.0,0,0,629339.29,0,no_listado
137,BEO0603140YC,Publicidad,7,571470.1,81638.59,159840.18,49369.47,0.7143,5,0,0,1,3,0.0,0.0,0,0,147,5,391842.49,0.2857,0.0,0,0,571470.1,0,no_listado
137,GBI180818D0O,Tecnologia,5,427030.95,85406.19,153785.12,52712.76,0.6,3,1,1,1,5,0.0,0.2,0,0,1824,4,362493.5,0.2,0.0,0,0,427030.95,0,no_listado
137,JGM0212234VE,Papeleria,3,250154.25,83384.75,125049.71,45888.67,0.6667,3,1,1,1,3,0.0,0.0,0,0,1659,3,250154.25,0.0,0.0,0,0,250154.25,0,no_listado
137,SOZ040822ZFT,Logistica,4,437341.11,109335.28,154940.43,35337.56,0.5,3,1,1,1,4,0.0,0.0,0,0,523,4,437341.11,0.0,0.0,0,0,437341.11,0,no_listado
137,VDA151108KTT,Publicidad,9,648098.85,72010.98,158322.18,43486.78,0.3333,6,1,1,1,9,0.0,0.0,0,0,1940,7,521611.43,0.2222,0.0,0,0,648098.85,0,no_listado
137,SLA1103138U9,Limpieza,3,278751.12,92917.04,159542.97,47292.5,0.6667,3,1,1,1,3,0.3333,0.0,0,0,2393,3,278751.12,0.0,0.0,0,0,278751.12,0,no_listado
137,UOC220607QAE,Limpieza,5,339580.44,67916.09,106216.65,36778.6,0.4,3,1,1,1,5,0.0,0.0,0,0,2304,5,339580.44,0.0,0.0,0,0,339580.44,0,no_listado
137,VBO091012YQO,Consultoria,6,467610.63,77935.1,119692.99,34926.67,0.6667,3,1,1,1,6,0.0,0.1667,0,0,1148,6,467610.63,0.0,0.0,0,0,467610.63,0,no_listado
137,REF120905CM9,Consultoria,6,473941.41,78990.24,172071.02,56796.35,0.5,4,0,0,0,0,0.0,0.0,1,1,257,5,454374.65,0.1667,1.0,0,0,473941.41,1,definitivo
137,GMB020126K47,Mantenimiento,1,1322130.01,1322130.01,1322130.01,0.0,1.0,1,0,0,0,0,0.0,0.0,0,0,791,1,1322130.01,0.0,0.0,0,0,1322130.01,1,no_listado
137,OIH100503ZNS,Seguridad,12,575864.49,47988.71,49513.43,661.41,0.4167,6,1,1,1,12,1.0,1.0,0,0,233,12,575864.49,0.0,1.0,0,0,575864.49,1,no_listado
137,THV200220AX9,Limpieza,6,460902.54,76817.09,151536.39,43273.11,0.8333,4,0,0,1,6,1.0,0.0,0,0,329,5,416027.94,0.1667,0.0,0,0,460902.54,1,no_listado
137,AMO590630LA9,Logistica,4,368957.79,92239.45,164741.23,53511.55,0.75,3,1,1,1,4,0.0,0.0,1,0,198,3,257320.76,0.25,0.0,0,0,368957.79,0,desvirtuado
137,CBA1603071F8,Seguridad,4,164099.39,41024.85,99375.53,33881.19,0.5,1,0,0,1,3,0.0,0.0,1,0,1758,4,164099.39,0.0,0.0,0,0,164099.39,0,desvirtuado
137,APT110830CG7,Limpieza,6,206779.78,34463.3,77280.17,21508.6,0.6667,3,1,1,1,3,0.0,0.0,1,0,223,4,141312.71,0.3333,0.0,0,0,206779.78,0,favorable
137,CBE090918GN1,Limpieza,3,179010.84,59670.28,125964.33,47245.62,0.3333,3,0,0,1,1,0.0,0.0,1,0,1618,3,179010.84,0.0,0.0,0,0,179010.84,0,favorable
137,LESC920624L92,Tecnologia,5,424004.08,84800.82,115585.06,26729.46,0.6,4,1,1,1,4,0.0,0.25,1,0,1390,4,321280.35,0.2,0.0,0,0,424004.08,0,presunto
137,OIAJ890108AH2,Construccion,5,293152.8,58630.56,141095.0,45680.84,0.6,3,0,0,1,4,0.25,0.0,1,0,743,4,274636.18,0.2,0.0,0,0,293152.8,0,presunto
137,KZF0201113Y0,Transporte,10,434928.48,43492.85,46737.91,2050.38,0.0,4,1,1,1,10,0.0,0.3,0,0,1698,10,434928.48,0.0,0.0,0,0,434928.48,0,no_listado
137,IJF001122Z22,Mantenimiento,1,9860.0,9860.0,9860.0,0.0,0.0,1,0,0,0,0,0.0,0.0,0,0,1265,1,9860.0,0.0,0.0,0,0,9860.0,0,no_listado
137,IRE150406TWH,Seguridad,8,556800.0,69600.0,69600.0,0.0,0.0,5,1,1,0,0,0.0,0.0,0,0,1249,8,556800.0,0.0,0.0,0,0,556800.0,0,no_listado
137,PPW000125F9X,Papeleria,4,51013.82,12753.45,15247.17,2000.62,0.0,4,1,1,0,0,0.0,0.0,0,0,2172,2,24931.89,0.25,0.0,0,0,51013.82,0,no_listado
137,MYE16081537X,Consultoria,6,318719.84,53119.97,58694.67,3864.4,0.0,4,1,1,0,0,0.0,0.0,0,0,2248,5,260025.17,0.1667,0.0,0,0,318719.84,0,no_listado
137,RCH261207GBN,Construccion,9,464088.27,51565.36,68097.96,9898.87,0.0,5,1,1,1,9,0.0,0.1111,0,0,58,8,402698.75,0.1111,0.0,0,0,464088.27,0,no_listado
137,CGC13081356A,Consultoria,5,192378.36,38475.67,44761.77,4873.65,0.0,4,1,1,0,0,0.0,0.0,1,0,2561,5,192378.36,0.0,0.0,0,0,192378.36,0,favorable
137,ONL130512QI6,Limpieza,8,36167.39,4520.92,6864.38,1375.99,0.0,1,0,0,0,0,0.0,0.0,0,0,2414,8,36167.39,0.0,0.0,0,0,36167.39,0,no_listado
137,WAN220304MAY,Mantenimiento,6,41214.69,6869.11,9238.4,1688.29,0.5,4,1,1,1,6,1.0,0.0,0,0,1633,5,33370.27,0.1667,0.0,0,0,41214.69,0,no_listado
138,HSZ081001ZSY,Publicidad,3,199225.81,66408.6,160238.5,66347.89,0.6667,3,1,1,1,3,0.0,0.0,0,0,1368,3,199225.81,0.0,0.0,0,0,199225.81,0,no_listado
138,TQV070818B4T,Mantenimiento,6,313290.27,52215.05,92159.44,26687.34,0.1667,4,0,0,1,1,0.0,0.0,0,0,747,5,249003.06,0.1667,0.0,0,0,313290.27,0,no_listado
138,ZBR150104CPF,Logistica,3,130752.87,43584.29,68222.2,20576.96,0.3333,3,1,1,1,3,0.0,0.0,0,0,117,2,86076.83,0.3333,0.0,0,0,130752.87,0,no_listado
138,AJV250103F7N,Seguridad,7,607292.62,86756.09,154184.18,44330.03,0.4286,4,0,0,1,6,0.0,0.1667,0,0,1247,6,544700.09,0.1429,0.0,0,0,607292.62,0,no_listado
138,UQY1304069KP,Publicidad,7,611516.12,87359.45,165843.39,58312.49,0.4286,6,1,1,1,7,0.0,0.0,0,0,1256,5,575011.95,0.2857,0.0,0,0,611516.12,0,no_listado
138,KBA020506WN3,Publicidad,5,484745.07,96949.01,165131.51,46275.23,0.6,3,0,0,1,2,0.0,0.0,0,0,1003,4,364613.57,0.2,0.0,0,0,484745.07,0,no_listado
138,ISQ241204JLH,Papeleria,4,216767.46,54191.86,128197.49,42758.24,0.5,3,0,0,0,0,0.0,0.0,0,0,169,3,188169.02,0.25,0.0,0,0,216767.46,0,no_listado
138,GLQ000327E7N,Transporte,3,325613.57,108537.86,154940.43,39062.43,0.0,2,0,0,1,1,0.0,0.0,0,0,1438,3,325613.57,0.0,0.0,0,0,325613.57,0,no_listado
138,HAY070709GXM,Tecnologia,3,286822.52,95607.51,153313.37,47292.67,1.0,3,1,1,1,3,0.3333,0.0,0,0,1537,1,153313.37,0.6667,0.0,0,0,286822.52,0,no_listado
138,TMY100709OWZ,Transporte,7,369594.95,52799.28,136703.37,40554.67,0.4286,4,1,1,1,7,0.1429,0.0,0,0,599,6,351732.35,0.0,0.0,0,0,369594.95,0,no_listado
138,WFU011105AVV,Papeleria,8,674508.14,84313.52,146799.57,29251.41,0.5,5,1,1,1,8,0.0,0.0,0,0,104,8,674508.14,0.0,0.0,0,0,674508.14,0,no_listado
138,TRH091105G8U,Tecnologia,8,425611.77,53201.47,116696.36,38168.23,0.375,6,1,1,1,8,0.0,0.0,0,0,649,8,425611.77,0.0,0.0,0,0,425611.77,0,no_listado
138,BOCF681124FU1,Consultoria,7,521146.69,74449.53,118599.34,25501.78,0.4286,3,0,0,0,0,0.0,0.0,1,1,194,7,521146.69,0.0,1.0,0,0,521146.69,1,definitivo
138,EVY160607A7S,Consultoria,1,1339908.47,1339908.47,1339908.47,0.0,1.0,1,0,0,0,0,0.0,0.0,0,0,488,1,1339908.47,0.0,0.0,0,0,1339908.47,1,no_listado
138,ZHC080224IJM,Construccion,11,536960.47,48814.59,49674.65,863.25,0.7273,5,0,0,1,11,1.0,1.0,0,0,111,10,487837.09,0.0,1.0,0,0,536960.47,1,no_listado
138,UKF08112061Q,Tecnologia,4,296706.76,74176.69,131252.72,55565.02,0.25,3,0,0,1,4,1.0,0.0,0,0,287,4,296706.76,0.0,0.0,0,0,296706.76,1,no_listado
138,GEN121213IZA,Seguridad,4,237180.59,59295.15,119554.37,37380.36,0.5,3,1,1,1,1,0.0,0.0,1,0,132,4,237180.59,0.0,0.0,0,0,237180.59,0,desvirtuado
138,EPR0107028L3,Transporte,3,227783.48,75927.83,158339.15,59895.97,0.3333,3,0,0,1,2,0.0,0.0,1,0,1065,3,227783.48,0.0,0.0,0,0,227783.48,0,desvirtuado
138,FCN081204MG1,Logistica,3,202145.08,67381.69,99375.53,22677.6,1.0,2,0,0,1,1,0.0,0.0,1,0,420,3,202145.08,0.0,0.0,0,0,202145.08,0,favorable
138,ITA141006A38,Consultoria,5,318736.21,63747.24,90793.97,25681.15,0.6,3,0,0,1,4,0.0,0.0,1,0,1916,5,318736.21,0.0,0.0,0,0,318736.21,0,favorable
138,PSC190306JD3,Mantenimiento,4,236810.06,59202.51,105491.05,31408.84,0.0,3,1,1,1,3,0.0,0.3333,1,0,1084,3,189073.28,0.25,0.0,0,0,236810.06,0,presunto
138,CFL070530751,Publicidad,4,366701.87,91675.47,171730.47,52450.4,0.25,3,0,0,1,1,1.0,0.0,1,0,2058,1,27544.77,0.75,0.0,0,0,366701.87,0,presunto
138,DVN220611ZIM,Transporte,10,440780.89,44078.09,46552.08,1801.54,0.0,5,1,1,1,10,0.0,0.4,0,0,1736,10,440780.89,0.0,0.0,0,0,440780.89,0,no_listado
138,IKK100205ZSD,Mantenimiento,1,9860.0,9860.0,9860.0,0.0,0.0,1,0,0,0,0,0.0,0.0,0,0,1056,1,9860.0,0.0,0.0,0,0,9860.0,0,no_listado
138,VZK220202EWE,Seguridad,8,556800.0,69600.0,69600.0,0.0,0.0,3,1,1,0,0,0.0,0.0,0,0,1249,8,556800.0,0.0,0.0,0,0,556800.0,0,no_listado
138,OVC061018EZP,Papeleria,4,57663.27,14415.82,16769.13,2189.78,0.0,2,1,1,0,0,0.0,0.0,0,0,2138,4,57663.27,0.0,0.0,0,0,57663.27,0,no_listado
138,BHR0807211I4,Consultoria,6,332775.83,55462.64,61673.4,4885.76,0.0,4,1,1,0,0,0.0,0.0,0,0,2202,6,332775.83,0.0,0.0,0,0,332775.83,0,no_listado
138,TTV0902263JP,Construccion,9,542414.14,60268.24,79969.17,11813.61,0.0,4,1,1,1,9,0.0,0.0,0,0,86,8,485175.01,0.1111,0.0,0,0,542414.14,0,no_listado
138,GPR160524BG2,Consultoria,5,173341.62,34668.32,44284.3,4966.41,0.0,4,1,1,0,0,0.0,0.0,1,0,2631,4,129057.32,0.2,0.0,0,0,173341.62,0,favorable
138,RDJ140915XG8,Limpieza,8,36860.38,4607.55,6081.22,943.07,0.0,1,0,0,0,0,0.0,0.0,0,0,2464,8,36860.38,0.0,0.0,0,0,36860.38,0,no_listado
138,MIK161005MTF,Mantenimiento,6,42978.29,7163.05,9398.9,1441.32,0.5,3,1,1,1,6,1.0,0.0,0,0,1639,6,42978.29,0.0,0.0,0,0,42978.29,0,no_listado
139,CAH201026DR7,Tecnologia,7,600620.58,85802.94,165730.43,57646.99,0.5714,4,1,1,1,7,0.1429,0.0,0,0,394,6,571446.28,0.1429,0.0,0,0,600620.58,0,no_listado
139,ZDQ100109BMN,Seguridad,6,447490.93,74581.82,162736.31,48149.66,0.5,3,1,1,1,6,0.0,0.0,0,0,2259,5,284754.62,0.1667,0.0,0,0,447490.93,0,no_listado
139,MMT001008NPK,Mantenimiento,9,704187.65,78243.07,153313.37,50147.82,0.6667,6,1,1,1,9,0.0,0.0,0,0,1215,7,616599.9,0.1111,0.0,0,0,704187.65,0,no_listado
139,QQV080224T46,Seguridad,5,326075.99,65215.2,168915.12,55387.09,0.4,4,0,0,1,2,0.0,0.5,0,0,1920,5,326075.99,0.0,0.0,0,0,326075.99,0,no_listado
139,AAN230918EDV,Consultoria,5,341343.17,68268.63,109911.04,32396.75,0.6,4,1,1,1,5,0.0,0.2,0,0,71,4,271398.44,0.2,0.0,0,0,341343.17,0,no_listado
139,ADE100311UU6,Tecnologia,6,539462.34,89910.39,170217.62,57110.24,0.6667,4,1,1,1,6,0.1667,0.0,0,0,1511,6,539462.34,0.0,0.0,0,0,539462.34,0,no_listado
139,JOA190510SWF,Mantenimiento,7,364331.57,52047.37,114412.61,29468.0,0.4286,3,1,1,1,7,0.0,0.1429,0,0,50,6,309988.98,0.1429,0.0,0,0,364331.57,0,no_listado
139,YOB03011419E,Seguridad,9,900073.58,100008.18,163396.42,47190.45,0.5556,5,1,1,1,9,0.2222,0.1111,0,0,963,7,599495.68,0.2222,0.0,0,0,900073.58,0,no_listado
139,BAS080928OVK,Logistica,4,426485.88,106621.47,166192.56,50911.48,0.75,3,1,1,1,4,0.5,0.25,0,0,631,4,426485.88,0.0,0.0,0,0,426485.88,0,no_listado
139,XRP16032787Y,Construccion,5,270685.62,54137.12,118875.37,42410.41,0.6,4,1,1,1,5,0.0,0.0,0,0,991,4,151810.25,0.2,0.0,0,0,270685.62,0,no_listado
139,BTP190104TA5,Construccion,8,857022.19,107127.77,172478.01,43372.25,0.75,5,0,0,1,4,0.0,0.0,0,0,85,7,786754.44,0.125,0.0,0,0,857022.19,0,no_listado
139,MAU1511193MY,Papeleria,4,366465.13,91616.28,169723.78,53348.41,0.75,2,0,0,1,1,0.0,0.0,0,0,1941,1,169723.78,0.75,0.0,0,0,366465.13,0,no_listado
139,ACO100419I94,Consultoria,6,527945.42,87990.9,161689.74,57562.62,0.3333,2,0,0,0,0,0.0,0.0,1,1,124,5,508378.66,0.1667,1.0,0,0,527945.42,1,definitivo
139,TIX120723503,Construccion,1,1111306.74,1111306.74,1111306.74,0.0,1.0,1,0,0,0,0,0.0,0.0,0,0,223,1,1111306.74,0.0,0.0,0,0,1111306.74,1,no_listado
139,XYH090913X06,Logistica,12,582330.86,48527.57,49794.68,911.84,0.5833,5,0,0,1,12,1.0,1.0,0,0,1744,12,582330.86,0.0,1.0,0,0,582330.86,1,no_listado
139,NNC001128GAI,Mantenimiento,6,318530.97,53088.49,90628.7,28218.29,1.0,3,0,0,1,6,1.0,0.0,0,0,47,5,268158.91,0.1667,0.0,0,0,318530.97,1,no_listado
139,ABA170831PSA,Construccion,4,319702.07,79925.52,158322.18,53948.13,0.5,2,1,1,1,3,0.0,0.0,1,0,1205,3,301331.68,0.25,0.0,0,0,319702.07,0,desvirtuado
139,TAS121218QC3,Logistica,4,388670.11,97167.53,172416.83,54681.45,0.75,2,0,0,1,2,0.0,0.0,1,0,2412,2,112381.5,0.5,0.0,0,0,388670.11,0,desvirtuado
139,BME140814AC7,Publicidad,4,312927.47,78231.87,109599.84,36724.8,0.75,2,0,0,1,2,0.0,0.0,1,0,2252,4,312927.47,0.0,0.0,0,0,312927.47,0,favorable
139,AIS9610302U1,Construccion,3,293766.41,97922.14,156960.11,58004.95,0.0,2,0,0,1,2,0.0,0.0,1,0,1364,2,176040.35,0.3333,0.0,0,0,293766.41,0,favorable
139,CAL231128TJ7,Mantenimiento,4,182394.63,45598.66,104224.83,34996.25,0.5,3,1,1,1,2,0.5,0.0,1,0,2398,3,163314.39,0.25,0.0,0,0,182394.63,0,presunto
139,CPE210210KT7,Tecnologia,3,234327.25,78109.08,119870.73,42736.88,0.3333,2,1,1,0,0,0.0,0.0,1,0,723,1,19391.3,0.6667,0.0,0,0,234327.25,0,presunto
139,XHU041001F9P,Transporte,10,445681.77,44568.18,47107.09,1712.53,0.0,5,1,1,1,10,0.0,0.6,0,0,1700,8,354996.38,0.0,0.0,0,0,445681.77,0,no_listado
139,DVT000226S44,Mantenimiento,1,9860.0,9860.0,9860.0,0.0,0.0,1,0,0,0,0,0.0,0.0,0,0,1282,1,9860.0,0.0,0.0,0,0,9860.0,0,no_listado
139,ASI141001EBI,Seguridad,8,556800.0,69600.0,69600.0,0.0,0.0,3,1,1,0,0,0.0,0.0,0,0,1249,8,556800.0,0.0,0.0,0,0,556800.0,0,no_listado
139,NMP170701YRC,Papeleria,4,51531.94,12882.98,15014.56,1905.84,0.0,3,1,1,0,0,0.0,0.0,0,0,2144,3,36517.38,0.25,0.0,0,0,51531.94,0,no_listado
139,CWQ140903UZA,Consultoria,6,294405.28,49067.55,51786.4,2384.39,0.0,4,1,1,0,0,0.0,0.0,0,0,2210,5,243840.35,0.1667,0.0,0,0,294405.28,0,no_listado
139,AVH261021RFB,Construccion,9,553421.14,61491.24,75639.03,13445.7,0.0,5,1,1,1,9,0.0,0.0,0,0,97,8,491749.16,0.1111,0.0,0,0,553421.14,0,no_listado
139,PIC170915M93,Consultoria,5,142093.54,28418.71,40060.87,5936.3,0.0,3,1,1,0,0,0.0,0.0,1,0,2558,5,142093.54,0.0,0.0,0,0,142093.54,0,favorable
139,UIO190902VRV,Limpieza,8,39492.37,4936.55,6364.63,1166.75,0.0,1,0,0,0,0,0.0,0.0,0,0,2431,8,39492.37,0.0,0.0,0,0,39492.37,0,no_listado
139,BBB090117F46,Mantenimiento,6,46475.75,7745.96,10237.63,1314.93,0.3333,3,1,1,1,6,1.0,0.0,0,0,1640,6,46475.75,0.0,0.0,0,0,46475.75,0,no_listado
140,NJR25062307Q,Seguridad,9,582453.36,64717.04,143850.25,45475.33,0.3333,6,0,0,1,5,0.2,0.0,0,0,1537,9,582453.36,0.0,0.0,0,0,582453.36,0,no_listado
140,PRZ210103C4T,Consultoria,4,362932.66,90733.16,151311.43,54108.85,0.25,3,0,0,1,2,0.0,0.0,0,0,2386,3,229499.92,0.25,0.0,0,0,362932.66,0,no_listado
140,RVS1304173E8,Seguridad,5,249964.31,49992.86,109641.26,31681.71,0.4,4,0,0,1,3,0.0,0.0,0,0,942,3,94975.76,0.4,0.0,0,0,249964.31,0,no_listado
140,VSL040321GZ2,Limpieza,9,513863.49,57095.94,127309.52,41054.82,0.4444,4,0,0,1,3,0.0,0.0,0,0,2159,8,494482.82,0.0,0.0,0,0,513863.49,0,no_listado
140,CIC161027ECY,Consultoria,3,128840.26,42946.75,75676.28,23878.52,0.3333,3,1,1,1,3,0.0,0.0,0,0,2352,3,128840.26,0.0,0.0,0,0,128840.26,0,no_listado
140,SQT06010897P,Tecnologia,5,409830.41,81966.08,172155.87,55087.46,0.4,4,1,1,1,5,0.0,0.0,0,0,197,5,409830.41,0.0,0.0,0,0,409830.41,0,no_listado
140,CSJ110808USQ,Consultoria,9,529357.65,58817.52,166673.01,55153.57,0.5556,5,1,1,1,9,0.2222,0.0,0,0,701,5,126884.67,0.3333,0.0,0,0,529357.65,0,no_listado
140,GMF200107HYS,Papeleria,5,400726.52,80145.3,151787.33,45476.36,0.8,4,0,0,1,5,0.2,0.2,0,0,2060,4,299601.71,0.2,0.0,0,0,400726.52,0,no_listado
140,NBO070602DT7,Logistica,5,396750.07,79350.01,173102.82,66118.94,0.2,4,1,1,1,5,0.0,0.0,0,0,270,5,396750.07,0.0,0.0,0,0,396750.07,0,no_listado
140,WVE160406LE1,Papeleria,7,535285.07,76469.3,136377.85,39928.07,1.0,4,0,0,1,5,0.0,0.0,0,0,1561,6,490841.71,0.1429,0.0,0,0,535285.07,0,no_listado
140,UXB041115LUI,Mantenimiento,5,474429.34,94885.87,170228.4,48287.64,0.4,4,0,0,1,4,0.0,0.0,0,0,196,5,474429.34,0.0,0.0,0,0,474429.34,0,no_listado
140,QCZ200614LH5,Consultoria,9,715873.84,79541.54,144130.53,42796.94,0.4444,4,0,0,1,3,0.0,0.0,0,0,838,7,566801.57,0.2222,0.0,0,0,715873.84,0,no_listado
140,PAFJ790811QX1,Consultoria,8,645151.46,80643.93,168970.62,51396.29,0.625,4,0,0,0,0,0.0,0.0,1,1,214,7,626571.03,0.125,1.0,0,0,645151.46,1,definitivo
140,TWA1507232C9,Seguridad,1,1541699.01,1541699.01,1541699.01,0.0,1.0,1,0,0,0,0,0.0,0.0,0,0,2637,1,1541699.01,0.0,0.0,0,0,1541699.01,1,no_listado
140,TCD201218DSW,Papeleria,11,531138.94,48285.36,49767.02,1017.66,0.3636,5,0,0,1,11,1.0,1.0,0,0,313,10,483328.52,0.0,1.0,0,0,531138.94,1,no_listado
140,GKM181106869,Construccion,6,432227.94,72037.99,115277.23,33498.36,0.3333,3,1,1,1,6,1.0,0.0,0,0,247,6,432227.94,0.0,0.0,0,0,432227.94,1,no_listado
140,SPM0611036A6,Logistica,6,585928.37,97654.73,168055.77,58225.29,0.0,4,1,1,1,2,0.5,0.0,1,0,514,6,585928.37,0.0,0.0,0,0,585928.37,0,desvirtuado
140,ELY140325JX8,Papeleria,7,614271.59,87753.08,173789.36,45430.14,0.5714,4,0,0,1,5,0.0,0.2,1,0,213,5,425827.24,0.2857,0.0,0,0,614271.59,0,desvirtuado
140,SIC101118JD9,Limpieza,5,353503.73,70700.75,138767.66,42122.97,0.4,3,0,0,1,1,0.0,0.0,1,0,1451,5,353503.73,0.0,0.0,0,0,353503.73,0,favorable
140,CSE100507AFA,Logistica,5,218735.22,43747.04,77311.74,23590.58,0.6,4,1,1,1,1,1.0,0.0,1,0,1462,5,218735.22,0.0,0.0,0,0,218735.22,0,favorable
140,AEP181115DL3,Publicidad,4,370075.71,92518.93,136688.29,44292.1,0.75,4,0,0,1,4,0.25,0.0,1,0,2219,4,370075.71,0.0,0.0,0,0,370075.71,0,presunto
140,RSC190712GR0,Limpieza,4,196370.04,49092.51,96703.25,32983.13,0.0,4,1,1,1,3,0.3333,0.0,1,0,1881,3,133382.89,0.25,0.0,0,0,196370.04,0,presunto
140,QAY1805032W5,Transporte,10,452935.29,45293.53,48489.48,1626.88,0.0,5,1,1,1,10,0.0,0.5,0,0,1703,8,361428.48,0.1,0.0,0,0,452935.29,0,no_listado
140,IBK2101165MZ,Mantenimiento,1,9860.0,9860.0,9860.0,0.0,0.0,1,0,0,0,0,0.0,0.0,0,0,1118,1,9860.0,0.0,0.0,0,0,9860.0,0,no_listado
140,PXF120613XL1,Seguridad,8,556800.0,69600.0,69600.0,0.0,0.0,4,1,1,0,0,0.0,0.0,0,0,1249,8,556800.0,0.0,0.0,0,0,556800.0,0,no_listado
140,YYK0507020QJ,Papeleria,4,51504.72,12876.18,14880.65,1422.74,0.0,3,1,1,0,0,0.0,0.0,0,0,2139,3,38238.65,0.25,0.0,0,0,51504.72,0,no_listado
140,XWP000620T6H,Consultoria,6,280901.8,46816.97,60302.31,7033.75,0.0,4,1,1,0,0,0.0,0.0,0,0,2184,6,280901.8,0.0,0.0,0,0,280901.8,0,no_listado
140,STK050507DPD,Construccion,9,555132.84,61681.43,80788.57,13799.12,0.0,5,1,1,1,9,0.0,0.0,0,0,93,8,510629.83,0.1111,0.0,0,0,555132.84,0,no_listado
140,SAL1111304V6,Consultoria,5,158032.4,31606.48,45404.51,7144.41,0.0,3,1,1,0,0,0.0,0.0,1,0,2629,4,128429.27,0.0,0.0,0,1,158032.4,0,desvirtuado
140,NUE080318ZPN,Limpieza,8,39163.98,4895.5,6784.38,1264.22,0.0,1,0,0,0,0,0.0,0.0,0,0,2423,8,39163.98,0.0,0.0,0,0,39163.98,0,no_listado
140,UWN230406HO9,Mantenimiento,6,47638.11,7939.69,9474.17,1380.16,0.5,4,1,1,1,6,1.0,0.0,0,0,1732,6,47638.11,0.0,0.0,0,0,47638.11,0,no_listado
141,NEG071128707,Publicidad,7,514270.28,73467.18,160286.99,50137.04,0.2857,5,1,1,1,7,0.0,0.0,0,0,1828,7,514270.28,0.0,0.0,0,0,514270.28,0,no_listado
141,FAL04090569I,Tecnologia,6,397757.56,66292.93,149873.13,59486.66,0.3333,4,1,1,1,6,0.0,0.1667,0,0,1636,3,185866.85,0.3333,0.0,0,0,397757.56,0,no_listado
141,EGO2601102N8,Tecnologia,7,532598.72,76085.53,134168.13,46066.3,0.5714,4,0,0,1,3,0.0,0.0,0,0,1029,4,342363.71,0.4286,0.0,0,0,532598.72,0,no_listado
141,JLI100410B3W,Seguridad,6,444324.47,74054.08,143575.02,39142.48,0.1667,4,1,1,1,6,0.0,0.0,0,0,463,5,389432.77,0.1667,0.0,0,0,444324.47,0,no_listado
141,GGU220512HHB,Consultoria,4,453099.31,113274.83,168638.67,56754.94,0.75,3,0,0,1,2,0.0,0.0,0,0,1005,4,453099.31,0.0,0.0,0,0,453099.31,0,no_listado
141,GYU2509067WZ,Construccion,6,315722.84,52620.47,172310.17,56531.34,0.6667,2,1,1,1,6,0.1667,0.0,0,0,281,4,278479.58,0.3333,0.0,0,0,315722.84,0,no_listado
141,HSR0502266IU,Seguridad,9,500392.35,55599.15,155412.36,42250.38,0.2222,6,1,1,1,9,0.2222,0.1111,0,0,406,6,237740.89,0.3333,0.0,0,0,500392.35,0,no_listado
141,TLG010810WJS,Limpieza,8,607752.8,75969.1,131473.87,46161.67,0.75,4,0,0,1,3,0.0,0.0,0,0,929,5,457012.12,0.25,0.0,0,0,607752.8,0,no_listado
141,MUC210926VQG,Papeleria,6,651601.48,108600.25,156602.06,47543.53,0.3333,4,1,1,1,6,0.0,0.0,0,0,1763,6,651601.48,0.0,0.0,0,0,651601.48,0,no_listado
141,LKQ2007287H6,Papeleria,6,418616.2,69769.37,122562.39,38483.01,0.1667,3,0,0,1,2,0.5,0.0,0,0,164,4,282501.46,0.3333,0.0,0,0,418616.2,0,no_listado
141,GKV150606DUQ,Papeleria,9,892774.87,99197.21,171361.3,57838.41,0.5556,6,1,1,1,9,0.1111,0.0,0,0,253,8,722270.7,0.0,0.0,0,0,892774.87,0,no_listado
141,FND251207EDR,Construccion,6,419485.88,69914.31,170978.43,52441.11,0.6667,4,1,1,1,6,0.3333,0.1667,0,0,658,4,379339.19,0.3333,0.0,0,0,419485.88,0,no_listado
141,FMJ160426B7A,Consultoria,5,367188.31,73437.66,154106.9,65698.26,0.6,3,0,0,0,0,0.0,0.0,1,1,590,5,367188.31,0.0,1.0,0,0,367188.31,1,definitivo
141,PAH050109TFV,Construccion,1,1186034.9,1186034.9,1186034.9,0.0,1.0,1,1,1,0,0,0.0,0.0,0,0,1978,1,1186034.9,0.0,0.0,0,0,1186034.9,1,no_listado
141,CGJ110813EGN,Publicidad,14,672048.58,48003.47,49777.35,1063.55,0.6429,5,0,0,1,14,1.0,1.0,0,0,2021,11,529563.96,0.0714,1.0,0,0,672048.58,1,no_listado
141,JHV160808OTU,Logistica,6,297530.54,49588.42,84311.85,26975.27,0.3333,5,0,0,1,6,1.0,0.1667,0,0,62,5,279003.29,0.0,0.0,0,0,297530.54,1,no_listado
141,AAA100303L51,Construccion,6,547591.56,91265.26,154154.5,47029.77,0.5,4,0,0,1,3,0.3333,0.0,1,0,908,4,310681.96,0.3333,0.0,0,0,547591.56,0,desvirtuado
141,SPE090513NF1,Construccion,7,439526.71,62789.53,115994.72,37481.82,0.2857,4,1,1,1,2,0.0,0.0,1,0,1104,5,279462.61,0.2857,0.0,0,0,439526.71,0,desvirtuado
141,CAV150603G34,Mantenimiento,5,197737.41,39547.48,83353.63,23934.03,0.2,4,1,1,1,3,0.0,0.3333,1,0,1776,3,159489.2,0.4,0.0,0,0,197737.41,0,favorable
141,AIRC790905AD6,Mantenimiento,7,655778.61,93682.66,165799.97,58935.45,0.4286,5,1,1,1,2,0.0,0.0,1,0,338,7,655778.61,0.0,0.0,0,0,655778.61,0,favorable
141,SLP081217E23,Mantenimiento,7,528312.0,75473.14,117520.53,33874.81,0.5714,3,1,1,1,4,0.25,0.0,1,0,2287,5,320764.72,0.2857,0.0,0,0,528312.0,0,presunto
141,SEI040406CR7,Logistica,7,571193.4,81599.06,147832.72,55943.78,0.7143,5,0,0,1,2,0.0,0.0,1,0,1948,5,533854.43,0.2857,0.0,0,0,571193.4,0,presunto
141,YGB1304023KP,Transporte,10,453516.74,45351.67,48595.61,3014.85,0.0,6,1,1,1,10,0.0,0.6,0,0,1761,8,371512.2,0.2,0.0,0,0,453516.74,0,no_listado
141,FYG051024PB1,Mantenimiento,1,9860.0,9860.0,9860.0,0.0,0.0,1,0,0,0,0,0.0,0.0,0,0,1293,1,9860.0,0.0,0.0,0,0,9860.0,0,no_listado
141,ZLG010810F1T,Seguridad,8,556800.0,69600.0,69600.0,0.0,0.0,5,1,1,0,0,0.0,0.0,0,0,1249,5,348000.0,0.0,0.0,0,0,556800.0,0,no_listado
141,UJD071119SH4,Papeleria,4,53685.27,13421.32,15583.1,1819.92,0.0,4,1,1,0,0,0.0,0.0,0,0,2148,2,26120.91,0.5,0.0,0,0,53685.27,0,no_listado
141,WZF010819AHW,Consultoria,6,337169.57,56194.93,61147.14,6605.13,0.0,4,1,1,0,0,0.0,0.0,0,0,2184,6,337169.57,0.0,0.0,0,0,337169.57,0,no_listado
141,YVW120905MN3,Construccion,9,494987.3,54998.59,74756.26,13396.83,0.0,4,1,1,1,9,0.0,0.1111,0,0,8,7,347195.9,0.2222,0.0,0,0,494987.3,0,no_listado
141,OGR140829AD2,Consultoria,5,161349.36,32269.87,40915.37,6495.35,0.0,4,1,1,0,0,0.0,0.0,1,0,2610,4,124627.23,0.2,0.0,0,0,161349.36,0,favorable
141,VPE221013F4X,Limpieza,8,34583.49,4322.94,6006.86,1393.1,0.0,1,0,0,0,0,0.0,0.0,0,0,2426,8,34583.49,0.0,0.0,0,0,34583.49,0,no_listado
141,EHW201227VW2,Mantenimiento,6,48734.82,8122.47,10146.04,1428.66,0.1667,5,1,1,1,6,1.0,0.0,0,0,1649,6,48734.82,0.0,0.0,0,0,48734.82,0,no_listado
142,ZGB080607QCX,Limpieza,7,509716.96,72816.71,141819.37,44683.91,0.5714,5,0,0,1,1,0.0,0.0,0,0,2102,7,509716.96,0.0,0.0,0,0,509716.96,0,no_listado
142,VUT080614GCB,Papeleria,3,141178.3,47059.43,105176.61,41095.86,0.3333,3,1,1,1,3,0.0,0.0,0,0,1823,3,141178.3,0.0,0.0,0,0,141178.3,0,no_listado
142,LLF080926XB7,Consultoria,3,185397.5,61799.17,110241.26,37975.2,0.6667,2,0,0,1,2,1.0,0.0,0,0,815,2,75156.24,0.3333,0.0,0,0,185397.5,0,no_listado
142,DPZ070209GJD,Limpieza,5,627497.43,125499.49,158420.99,34938.1,0.6,4,0,0,1,2,0.0,0.0,0,0,977,5,627497.43,0.0,0.0,0,0,627497.43,0,no_listado
142,NST1903043DE,Seguridad,5,339362.25,67872.45,111796.54,30558.05,0.6,5,1,1,1,5,0.2,0.0,0,0,2465,5,339362.25,0.0,0.0,0,0,339362.25,0,no_listado
142,BJB010523MFG,Consultoria,9,659384.49,73264.94,161145.94,51084.21,0.6667,5,1,1,1,9,0.1111,0.0,0,0,744,9,659384.49,0.0,0.0,0,0,659384.49,0,no_listado
142,ZWJ1905046BN,Mantenimiento,6,409917.74,68319.62,126801.72,49965.8,0.6667,2,0,0,1,4,0.0,0.0,0,0,1238,6,409917.74,0.0,0.0,0,0,409917.74,0,no_listado
142,YUM040417WGX,Publicidad,7,414724.02,59246.29,154959.79,48170.87,0.7143,5,0,0,1,3,0.0,0.0,0,0,154,7,414724.02,0.0,0.0,0,0,414724.02,0,no_listado
142,GPF260818QS2,Logistica,9,1002854.08,111428.23,169786.61,51867.95,0.4444,5,1,1,1,9,0.0,0.0,0,0,1654,9,1002854.08,0.0,0.0,0,0,1002854.08,0,no_listado
142,WKJ180519MU2,Transporte,9,689262.92,76584.77,135263.22,45414.46,0.5556,6,0,0,1,5,0.0,0.0,0,0,530,6,456608.41,0.2222,0.0,0,0,689262.92,0,no_listado
142,JLV151118B4P,Mantenimiento,4,247883.4,61970.85,158547.83,57553.09,0.75,4,1,1,1,4,0.0,0.0,0,0,188,2,211602.54,0.5,0.0,0,0,247883.4,0,no_listado
142,HQN1511019N0,Publicidad,8,593047.39,74130.92,154251.86,44687.78,0.75,4,1,1,1,8,0.0,0.0,0,0,1096,7,573291.86,0.125,0.0,0,0,593047.39,0,no_listado
142,TLU160610PU8,Consultoria,8,534190.7,66773.84,154675.58,46504.65,0.25,5,0,0,0,0,0.0,0.0,1,1,145,8,534190.7,0.0,1.0,0,0,534190.7,1,definitivo
142,YPH060405JVE,Logistica,1,1541713.11,1541713.11,1541713.11,0.0,0.0,1,0,0,0,0,0.0,0.0,0,0,310,1,1541713.11,0.0,0.0,0,0,1541713.11,1,no_listado
142,TCS110508VE9,Tecnologia,10,482001.16,48200.12,49625.18,889.32,0.4,5,0,0,1,10,1.0,1.0,0,0,252,8,385693.03,0.1,1.0,0,0,482001.16,1,no_listado
142,CQZ200211ZBO,Mantenimiento,5,403760.07,80752.01,155469.89,55441.53,0.4,3,0,0,1,5,1.0,0.0,0,0,105,5,403760.07,0.0,0.0,0,0,403760.07,1,no_listado
142,AEC111111ENA,Papeleria,3,204490.4,68163.47,111637.03,37804.6,1.0,3,1,1,1,2,0.0,0.0,1,0,1456,3,204490.4,0.0,0.0,0,0,204490.4,0,desvirtuado
142,IEC011022QF7,Limpieza,6,442517.08,73752.85,155749.02,47277.56,1.0,5,1,1,1,5,0.0,0.0,1,0,1804,3,269254.46,0.3333,0.0,0,0,442517.08,0,desvirtuado
142,TCO160616L43,Publicidad,3,377208.73,125736.24,154632.3,32654.39,0.3333,2,1,1,0,0,0.0,0.0,1,0,2282,1,142484.81,0.6667,0.0,0,0,377208.73,0,favorable
142,CSD101213MV5,Publicidad,5,327663.35,65532.67,145508.68,49851.98,0.6,3,0,0,1,3,0.3333,0.0,1,0,1121,4,307921.7,0.2,0.0,0,0,327663.35,0,favorable
142,DCO171115LJ9,Mantenimiento,5,368750.12,73750.02,162593.37,57457.56,0.4,4,1,1,1,3,0.3333,0.0,1,0,600,3,198276.02,0.4,0.0,0,0,368750.12,0,presunto
142,CEA210629JZ6,Logistica,7,410329.59,58618.51,128132.44,36370.16,0.7143,5,1,1,1,1,0.0,0.0,1,0,256,3,165719.91,0.4286,0.0,0,0,410329.59,0,presunto
142,FCZ130421BTR,Transporte,10,436737.99,43673.8,45986.73,1527.3,0.0,5,1,1,1,10,0.0,0.3,0,0,1747,10,436737.99,0.0,0.0,0,0,436737.99,0,no_listado
142,VOH221006U07,Mantenimiento,1,9860.0,9860.0,9860.0,0.0,0.0,1,0,0,0,0,0.0,0.0,0,0,1226,1,9860.0,0.0,0.0,0,0,9860.0,0,no_listado
142,JUU220528DSE,Seguridad,8,556800.0,69600.0,69600.0,0.0,0.0,5,1,1,0,0,0.0,0.0,0,0,1249,8,556800.0,0.0,0.0,0,0,556800.0,0,no_listado
142,GAU150607GGO,Papeleria,4,59150.08,14787.52,17248.61,1678.16,0.0,2,1,1,0,0,0.0,0.0,0,0,2226,4,59150.08,0.0,0.0,0,0,59150.08,0,no_listado
142,MFL231020IJU,Consultoria,6,335484.94,55914.16,62372.81,5773.57,0.0,4,1,1,0,0,0.0,0.0,0,0,2205,4,215282.62,0.3333,0.0,0,0,335484.94,0,no_listado
142,SSW050217X51,Construccion,9,558365.3,62040.59,76800.4,9872.97,0.0,6,1,1,1,9,0.0,0.0,0,0,109,9,558365.3,0.0,0.0,0,0,558365.3,0,no_listado
142,IUI070702988,Consultoria,5,194930.01,38986.0,45470.74,7137.04,0.0,3,1,1,0,0,0.0,0.0,1,0,2593,5,194930.01,0.0,0.0,0,0,194930.01,0,desvirtuado
142,VSR210824VDX,Limpieza,8,35306.29,4413.29,5671.45,869.86,0.0,1,0,0,0,0,0.0,0.0,0,0,2416,8,35306.29,0.0,0.0,0,0,35306.29,0,no_listado
142,FHS18042001S,Mantenimiento,6,41471.96,6911.99,10391.08,1779.66,0.3333,5,1,1,1,6,1.0,0.0,0,0,1590,5,36721.54,0.1667,0.0,0,0,41471.96,0,no_listado
143,AEE101112ZES,Papeleria,6,568334.97,94722.5,161911.59,49746.35,0.6667,3,0,0,1,4,0.0,0.0,0,0,1478,5,406423.38,0.1667,0.0,0,0,568334.97,0,no_listado
143,MQQ210305RUE,Publicidad,7,593507.95,84786.85,155759.58,51062.41,0.2857,4,0,0,1,2,0.5,0.0,0,0,258,7,593507.95,0.0,0.0,0,0,593507.95,0,no_listado
143,NIC2012279GL,Seguridad,7,519834.42,74262.06,149596.64,52065.52,0.4286,5,0,0,1,2,0.0,0.0,0,0,1049,6,502402.52,0.1429,0.0,0,0,519834.42,0,no_listado
143,QKG050726NG6,Construccion,5,352406.94,70481.39,143819.82,47887.35,0.4,3,0,0,1,3,0.3333,0.0,0,0,804,5,352406.94,0.0,0.0,0,0,352406.94,0,no_listado
143,CLK180209SBG,Publicidad,8,446590.59,55823.82,121731.29,39566.44,0.125,5,1,1,1,8,0.0,0.0,0,0,2017,8,446590.59,0.0,0.0,0,0,446590.59,0,no_listado
143,WUA000819RO4,Publicidad,9,601396.39,66821.82,155057.1,41513.81,0.4444,6,1,1,1,9,0.1111,0.1111,0,0,1827,8,535468.81,0.1111,0.0,0,0,601396.39,0,no_listado
143,AOD04090143G,Transporte,3,290716.26,96905.42,165575.98,59832.13,0.0,2,1,1,1,3,0.0,0.0,0,0,1217,3,290716.26,0.0,0.0,0,0,290716.26,0,no_listado
143,XOQ240526KKG,Mantenimiento,9,680506.3,75611.81,151311.43,54832.9,0.5556,5,1,1,1,9,0.0,0.0,0,0,1682,8,662359.24,0.1111,0.0,0,0,680506.3,0,no_listado
143,AIR200524O91,Tecnologia,3,198982.22,66327.41,69604.43,2322.31,0.6667,3,1,1,1,3,0.0,0.0,0,0,1913,3,198982.22,0.0,0.0,0,0,198982.22,0,no_listado
143,SAT0210051X4,Papeleria,3,108062.68,36020.89,69131.2,23412.63,0.6667,2,0,0,1,1,0.0,0.0,0,0,1633,3,108062.68,0.0,0.0,0,0,108062.68,0,no_listado
143,XNJ1005149ZZ,Publicidad,5,466320.79,93264.16,159978.5,51008.39,0.8,4,0,0,0,0,0.0,0.0,0,0,320,4,331643.42,0.2,0.0,0,0,466320.79,0,no_listado
143,JHV1812281E9,Construccion,4,231792.25,57948.06,136774.22,47995.38,0.75,3,0,0,1,1,0.0,0.0,0,0,1051,4,231792.25,0.0,0.0,0,0,231792.25,0,no_listado
143,LUSJ600704D71,Consultoria,7,603389.68,86198.53,162756.41,54213.12,0.1429,4,0,0,0,0,0.0,0.0,1,1,45,7,603389.68,0.0,1.0,0,0,603389.68,1,definitivo
143,KRQ220805HUV,Consultoria,1,1423151.38,1423151.38,1423151.38,0.0,1.0,1,0,0,0,0,0.0,0.0,0,0,2126,1,1423151.38,0.0,0.0,0,0,1423151.38,1,no_listado
143,CWM210519VUT,Logistica,12,573567.39,47797.28,49015.09,793.04,0.3333,5,0,0,1,12,1.0,1.0,0,0,348,12,573567.39,0.0,1.0,0,0,573567.39,1,no_listado
143,BOH120225CTD,Mantenimiento,6,434243.32,72373.89,130781.66,39286.43,0.1667,3,1,1,1,6,1.0,0.0,0,0,218,5,324533.78,0.1667,0.0,0,0,434243.32,1,no_listado
143,BNO060417AR2,Limpieza,4,528480.45,132120.11,148208.2,19237.58,0.5,3,1,1,0,0,0.0,0.0,1,0,1279,2,280524.52,0.5,0.0,0,0,528480.45,0,desvirtuado
143,TFE081229FV2,Seguridad,3,269476.34,89825.45,142041.99,36939.27,0.3333,2,0,0,1,2,0.0,0.0,1,0,2338,2,207115.24,0.3333,0.0,0,0,269476.34,0,desvirtuado
143,PCR171223S34,Seguridad,6,558028.01,93004.67,157739.49,41897.4,0.3333,4,1,1,1,2,0.0,0.0,1,0,222,6,558028.01,0.0,0.0,0,0,558028.01,0,favorable
143,RQD120301UW2,Seguridad,7,547207.71,78172.53,169316.4,45400.58,0.4286,5,0,0,1,3,0.0,0.0,1,0,799,4,350341.76,0.4286,0.0,0,0,547207.71,0,favorable
143,SOIF990813II9,Transporte,6,339560.7,56593.45,95809.36,27449.78,0.3333,4,1,1,1,6,0.1667,0.0,1,0,1521,2,75404.92,0.6667,0.0,0,0,339560.7,0,presunto
143,TOMA980418LR7,Publicidad,6,460282.25,76713.71,157091.76,53927.37,0.6667,3,0,0,1,3,0.0,0.0,1,0,708,3,144773.18,0.5,0.0,0,0,460282.25,0,presunto
143,CQP241201L0M,Transporte,10,450215.98,45021.6,48401.82,2468.28,0.0,5,1,1,1,10,0.0,0.5,0,0,1737,10,450215.98,0.0,0.0,0,0,450215.98,0,no_listado
143,IZT200626WDK,Mantenimiento,1,9860.0,9860.0,9860.0,0.0,0.0,1,0,0,0,0,0.0,0.0,0,0,1171,1,9860.0,0.0,0.0,0,0,9860.0,0,no_listado
143,VRA070604O2Z,Seguridad,8,556800.0,69600.0,69600.0,0.0,0.0,4,1,1,0,0,0.0,0.0,0,0,1249,7,487200.0,0.0,0.0,0,0,556800.0,0,no_listado
143,HZE0212185HM,Papeleria,4,55732.48,13933.12,17085.87,2221.82,0.0,3,1,1,0,0,0.0,0.0,0,0,2158,4,55732.48,0.0,0.0,0,0,55732.48,0,no_listado
143,IWN090806F8T,Consultoria,6,297071.15,49511.86,59027.41,6237.64,0.0,4,1,1,0,0,0.0,0.0,0,0,2234,6,297071.15,0.0,0.0,0,0,297071.15,0,no_listado
143,HPO081122WEV,Construccion,9,490405.95,54489.55,76186.54,11172.37,0.0,5,1,1,1,9,0.0,0.2222,0,0,57,8,449880.57,0.1111,0.0,0,0,490405.95,0,no_listado
143,LNC101215CR3,Consultoria,5,159469.99,31894.0,39627.99,4679.12,0.0,3,1,1,0,0,0.0,0.0,1,0,2562,4,125980.57,0.2,0.0,0,0,159469.99,0,favorable
143,GHL0112286NW,Limpieza,8,32799.2,4099.9,6784.6,1351.52,0.0,1,0,0,0,0,0.0,0.0,0,0,2441,8,32799.2,0.0,0.0,0,0,32799.2,0,no_listado
143,GZW081011I18,Mantenimiento,6,49806.94,8301.16,9842.61,1423.28,1.0,4,1,1,1,6,1.0,0.0,0,0,1668,6,49806.94,0.0,0.0,0,0,49806.94,0,no_listado
144,MOE020205WH5,Transporte,6,344448.28,57408.05,104440.05,31990.57,0.5,4,1,1,1,6,0.1667,0.1667,0,0,2022,5,324916.07,0.1667,0.0,0,0,344448.28,0,no_listado
144,TSN070610C0F,Tecnologia,7,507799.12,72542.73,170018.06,56457.98,0.4286,3,1,1,1,7,0.2857,0.0,0,0,1290,5,318400.39,0.2857,0.0,0,0,507799.12,0,no_listado
144,AFD230914U81,Publicidad,7,551846.23,78835.18,131180.9,42390.02,0.4286,3,1,1,1,7,0.1429,0.0,0,0,1834,7,551846.23,0.0,0.0,0,0,551846.23,0,no_listado
144,YEI220219IPL,Transporte,9,711233.21,79025.91,165066.14,50724.61,0.7778,5,0,0,1,2,0.5,0.0,0,0,1155,8,546167.07,0.1111,0.0,0,0,711233.21,0,no_listado
144,HMR230703Z66,Transporte,4,441197.46,110299.37,166805.89,60938.63,0.25,4,1,1,1,4,0.0,0.0,0,0,81,4,441197.46,0.0,0.0,0,0,441197.46,0,no_listado
144,OQP1309057XV,Seguridad,8,695933.53,86991.69,161055.24,54978.7,0.125,4,1,1,1,8,0.125,0.0,0,0,55,8,695933.53,0.0,0.0,0,0,695933.53,0,no_listado
144,RHZ020608PD7,Construccion,3,136615.16,45538.39,69223.29,20251.98,0.3333,2,0,0,1,2,0.0,0.5,0,0,1752,3,136615.16,0.0,0.0,0,0,136615.16,0,no_listado
144,AXW1206161H8,Transporte,3,234656.15,78218.72,129788.53,37044.4,0.0,2,1,1,1,3,0.0,0.0,0,0,1475,2,190212.79,0.3333,0.0,0,0,234656.15,0,no_listado
144,KYB040714P8Z,Logistica,7,329859.5,47122.79,130374.38,36968.06,0.8571,6,0,0,1,4,0.25,0.25,0,0,1158,6,283629.56,0.1429,0.0,0,0,329859.5,0,no_listado
144,ZTG171202USA,Construccion,6,747543.19,124590.53,171643.18,43806.57,0.3333,3,0,0,1,2,0.0,0.0,0,0,1958,5,705497.89,0.1667,0.0,0,0,747543.19,0,no_listado
144,DZP100418R5C,Mantenimiento,7,422848.98,60407.0,126721.61,36270.56,0.2857,5,0,0,1,5,0.2,0.0,0,0,2012,6,403290.19,0.1429,0.0,0,0,422848.98,0,no_listado
144,QRH041221DVG,Tecnologia,9,767405.94,85267.33,156731.17,53231.59,0.3333,5,0,0,1,1,0.0,0.0,0,0,1538,7,640785.23,0.2222,0.0,0,0,767405.94,0,no_listado
144,CVS1411262K7,Consultoria,8,482439.52,60304.94,142840.72,43802.21,0.375,4,1,1,0,0,0.0,0.0,1,1,2261,6,319806.06,0.25,1.0,0,0,482439.52,1,definitivo
144,RXE18121759U,Tecnologia,1,1048647.81,1048647.81,1048647.81,0.0,1.0,1,1,1,0,0,0.0,0.0,0,0,2446,1,1048647.81,0.0,0.0,0,1,1048647.81,1,no_listado
144,PXR240521JNI,Seguridad,10,478745.17,47874.52,49547.43,1142.73,0.3,5,0,0,1,10,1.0,1.0,0,0,2562,9,429273.72,0.0,1.0,0,0,478745.17,1,no_listado
144,YIY130423BAN,Limpieza,6,460331.41,76721.9,129591.08,26728.57,0.8333,5,0,0,1,6,1.0,0.1667,0,0,150,4,270736.13,0.3333,0.0,0,0,460331.41,1,no_listado
144,TAM100218TS9,Papeleria,4,415269.54,103817.38,160086.55,58575.99,0.75,4,0,0,1,3,0.3333,0.0,1,0,1598,4,415269.54,0.0,0.0,0,0,415269.54,0,desvirtuado
144,FUE1010083G1,Consultoria,5,194487.55,38897.51,119554.37,40333.22,0.6,4,1,1,1,2,0.5,0.0,1,0,2256,5,194487.55,0.0,0.0,0,0,194487.55,0,desvirtuado
144,CTS101112H6A,Seguridad,7,486047.57,69435.37,150909.52,40800.17,0.4286,4,1,1,1,4,0.0,0.0,1,0,2538,4,206221.94,0.4286,0.0,0,0,486047.57,0,favorable
144,DUA100812279,Publicidad,4,305175.21,76293.8,168340.64,56042.39,0.5,3,0,0,1,3,0.0,0.0,1,0,2406,3,136834.57,0.25,0.0,0,0,305175.21,0,favorable
144,SAGA911110841,Mantenimiento,4,401492.49,100373.12,136478.35,47972.17,1.0,3,1,1,1,1,0.0,0.0,1,0,1933,0,0.0,1.0,0.0,0,0,401492.49,0,presunto
144,FOFR040403IR4,Transporte,6,521302.32,86883.72,163774.62,48564.52,0.5,6,1,1,1,3,0.3333,0.0,1,0,232,5,409399.43,0.1667,0.0,0,0,521302.32,0,presunto
144,GPZ0409198XX,Transporte,10,466135.73,46613.57,48424.48,1201.1,0.0,5,1,1,1,10,0.0,0.9,0,0,1701,10,466135.73,0.0,0.0,0,0,466135.73,0,no_listado
144,WDU200807OIR,Mantenimiento,1,9860.0,9860.0,9860.0,0.0,0.0,1,0,0,0,0,0.0,0.0,0,0,1240,1,9860.0,0.0,0.0,0,0,9860.0,0,no_listado
144,UZT181204SUF,Seguridad,8,556800.0,69600.0,69600.0,0.0,0.0,5,1,1,0,0,0.0,0.0,0,0,1249,8,556800.0,0.0,0.0,0,0,556800.0,0,no_listado
144,TYF140502VJ2,Papeleria,4,52888.16,13222.04,15861.29,2566.14,0.0,2,1,1,0,0,0.0,0.0,0,0,2135,3,37026.87,0.0,0.0,0,0,52888.16,0,no_listado
144,GEP201127KLW,Consultoria,6,330819.51,55136.58,63656.35,7396.98,0.0,4,1,1,0,0,0.0,0.0,0,0,2204,6,330819.51,0.0,0.0,0,0,330819.51,0,no_listado
144,XHD131001VKO,Construccion,9,516472.25,57385.81,64742.7,7931.91,0.0,4,1,1,1,9,0.0,0.1111,0,0,35,8,455066.3,0.1111,0.0,0,0,516472.25,0,no_listado
144,ECA1503107Q6,Consultoria,5,176610.58,35322.12,46117.33,5603.16,0.0,3,1,1,0,0,0.0,0.0,1,0,2610,5,176610.58,0.0,0.0,0,0,176610.58,0,favorable
144,CXG0907010VW,Limpieza,8,33091.52,4136.44,6563.7,1181.95,0.0,1,0,0,0,0,0.0,0.0,0,0,2445,8,33091.52,0.0,0.0,0,0,33091.52,0,no_listado
144,IOY120318R44,Mantenimiento,6,51128.52,8521.42,9941.26,1397.84,0.3333,5,1,1,1,6,1.0,0.0,0,0,1604,5,43686.7,0.1667,0.0,0,0,51128.52,0,no_listado
145,NPH251202FRE,Seguridad,6,460163.97,76693.99,167678.31,59479.72,0.6667,3,1,1,1,6,0.3333,0.1667,0,0,1824,6,460163.97,0.0,0.0,0,0,460163.97,0,no_listado
145,GQI0504230UZ,Transporte,3,215166.48,71722.16,100249.32,37792.37,0.6667,3,0,0,1,2,0.5,0.0,0,0,847,2,118566.54,0.3333,0.0,0,0,215166.48,0,no_listado
145,BIB080810M7T,Construccion,8,397339.28,49667.41,143946.12,40597.62,0.625,5,0,0,1,6,0.0,0.0,0,0,1472,7,253393.16,0.125,0.0,0,0,397339.28,0,no_listado
145,TIH180712X6N,Publicidad,6,422349.49,70391.58,150779.71,46287.34,0.6667,3,0,0,1,4,0.25,0.0,0,0,1184,5,403769.06,0.1667,0.0,0,0,422349.49,0,no_listado
145,DGV200514CQQ,Consultoria,4,228695.09,57173.77,86231.67,23994.17,0.5,3,1,1,1,4,0.0,0.0,0,0,1341,3,170493.42,0.25,0.0,0,0,228695.09,0,no_listado
145,JPI2201158OH,Limpieza,6,533533.51,88922.25,158322.18,45821.99,0.5,4,1,1,1,6,0.0,0.0,0,0,2145,6,533533.51,0.0,0.0,0,0,533533.51,0,no_listado
145,NMH1001106YI,Limpieza,4,252128.28,63032.07,149612.36,50783.49,0.75,3,0,0,1,4,0.0,0.0,0,0,246,2,169171.15,0.5,0.0,0,0,252128.28,0,no_listado
145,YDK000314ZA2,Logistica,3,187270.6,62423.53,150824.92,62509.27,0.6667,3,0,0,1,2,0.0,0.0,0,0,2244,2,168953.38,0.3333,0.0,0,0,187270.6,0,no_listado
145,XYF060508FBX,Logistica,5,317756.45,63551.29,136670.48,43146.18,1.0,4,1,1,1,5,0.0,0.0,0,0,2278,4,244089.77,0.2,0.0,0,0,317756.45,0,no_listado
145,SEM040907QVZ,Construccion,3,199932.97,66644.32,158831.34,65217.19,0.6667,3,1,1,1,3,0.0,0.0,0,0,254,3,199932.97,0.0,0.0,0,0,199932.97,0,no_listado
145,VJX250303KE8,Construccion,7,386035.9,55147.99,113146.82,34361.62,0.5714,3,0,0,1,2,0.0,0.0,0,0,232,6,368635.9,0.1429,0.0,0,0,386035.9,0,no_listado
145,TAV091227TL3,Logistica,4,376384.86,94096.21,141703.31,38545.71,0.75,3,1,1,1,4,0.0,0.25,0,0,1293,4,376384.86,0.0,0.0,0,0,376384.86,0,no_listado
145,AUCC920408JY0,Consultoria,7,451543.9,64506.27,104790.29,35506.08,0.4286,4,0,0,0,0,0.0,0.0,1,1,1681,7,451543.9,0.0,1.0,0,0,451543.9,1,definitivo
145,TBD030302EEY,Logistica,1,1480145.57,1480145.57,1480145.57,0.0,0.0,1,0,0,0,0,0.0,0.0,0,0,1001,1,1480145.57,0.0,0.0,0,0,1480145.57,1,no_listado
145,XQT1303173Q1,Mantenimiento,11,532111.78,48373.8,49643.72,855.82,0.1818,5,1,1,1,11,1.0,1.0,0,0,1392,9,434179.3,0.0,1.0,0,0,532111.78,1,no_listado
145,AMD111101T7P,Transporte,5,481265.59,96253.12,164977.46,53122.12,0.8,4,0,0,1,5,1.0,0.0,0,0,1739,4,455881.41,0.2,0.0,0,0,481265.59,1,no_listado
145,CSI0910174Z0,Construccion,5,294869.75,58973.95,154940.43,49519.09,0.2,4,0,0,1,3,0.3333,0.3333,1,0,1712,4,244497.69,0.2,0.0,0,0,294869.75,0,desvirtuado
145,PIE121206VC1,Transporte,6,447268.45,74544.74,123934.13,38601.39,0.3333,3,0,0,1,3,0.0,0.0,1,0,1216,6,447268.45,0.0,0.0,0,0,447268.45,0,desvirtuado
145,HOC1011228F3,Publicidad,3,143862.0,47954.0,82735.29,26826.58,0.6667,2,0,0,1,2,0.0,0.0,1,0,2314,3,143862.0,0.0,0.0,0,0,143862.0,0,favorable
145,NOR170109QL9,Logistica,4,411374.09,102843.52,166455.97,50095.73,0.75,3,1,1,1,3,0.0,0.0,1,0,2041,4,411374.09,0.0,0.0,0,0,411374.09,0,favorable
145,TEJ1707275J3,Transporte,6,465698.08,77616.35,167273.18,63532.46,0.6667,4,1,1,1,4,0.0,0.0,1,0,1925,6,465698.08,0.0,0.0,0,0,465698.08,0,presunto
145,ETR231205EF7,Construccion,5,244053.72,48810.74,115025.15,36943.86,0.2,3,0,0,1,2,0.5,0.0,1,0,399,5,244053.72,0.0,0.0,0,0,244053.72,0,presunto
145,OEA170316YAG,Transporte,10,448715.26,44871.53,48137.53,2231.03,0.0,6,1,1,1,10,0.0,0.5,0,0,1722,9,400577.73,0.1,0.0,0,0,448715.26,0,no_listado
145,FWA030824A7L,Mantenimiento,1,9860.0,9860.0,9860.0,0.0,0.0,1,0,0,0,0,0.0,0.0,0,0,1254,1,9860.0,0.0,0.0,0,0,9860.0,0,no_listado
145,FJS010212EMY,Seguridad,8,556800.0,69600.0,69600.0,0.0,0.0,5,1,1,0,0,0.0,0.0,0,0,1249,7,487200.0,0.0,0.0,0,0,556800.0,0,no_listado
145,DAK220815OW4,Papeleria,4,46127.09,11531.77,12424.38,564.04,0.0,3,1,1,0,0,0.0,0.0,0,0,2165,4,46127.09,0.0,0.0,0,0,46127.09,0,no_listado
145,UHX190511581,Consultoria,6,351598.65,58599.78,62870.69,2690.99,0.0,4,1,1,0,0,0.0,0.0,0,0,2276,4,234578.8,0.3333,0.0,0,0,351598.65,0,no_listado
145,SGL231212TQN,Construccion,9,515045.61,57227.29,72052.36,12949.82,0.0,6,1,1,1,9,0.0,0.1111,0,0,38,8,473321.66,0.1111,0.0,0,0,515045.61,0,no_listado
145,INM111111D81,Consultoria,5,160329.89,32065.98,43086.14,6292.2,0.0,3,1,1,0,0,0.0,0.0,1,0,2560,3,86656.92,0.4,0.0,0,0,160329.89,0,desvirtuado
145,DTX170718TBH,Limpieza,8,37951.06,4743.88,6300.1,1188.11,0.0,1,0,0,0,0,0.0,0.0,0,0,2421,8,37951.06,0.0,0.0,0,0,37951.06,0,no_listado
145,OPM1707068BD,Mantenimiento,6,37874.07,6312.35,7787.18,984.89,0.5,4,1,1,1,6,1.0,0.0,0,0,1600,6,37874.07,0.0,0.0,0,0,37874.07,0,no_listado
146,SLL26112492C,Seguridad,4,303103.5,75775.88,151081.79,57711.91,0.25,3,1,1,1,4,0.0,0.0,0,0,1138,4,303103.5,0.0,0.0,0,0,303103.5,0,no_listado
146,UBW2002174A6,Limpieza,9,707638.48,78626.5,150957.68,55691.81,0.4444,4,1,1,1,9,0.1111,0.0,0,0,397,7,551257.6,0.1111,0.0,0,0,707638.48,0,no_listado
146,ZHO240510NES,Consultoria,8,375065.94,46883.24,83960.92,25609.77,0.25,4,1,1,1,8,0.0,0.125,0,0,2346,7,338144.82,0.125,0.0,0,1,375065.94,0,no_listado
146,FIS180707WVH,Transporte,4,408156.45,102039.11,140340.6,27318.96,0.5,4,0,0,1,2,0.0,0.0,0,0,1586,3,344866.82,0.25,0.0,0,0,408156.45,0,no_listado
146,TWR230127P1G,Limpieza,5,378155.66,75631.13,170006.13,56639.77,0.6,4,0,0,1,3,0.0,0.3333,0,0,1582,5,378155.66,0.0,0.0,0,0,378155.66,0,no_listado
146,TFA090518B7U,Transporte,3,239522.79,79840.93,150231.96,53890.19,1.0,2,0,0,1,2,0.0,0.0,0,0,1691,2,169578.06,0.3333,0.0,0,0,239522.79,0,no_listado
146,QVM030311BIN,Logistica,9,595049.2,66116.58,151557.24,44736.39,0.4444,5,1,1,1,9,0.0,0.0,0,0,694,8,517187.13,0.1111,0.0,0,0,595049.2,0,no_listado
146,ZRH100307FE6,Seguridad,6,479192.45,79865.41,156914.02,41368.42,0.3333,5,1,1,1,6,0.0,0.0,0,0,1601,5,410502.47,0.1667,0.0,0,0,479192.45,0,no_listado
146,ZWO220608V8L,Mantenimiento,4,257084.08,64271.02,117119.08,41553.81,0.75,3,1,1,1,4,0.0,0.0,0,0,766,3,239109.82,0.25,0.0,0,0,257084.08,0,no_listado
146,BMJ000326O78,Transporte,8,645164.45,80645.56,173872.39,59207.78,0.375,4,1,1,1,8,0.0,0.0,0,0,424,7,471292.06,0.125,0.0,0,0,645164.45,0,no_listado
146,BKX171015CZQ,Construccion,3,274313.29,91437.76,173741.97,63708.92,0.6667,2,0,0,1,1,0.0,0.0,0,0,2510,3,274313.29,0.0,0.0,0,0,274313.29,0,no_listado
146,NPV030727I7K,Publicidad,3,271386.98,90462.33,169106.17,58419.48,1.0,2,1,1,1,3,0.0,0.0,0,0,838,2,198323.67,0.3333,0.0,0,0,271386.98,0,no_listado
146,CRA160616IR0,Consultoria,8,309853.41,38731.68,99747.73,35061.92,0.5,4,0,0,0,0,0.0,0.0,1,1,49,7,291483.02,0.125,1.0,0,0,309853.41,1,definitivo
146,FZS070121J46,Transporte,1,1425181.87,1425181.87,1425181.87,0.0,0.0,1,0,0,0,0,0.0,0.0,0,0,1113,1,1425181.87,0.0,0.0,0,0,1425181.87,1,no_listado
146,MLY130510JCN,Construccion,12,576588.54,48049.05,49115.15,578.25,0.6667,6,0,0,1,12,1.0,1.0,0,0,231,10,480520.41,0.0,1.0,0,0,576588.54,1,no_listado
146,YPP071226TZF,Consultoria,5,487632.13,97526.43,170016.22,46358.38,0.4,4,0,0,1,5,1.0,0.0,0,0,2512,5,487632.13,0.0,0.0,0,0,487632.13,1,no_listado
146,PEF110805PG6,Seguridad,7,505629.36,72232.77,163456.7,63479.48,0.5714,5,1,1,1,4,0.5,0.0,1,0,1212,7,505629.36,0.0,0.0,0,0,505629.36,0,desvirtuado
146,DRA120223821,Construccion,7,525035.79,75005.11,133634.0,44849.84,0.1429,4,1,1,1,3,0.3333,0.0,1,0,2362,7,525035.79,0.0,0.0,0,0,525035.79,0,desvirtuado
146,TAN031106JT5,Limpieza,3,214091.93,71363.98,134461.18,47939.64,0.3333,3,0,0,1,3,0.0,0.0,1,0,2235,3,214091.93,0.0,0.0,0,0,214091.93,0,favorable
146,NOV130606VC8,Seguridad,6,541045.29,90174.22,139999.77,41345.13,0.3333,4,0,0,1,5,0.0,0.0,1,0,735,4,277331.49,0.3333,0.0,0,0,541045.29,0,favorable
146,CEX200401JWA,Construccion,4,270521.08,67630.27,127856.37,39476.91,0.25,2,0,0,1,3,0.0,0.0,1,0,2191,2,147412.5,0.5,0.0,0,0,270521.08,0,presunto
146,GTM191210U92,Limpieza,6,550257.76,91709.63,169134.75,58353.5,0.3333,4,0,0,1,3,0.3333,0.0,1,0,601,4,360298.85,0.3333,0.0,0,0,550257.76,0,presunto
146,RGO140218YMR,Transporte,10,439621.4,43962.14,47146.62,2113.82,0.0,4,1,1,1,10,0.0,0.3,0,0,1739,10,439621.4,0.0,0.0,0,0,439621.4,0,no_listado
146,USJ070403N3E,Mantenimiento,1,9860.0,9860.0,9860.0,0.0,0.0,1,0,0,0,0,0.0,0.0,0,0,1062,1,9860.0,0.0,0.0,0,0,9860.0,0,no_listado
146,CMQ151102N70,Seguridad,8,556800.0,69600.0,69600.0,0.0,0.0,5,1,1,0,0,0.0,0.0,0,0,1249,8,556800.0,0.0,0.0,0,0,556800.0,0,no_listado
146,LKS0904196ME,Papeleria,4,57542.14,14385.53,17360.1,1937.43,0.0,3,1,1,0,0,0.0,0.0,0,0,2178,4,57542.14,0.0,0.0,0,0,57542.14,0,no_listado
146,KNY051018DEY,Consultoria,6,308817.85,51469.64,58992.54,6698.9,0.0,3,1,1,0,0,0.0,0.0,0,0,2184,5,249825.31,0.1667,0.0,0,0,308817.85,0,no_listado
146,ANP0312114JC,Construccion,9,487074.14,54119.35,72900.47,13152.73,0.0,5,1,1,1,9,0.0,0.2222,0,0,88,8,441241.48,0.1111,0.0,0,0,487074.14,0,no_listado
146,CBA1603071F8,Consultoria,5,182431.26,36486.25,43586.57,7773.49,0.0,4,1,1,0,0,0.0,0.0,1,0,2665,4,155711.82,0.2,0.0,0,0,182431.26,0,desvirtuado
146,ITZ141205475,Limpieza,8,44667.69,5583.46,6789.74,1100.56,0.0,1,0,0,0,0,0.0,0.0,0,0,2439,8,44667.69,0.0,0.0,0,0,44667.69,0,no_listado
146,FYZ040416HJC,Mantenimiento,6,53075.63,8845.94,10390.15,1000.76,0.3333,3,1,1,1,6,1.0,0.0,0,0,1678,6,53075.63,0.0,0.0,0,0,53075.63,0,no_listado
147,NVL1208091FH,Logistica,3,56395.29,18798.43,19715.65,709.49,0.6667,3,0,0,1,1,0.0,0.0,0,0,1873,2,37703.2,0.3333,0.0,0,0,56395.29,0,no_listado
147,YWL150727J6T,Publicidad,8,591539.5,73942.44,124103.7,38272.88,0.75,6,1,1,1,8,0.25,0.0,0,0,426,6,448055.13,0.25,0.0,0,0,591539.5,0,no_listado
147,XLC120710867,Transporte,8,551051.91,68881.49,130947.88,38369.39,0.375,5,1,1,1,8,0.0,0.0,0,0,1912,6,365867.73,0.25,0.0,0,0,551051.91,0,no_listado
147,YMN200620ZXK,Seguridad,3,269137.11,89712.37,135737.31,35579.98,1.0,3,1,1,1,3,0.0,0.3333,0,0,1059,2,133399.8,0.3333,0.0,0,0,269137.11,0,no_listado
147,FUO180803MW7,Construccion,3,176499.44,58833.15,101794.45,34030.82,0.3333,2,0,0,1,3,0.0,0.0,0,0,2575,2,74704.99,0.3333,0.0,0,0,176499.44,0,no_listado
147,VRH130506RE5,Tecnologia,3,140056.3,46685.43,104107.78,40603.73,0.3333,3,1,1,1,3,0.0,0.0,0,0,284,2,35948.52,0.3333,0.0,0,0,140056.3,0,no_listado
147,WIN080223CCM,Seguridad,9,785635.26,87292.81,161659.71,49872.03,0.3333,4,0,0,1,7,0.1429,0.0,0,0,726,9,785635.26,0.0,0.0,0,0,785635.26,0,no_listado
147,ATJ170825ON9,Papeleria,9,580101.49,64455.72,119540.08,41775.94,0.5556,5,1,1,1,9,0.0,0.0,0,0,763,6,523637.08,0.2222,0.0,0,0,580101.49,0,no_listado
147,OIK161015W02,Construccion,8,640710.25,80088.78,171563.79,55232.26,0.625,6,0,0,1,4,0.0,0.0,0,0,1131,8,640710.25,0.0,0.0,0,0,640710.25,0,no_listado
147,FHO231119HOZ,Mantenimiento,5,309942.91,61988.58,166975.96,54837.27,0.0,3,0,0,1,3,0.0,0.3333,0,0,1925,5,309942.91,0.0,0.0,0,1,309942.91,0,no_listado
147,ZSI1807146WX,Limpieza,4,116516.45,29129.11,60961.29,18392.03,0.25,3,1,1,1,4,0.25,0.0,0,0,247,3,96949.69,0.25,0.0,0,0,116516.45,0,no_listado
147,LVY220828JMP,Papeleria,6,535858.39,89309.73,145716.06,37609.9,0.5,5,1,1,1,6,0.0,0.1667,0,0,487,5,481083.89,0.1667,0.0,0,0,535858.39,0,no_listado
147,NBC100416JK9,Consultoria,8,336966.29,42120.79,83723.65,24697.16,0.75,5,0,0,0,0,0.0,0.0,1,1,204,6,300624.29,0.125,1.0,0,0,336966.29,1,definitivo
147,QYG100706Z5B,Logistica,1,1519929.81,1519929.81,1519929.81,0.0,1.0,1,0,0,0,0,0.0,0.0,0,0,128,1,1519929.81,0.0,0.0,0,0,1519929.81,1,no_listado
147,COK020228F0D,Transporte,12,575910.99,47992.58,49502.8,862.51,0.6667,4,0,0,1,12,1.0,1.0,0,0,137,11,528968.68,0.0,1.0,0,0,575910.99,1,no_listado
147,JWW131107DWE,Seguridad,4,316747.7,79186.93,135920.75,51836.14,0.5,2,0,0,1,4,1.0,0.0,0,0,1645,4,316747.7,0.0,0.0,0,0,316747.7,1,no_listado
147,OCB110707GK1,Consultoria,5,259070.07,51814.01,154251.86,52619.99,0.6,4,1,1,1,1,0.0,1.0,1,0,1233,5,259070.07,0.0,0.0,0,0,259070.07,0,desvirtuado
147,GCE1008262I0,Mantenimiento,3,359560.24,119853.41,165287.36,45550.0,0.6667,3,1,1,1,1,0.0,0.0,1,0,2014,3,359560.24,0.0,0.0,0,0,359560.24,0,desvirtuado
147,ZACM6901195EA,Limpieza,5,388962.69,77792.54,144728.72,44277.6,1.0,3,0,0,1,3,0.3333,0.0,1,0,1882,5,388962.69,0.0,0.0,0,0,388962.69,0,favorable
147,CEI1303058C0,Tecnologia,3,189426.03,63142.01,92991.39,32272.33,0.3333,3,1,1,1,1,0.0,0.0,1,0,1926,3,189426.03,0.0,0.0,0,0,189426.03,0,favorable
147,VIMF9811239D8,Limpieza,7,445004.41,63572.06,110275.59,32484.54,0.7143,3,0,0,1,4,0.0,0.0,1,0,1525,2,201435.67,0.7143,0.0,0,0,445004.41,0,presunto
147,GIT130517BS6,Mantenimiento,4,277919.14,69479.79,104322.28,31926.96,0.5,4,1,1,1,2,0.0,0.0,1,0,981,3,259336.06,0.25,0.0,0,0,277919.14,0,presunto
147,AOG200116C2H,Transporte,10,444250.21,44425.02,48496.32,2139.11,0.0,5,1,1,1,10,0.0,0.4,0,0,1735,8,354687.16,0.1,0.0,0,0,444250.21,0,no_listado
147,UKD120523PGU,Mantenimiento,1,9860.0,9860.0,9860.0,0.0,0.0,1,0,0,0,0,0.0,0.0,0,0,1080,1,9860.0,0.0,0.0,0,0,9860.0,0,no_listado
147,CTQ0001207VI,Seguridad,8,556800.0,69600.0,69600.0,0.0,0.0,6,1,1,0,0,0.0,0.0,0,0,1249,7,487200.0,0.0,0.0,0,0,556800.0,0,no_listado
147,XIQ2211210E7,Papeleria,4,61435.98,15358.99,17304.27,1362.1,0.0,4,1,1,0,0,0.0,0.0,0,0,2144,2,32337.08,0.5,0.0,0,0,61435.98,0,no_listado
147,DDI181116X4O,Consultoria,6,332967.54,55494.59,63511.53,5301.45,0.0,5,1,1,0,0,0.0,0.0,0,0,2216,6,332967.54,0.0,0.0,0,0,332967.54,0,no_listado
147,EDT0305216XA,Construccion,9,522767.38,58085.26,80804.93,15475.67,0.0,5,1,1,1,9,0.0,0.0,0,0,68,8,483552.54,0.1111,0.0,0,0,522767.38,0,no_listado
147,SIU0902057W1,Consultoria,5,163025.41,32605.08,44388.63,9297.3,0.0,4,1,1,0,0,0.0,0.0,1,0,2630,4,137569.63,0.2,0.0,0,0,163025.41,0,favorable
147,FTW150620AXL,Limpieza,8,42090.54,5261.32,6451.94,914.44,0.0,1,0,0,0,0,0.0,0.0,0,0,2406,8,42090.54,0.0,0.0,0,0,42090.54,0,no_listado
147,PGJ140303W2Z,Mantenimiento,6,39768.83,6628.14,7811.2,1009.36,0.6667,5,1,1,1,6,1.0,0.0,0,0,1594,6,39768.83,0.0,0.0,0,0,39768.83,0,no_listado
148,UMT200312BX9,Limpieza,4,240293.47,60073.37,88260.12,23545.05,0.25,3,0,0,1,2,0.0,0.0,0,0,1586,3,186176.7,0.25,0.0,0,0,240293.47,0,no_listado
148,FMC040215K71,Seguridad,4,219190.82,54797.71,115785.99,37528.37,0.5,3,1,1,1,4,0.0,0.0,0,0,2304,4,219190.82,0.0,0.0,0,0,219190.82,0,no_listado
148,ATG1606130RI,Transporte,7,645177.11,92168.16,172795.65,49853.95,0.5714,3,0,0,1,6,0.1667,0.0,0,0,174,7,645177.11,0.0,0.0,0,0,645177.11,0,no_listado
148,COS030204LG7,Papeleria,3,286057.98,95352.66,111998.67,15497.05,0.3333,2,1,1,1,3,0.6667,0.0,0,0,1829,3,286057.98,0.0,0.0,0,0,286057.98,0,no_listado
148,ANF010714ZQX,Transporte,3,335525.46,111841.82,116595.34,3767.66,1.0,3,1,1,1,3,0.3333,0.0,0,0,123,1,111549.74,0.6667,0.0,0,0,335525.46,0,no_listado
148,UXN2404175AZ,Mantenimiento,9,761812.01,84645.78,165843.39,55731.75,0.5556,4,1,1,1,9,0.0,0.0,0,0,1211,9,761812.01,0.0,0.0,0,0,761812.01,0,no_listado
148,UGX140217T0Y,Tecnologia,7,402176.8,57453.83,162149.31,45441.12,0.5714,4,0,0,1,4,0.25,0.0,0,0,2464,6,340340.82,0.1429,0.0,0,0,402176.8,0,no_listado
148,SIX110505TVL,Seguridad,6,515315.16,85885.86,149714.52,47285.09,0.5,4,0,0,1,5,0.2,0.0,0,0,2191,5,472387.2,0.1667,0.0,0,0,515315.16,0,no_listado
148,JGP090820KQV,Seguridad,6,800144.77,133357.46,167252.38,27117.01,0.6667,5,0,0,1,3,0.0,0.0,0,0,1803,5,698047.49,0.1667,0.0,0,0,800144.77,0,no_listado
148,FNP220911LV3,Logistica,8,631573.26,78946.66,141032.48,38573.88,0.5,5,0,0,1,2,0.5,0.0,0,0,160,6,423101.22,0.25,0.0,0,0,631573.26,0,no_listado
148,ZAG0408072AR,Tecnologia,7,579959.55,82851.36,153199.91,49643.87,0.7143,5,1,1,1,7,0.1429,0.0,0,0,1912,7,579959.55,0.0,0.0,0,0,579959.55,0,no_listado
148,IJB060308PSA,Mantenimiento,8,530537.0,66317.12,152642.74,52863.76,0.5,5,0,0,1,4,0.0,0.0,0,0,1779,6,370699.87,0.25,0.0,0,0,530537.0,0,no_listado
148,AOCM950823J8A,Consultoria,7,510675.21,72953.6,114487.12,35657.11,0.7143,4,0,0,0,0,0.0,0.0,1,1,1711,7,510675.21,0.0,1.0,0,0,510675.21,1,definitivo
148,OUN140106G9W,Construccion,1,1603700.15,1603700.15,1603700.15,0.0,0.0,1,0,0,0,0,0.0,0.0,0,0,1922,1,1603700.15,0.0,0.0,0,0,1603700.15,1,no_listado
148,ZAX2004125UD,Tecnologia,12,572971.17,47747.6,49740.81,969.34,0.75,4,1,1,1,12,1.0,1.0,0,0,185,11,525126.03,0.0,1.0,0,0,572971.17,1,no_listado
148,VKY190608O53,Limpieza,4,567982.72,141995.68,173849.05,27030.77,0.5,2,0,0,1,4,1.0,0.0,0,0,2281,3,394133.67,0.25,0.0,0,0,567982.72,1,no_listado
148,ENE010405C38,Consultoria,6,355336.85,59222.81,153243.04,49241.48,0.8333,4,1,1,0,0,0.0,0.0,1,0,609,5,336006.7,0.1667,0.0,0,0,355336.85,0,desvirtuado
148,IEC011022QF7,Papeleria,4,353992.96,88498.24,170375.29,56023.16,0.75,2,0,0,1,3,0.3333,0.0,1,0,2105,3,334758.52,0.25,0.0,0,0,353992.96,0,desvirtuado
148,KAS1410062X9,Limpieza,4,377948.04,94487.01,170995.77,58349.89,0.5,3,1,1,1,3,0.0,0.0,1,0,2474,3,206952.27,0.25,0.0,0,0,377948.04,0,favorable
148,AIS9610302U1,Limpieza,5,417976.32,83595.26,151071.66,44061.74,0.6,4,1,1,1,2,0.0,0.0,1,0,200,4,398234.08,0.2,0.0,0,0,417976.32,0,favorable
148,CMA141229FD0,Tecnologia,6,483239.24,80539.87,136373.71,47439.92,1.0,3,0,0,1,3,0.3333,0.0,1,0,1149,3,215374.61,0.5,0.0,0,0,483239.24,0,presunto
148,CQR221116KB4,Construccion,4,403496.86,100874.21,153400.4,32273.11,0.5,3,1,1,1,1,1.0,0.0,1,0,1282,3,315376.51,0.25,0.0,0,0,403496.86,0,presunto
148,PXK050513ENS,Transporte,10,457258.41,45725.84,47904.45,1720.16,0.0,6,1,1,1,10,0.0,0.7,0,0,1725,10,457258.41,0.0,0.0,0,0,457258.41,0,no_listado
148,UNE130221U4Y,Mantenimiento,1,9860.0,9860.0,9860.0,0.0,0.0,1,0,0,0,0,0.0,0.0,0,0,1284,1,9860.0,0.0,0.0,0,0,9860.0,0,no_listado
148,QTI030404RFZ,Seguridad,8,556800.0,69600.0,69600.0,0.0,0.0,4,1,1,0,0,0.0,0.0,0,0,1249,8,556800.0,0.0,0.0,0,0,556800.0,0,no_listado
148,SDH21021755W,Papeleria,4,58302.0,14575.5,16484.84,1578.42,0.0,3,1,1,0,0,0.0,0.0,0,0,2135,4,58302.0,0.0,0.0,0,0,58302.0,0,no_listado
148,ADF201022WLB,Consultoria,6,331125.59,55187.6,62089.67,6197.93,0.0,4,1,1,0,0,0.0,0.0,0,0,2275,5,269035.92,0.0,0.0,0,0,331125.59,0,no_listado
148,YES1906085UO,Construccion,9,521342.18,57926.91,77677.0,14127.63,0.0,5,1,1,1,9,0.0,0.1111,0,0,24,7,422341.06,0.2222,0.0,0,0,521342.18,0,no_listado
148,SLG0812038I0,Consultoria,5,166970.59,33394.12,38540.55,3620.27,0.0,4,1,1,0,0,0.0,0.0,1,0,2586,5,166970.59,0.0,0.0,0,0,166970.59,0,favorable
148,AQF250521DWY,Limpieza,8,28505.82,3563.23,4385.68,732.91,0.0,1,0,0,0,0,0.0,0.0,0,0,2443,8,28505.82,0.0,0.0,0,0,28505.82,0,no_listado
148,YND0601104I4,Mantenimiento,6,47431.29,7905.22,9861.1,1646.25,0.3333,5,1,1,1,6,1.0,0.0,0,0,1600,4,32437.88,0.3333,0.0,0,0,47431.29,0,no_listado
149,LUS100201XIH,Tecnologia,8,276984.51,34623.06,103105.56,28297.79,0.75,6,0,0,1,5,0.0,0.0,0,0,234,8,276984.51,0.0,0.0,0,0,276984.51,0,no_listado
149,RNS070125208,Publicidad,8,596534.82,74566.85,171116.07,46153.41,0.375,5,1,1,1,8,0.125,0.0,0,0,990,6,368168.5,0.25,0.0,0,0,596534.82,0,no_listado
149,AYV2609155DH,Consultoria,3,245467.32,81822.44,169065.42,63452.8,0.6667,3,1,1,1,3,0.3333,0.0,0,0,1160,3,245467.32,0.0,0.0,0,0,245467.32,0,no_listado
149,BOO091117V1U,Logistica,3,193465.15,64488.38,156251.13,64886.08,0.0,2,0,0,0,0,0.0,0.0,0,0,1894,3,193465.15,0.0,0.0,0,0,193465.15,0,no_listado
149,BGD120302KWW,Transporte,4,302387.7,75596.93,114469.11,37244.32,0.75,3,1,1,1,4,0.0,0.25,0,0,2560,4,302387.7,0.0,0.0,0,0,302387.7,0,no_listado
149,NAN1301046SV,Mantenimiento,7,421764.34,60252.05,99375.53,30825.01,0.1429,5,1,1,1,7,0.1429,0.0,0,0,1096,7,421764.34,0.0,0.0,0,0,421764.34,0,no_listado
149,MLA260123OHF,Publicidad,3,182075.66,60691.89,84311.85,30231.53,0.3333,2,1,1,1,3,0.0,0.0,0,0,2342,3,182075.66,0.0,0.0,0,0,182075.66,0,no_listado
149,GIO030305CBF,Limpieza,6,518587.5,86431.25,135344.35,46107.0,0.6667,4,0,0,1,2,0.0,0.0,0,0,1114,4,298575.12,0.3333,0.0,0,0,518587.5,0,no_listado
149,PBN1602046IJ,Transporte,3,269927.53,89975.84,94290.07,3324.8,0.0,3,1,1,1,3,0.0,0.0,0,0,915,3,269927.53,0.0,0.0,0,0,269927.53,0,no_listado
149,NYW100514RXX,Mantenimiento,8,597867.09,74733.39,171397.24,60884.29,0.5,4,1,1,1,8,0.0,0.0,0,0,826,6,562572.58,0.0,0.0,0,0,597867.09,0,no_listado
149,WSU231009X13,Tecnologia,4,253742.83,63435.71,130783.17,44141.4,0.25,3,0,0,1,3,0.6667,0.0,0,0,1473,3,122959.66,0.25,0.0,0,0,253742.83,0,no_listado
149,EBR0712247YF,Construccion,3,157328.44,52442.81,102355.08,36235.57,0.6667,3,1,1,1,3,0.0,0.0,0,0,2301,2,119786.98,0.3333,0.0,0,0,157328.44,0,no_listado
149,MOOJ600815VA4,Consultoria,5,393437.09,78687.42,166103.18,68927.19,0.8,5,1,1,0,0,0.0,0.0,1,1,201,5,393437.09,0.0,1.0,0,0,393437.09,1,definitivo
149,RXJ220228Q3Z,Papeleria,1,1703283.2,1703283.2,1703283.2,0.0,1.0,1,0,0,0,0,0.0,0.0,0,0,1905,1,1703283.2,0.0,0.0,0,0,1703283.2,1,no_listado
149,ZSE171209T9X,Seguridad,10,484757.26,48475.73,49615.15,989.54,0.6,4,0,0,1,10,1.0,1.0,0,0,580,9,435142.11,0.0,1.0,0,0,484757.26,1,no_listado
149,TKR191106U41,Papeleria,5,418890.92,83778.18,138243.48,40498.09,0.8,3,0,0,1,5,1.0,0.0,0,0,255,5,418890.92,0.0,0.0,0,0,418890.92,1,no_listado
149,NNC121031D79,Publicidad,4,251094.53,62773.63,119870.73,45029.71,0.75,4,0,0,1,2,0.0,0.0,1,0,1798,4,251094.53,0.0,0.0,0,0,251094.53,0,desvirtuado
149,CDI120321K29,Seguridad,6,703783.46,117297.24,170413.54,42506.94,0.6667,4,1,1,1,1,0.0,1.0,1,0,1340,5,533369.92,0.1667,0.0,0,0,703783.46,0,desvirtuado
149,CDA130930FK1,Logistica,4,222836.85,55709.21,121332.97,42100.17,0.5,2,0,0,1,1,0.0,0.0,1,0,2293,4,222836.85,0.0,0.0,0,0,222836.85,0,favorable
149,HES150213KL0,Transporte,6,566935.57,94489.26,153194.16,51750.55,0.8333,5,1,1,1,5,0.2,0.0,1,0,2386,4,290342.88,0.3333,0.0,0,0,566935.57,0,favorable
149,BAHZ800828422,Logistica,5,446791.1,89358.22,163410.26,56571.15,0.6,4,0,0,1,3,0.0,0.0,1,0,1084,2,181440.35,0.6,0.0,0,0,446791.1,0,presunto
149,BAS1907085K9,Mantenimiento,7,636617.89,90945.41,169716.99,59902.69,0.5714,5,0,0,1,5,0.2,0.0,1,0,1623,3,200780.02,0.5714,0.0,0,0,636617.89,0,presunto
149,KBJ000903L6Q,Transporte,10,442010.83,44201.08,48348.12,2674.45,0.0,6,1,1,1,10,0.0,0.4,0,0,1751,9,400039.69,0.0,0.0,0,0,442010.83,0,no_listado
149,XCS250225PYN,Mantenimiento,1,9860.0,9860.0,9860.0,0.0,0.0,1,0,0,0,0,0.0,0.0,0,0,1226,1,9860.0,0.0,0.0,0,0,9860.0,0,no_listado
149,TSC020517VXN,Seguridad,8,556800.0,69600.0,69600.0,0.0,0.0,5,1,1,0,0,0.0,0.0,0,0,1249,7,487200.0,0.0,0.0,0,0,556800.0,0,no_listado
149,NAZ110210GFM,Papeleria,4,56815.07,14203.77,17034.4,1751.92,0.0,4,1,1,0,0,0.0,0.0,0,0,2210,4,56815.07,0.0,0.0,0,0,56815.07,0,no_listado
149,IPX201004OX8,Consultoria,6,309569.01,51594.83,60516.7,7163.62,0.0,3,1,1,0,0,0.0,0.0,0,0,2195,5,266304.69,0.1667,0.0,0,0,309569.01,0,no_listado
149,QXY050627BUF,Construccion,9,588630.36,65403.37,80339.77,12758.01,0.0,6,1,1,1,9,0.0,0.0,0,0,43,8,516556.36,0.1111,0.0,0,0,588630.36,0,no_listado
149,OPA130718199,Consultoria,5,172791.66,34558.33,43404.15,7043.26,0.0,4,1,1,0,0,0.0,0.0,1,0,2668,4,143483.1,0.2,0.0,0,0,172791.66,0,favorable
149,DKP190207WHZ,Limpieza,8,37071.66,4633.96,6760.63,1511.61,0.0,1,0,0,0,0,0.0,0.0,0,0,2419,8,37071.66,0.0,0.0,0,0,37071.66,0,no_listado
149,CAS080711MCT,Mantenimiento,6,47592.1,7932.02,9468.52,1382.27,0.3333,4,1,1,1,6,1.0,0.0,0,0,1586,5,39054.73,0.1667,0.0,0,0,47592.1,0,no_listado
150,YAB200214O0F,Limpieza,3,288537.16,96179.05,144779.24,36817.02,0.3333,3,0,0,1,2,0.5,0.0,0,0,386,3,288537.16,0.0,0.0,0,0,288537.16,0,no_listado
150,QXA051110YXA,Limpieza,6,525066.8,87511.13,156115.7,44832.9,0.6667,5,1,1,1,6,0.0,0.1667,0,0,2314,4,393991.94,0.3333,0.0,0,0,525066.8,0,no_listado
150,ONN090210KI2,Publicidad,5,370451.68,74090.34,147781.29,44325.68,0.4,4,1,1,1,5,0.2,0.0,0,0,2246,4,302718.0,0.2,0.0,0,0,370451.68,0,no_listado
150,GND150401NQN,Logistica,3,175451.69,58483.9,138083.47,56288.97,0.3333,3,0,0,1,1,0.0,0.0,0,0,960,3,175451.69,0.0,0.0,0,0,175451.69,0,no_listado
150,SKO1707170XU,Construccion,4,400395.76,100098.94,147469.26,49108.79,0.75,3,1,1,1,4,0.25,0.0,0,0,600,4,400395.76,0.0,0.0,0,0,400395.76,0,no_listado
150,OGO0307120I9,Logistica,6,553282.09,92213.68,149417.05,54951.24,0.5,3,0,0,0,0,0.0,0.0,0,0,709,6,553282.09,0.0,0.0,0,0,553282.09,0,no_listado
150,HYG021017WRE,Mantenimiento,9,560216.09,62246.23,161910.56,52613.74,0.6667,6,0,0,1,3,0.0,0.0,0,0,106,9,560216.09,0.0,0.0,0,0,560216.09,0,no_listado
150,NAL0604067AT,Seguridad,8,580912.39,72614.05,163124.74,50368.83,0.5,5,0,0,1,3,0.6667,0.0,0,0,1061,6,341331.98,0.25,0.0,0,0,580912.39,0,no_listado
150,INC180818TII,Publicidad,5,333846.08,66769.22,171980.78,56073.78,0.2,3,0,0,1,2,0.0,0.0,0,0,2169,5,333846.08,0.0,0.0,0,0,333846.08,0,no_listado
150,SLA010919SVY,Logistica,8,663165.8,82895.73,148293.91,44528.25,0.375,5,0,0,1,5,0.0,0.2,0,0,272,7,616344.19,0.125,0.0,0,0,663165.8,0,no_listado
150,AKP180406YR3,Papeleria,5,408568.56,81713.71,130820.1,43075.72,0.6,4,1,1,1,5,0.0,0.0,0,0,1939,5,408568.56,0.0,0.0,0,0,408568.56,0,no_listado
150,VXK040504UJH,Papeleria,4,119733.97,29933.49,65132.0,20327.32,0.5,4,1,1,1,4,0.0,0.0,0,0,2297,3,102302.07,0.25,0.0,0,0,119733.97,0,no_listado
150,BARF720124888,Consultoria,5,392839.74,78567.95,134929.87,34994.88,0.2,3,0,0,0,0,0.0,0.0,1,1,123,4,334652.01,0.2,1.0,0,0,392839.74,1,definitivo
150,QZY2011122V4,Consultoria,1,1485833.26,1485833.26,1485833.26,0.0,0.0,1,1,1,0,0,0.0,0.0,0,0,894,1,1485833.26,0.0,0.0,0,0,1485833.26,1,no_listado
150,OZF250405BD0,Seguridad,10,483808.95,48380.9,49715.41,831.86,0.7,5,1,1,1,10,1.0,1.0,0,0,320,9,434093.54,0.1,1.0,0,0,483808.95,1,no_listado
150,FMJ230516WMC,Papeleria,4,354328.73,88582.18,150166.95,51416.01,0.25,3,0,0,1,4,1.0,0.0,0,0,2436,3,204161.78,0.25,0.0,0,0,354328.73,1,no_listado
150,TEN110922BV8,Papeleria,6,176903.92,29483.99,51267.66,12275.76,0.6667,4,0,0,1,3,0.0,0.0,1,0,157,5,157294.62,0.1667,0.0,0,0,176903.92,0,desvirtuado
150,QES150112V73,Construccion,5,613849.9,122769.98,153861.16,35790.12,0.4,2,1,1,1,3,0.3333,0.0,1,0,668,4,459988.74,0.2,0.0,0,0,613849.9,0,desvirtuado
150,CLE1410216E7,Papeleria,7,667543.32,95363.33,151787.33,42350.84,0.4286,4,1,1,1,2,0.0,0.0,1,0,1148,6,515755.99,0.1429,0.0,0,0,667543.32,0,favorable
150,ACA120505CX0,Limpieza,6,428994.17,71499.03,148514.96,47058.28,0.1667,3,1,1,1,5,0.0,0.0,1,0,2155,5,351134.78,0.1667,0.0,0,0,428994.17,0,favorable
150,LEX121105DL9,Papeleria,7,408225.62,58317.95,154251.86,48112.15,0.4286,5,1,1,1,6,0.0,0.0,1,0,999,5,236475.39,0.2857,0.0,0,0,408225.62,0,presunto
150,LAN190814B68,Mantenimiento,6,283306.07,47217.68,143641.36,45924.73,0.5,5,0,0,1,4,0.0,0.0,1,0,713,3,101645.14,0.3333,0.0,0,0,283306.07,0,presunto
150,VWA0702228CN,Transporte,10,448857.41,44885.74,48702.07,2269.6,0.0,5,1,1,1,10,0.0,0.6,0,0,1728,9,405880.08,0.1,0.0,0,0,448857.41,0,no_listado
150,DZV140927QJP,Mantenimiento,1,9860.0,9860.0,9860.0,0.0,0.0,1,0,0,0,0,0.0,0.0,0,0,1186,1,9860.0,0.0,0.0,0,0,9860.0,0,no_listado
150,CCN00031981V,Seguridad,8,556800.0,69600.0,69600.0,0.0,0.0,4,1,1,0,0,0.0,0.0,0,0,1249,8,556800.0,0.0,0.0,0,0,556800.0,0,no_listado
150,UCO110914SN3,Papeleria,4,60656.77,15164.19,17158.56,1926.76,0.0,3,1,1,0,0,0.0,0.0,0,0,2205,4,60656.77,0.0,0.0,0,0,60656.77,0,no_listado
150,ZGM2102197AP,Consultoria,6,349705.46,58284.24,63454.32,3496.66,0.0,4,1,1,0,0,0.0,0.0,0,0,2250,6,349705.46,0.0,0.0,0,0,349705.46,0,no_listado
150,COE0303038SM,Construccion,9,490345.91,54482.88,75281.54,14822.41,0.0,5,1,1,1,9,0.0,0.1111,0,0,73,8,423142.96,0.0,0.0,0,0,490345.91,0,no_listado
150,AACG511129DS8,Consultoria,5,177319.8,35463.96,42852.71,4934.52,0.0,3,1,1,0,0,0.0,0.0,1,0,2621,5,177319.8,0.0,0.0,0,0,177319.8,0,favorable
150,MEX0204269W2,Limpieza,8,39810.14,4976.27,6906.61,1518.74,0.0,1,0,0,0,0,0.0,0.0,0,0,2430,8,39810.14,0.0,0.0,0,0,39810.14,0,no_listado
150,XRJ2404128MI,Mantenimiento,6,51201.54,8533.59,9912.77,1275.61,0.8333,4,1,1,1,6,1.0,0.0,0,0,1609,6,51201.54,0.0,0.0,0,0,51201.54,0,no_listado
151,IKE060126O72,Seguridad,9,909436.47,101048.5,170413.54,53015.65,0.5556,4,0,0,1,5,0.0,0.0,0,0,2346,9,909436.47,0.0,0.0,0,0,909436.47,0,no_listado
151,XUV141019O2G,Logistica,3,234327.05,78109.02,106949.9,22052.16,0.6667,3,1,1,1,3,0.3333,0.0,0,0,1116,2,127377.15,0.3333,0.0,0,0,234327.05,0,no_listado
151,GOQ120221WU3,Papeleria,9,417254.62,46361.62,116595.34,37400.54,0.6667,6,1,1,1,9,0.0,0.0,0,0,1594,5,275751.58,0.4444,0.0,0,1,417254.62,0,no_listado
151,GDF05051891Y,Consultoria,6,486516.54,81086.09,166026.09,49439.42,0.6667,4,0,0,1,2,0.0,0.0,0,0,532,3,118493.28,0.5,0.0,0,0,486516.54,0,no_listado
151,GXB080610Q8A,Papeleria,4,359099.11,89774.78,152299.86,47945.52,0.75,2,1,1,1,4,0.5,0.0,0,0,1585,4,359099.11,0.0,0.0,0,0,359099.11,0,no_listado
151,RMK0006267A6,Construccion,9,591344.04,65704.89,165460.8,51515.95,0.4444,6,1,1,1,9,0.1111,0.0,0,0,985,7,556089.41,0.1111,0.0,0,0,591344.04,0,no_listado
151,KKC151013OXO,Construccion,5,194524.77,38904.95,71819.06,24942.03,0.4,3,1,1,1,5,0.0,0.0,0,0,2488,5,194524.77,0.0,0.0,0,0,194524.77,0,no_listado
151,OOF000825P3N,Transporte,7,562291.53,80327.36,170347.07,62590.34,0.5714,5,0,0,1,1,0.0,0.0,0,0,1465,5,372909.42,0.2857,0.0,0,0,562291.53,0,no_listado
151,MAP250912D91,Seguridad,7,512274.89,73182.13,167904.27,55886.25,0.4286,4,1,1,1,7,0.0,0.0,0,0,2040,6,492596.46,0.1429,0.0,0,0,512274.89,0,no_listado
151,EVJ180308FUO,Publicidad,5,447005.0,89401.0,166248.31,59299.57,0.6,4,0,0,1,1,0.0,0.0,0,0,594,4,293261.55,0.2,0.0,0,0,447005.0,0,no_listado
151,YSS1603081UG,Papeleria,3,137069.58,45689.86,99160.18,37810.33,1.0,3,0,0,0,0,0.0,0.0,0,0,93,3,137069.58,0.0,0.0,0,0,137069.58,0,no_listado
151,ZJX070721QJ5,Mantenimiento,8,940000.53,117500.07,158465.71,43800.49,0.375,4,0,0,1,2,0.0,0.0,0,0,121,8,940000.53,0.0,0.0,0,0,940000.53,0,no_listado
151,DES150630JK9,Consultoria,6,489461.88,81576.98,168504.35,57864.61,0.3333,4,0,0,0,0,0.0,0.0,1,1,144,5,320957.53,0.1667,1.0,0,0,489461.88,1,definitivo
151,UGS170406S5K,Logistica,1,1103598.25,1103598.25,1103598.25,0.0,0.0,1,0,0,0,0,0.0,0.0,0,0,2458,1,1103598.25,0.0,0.0,0,0,1103598.25,1,no_listado
151,BBR100711NLT,Publicidad,11,531575.26,48325.02,49559.47,823.71,0.5455,5,0,0,1,11,1.0,1.0,0,0,2586,8,386359.79,0.0,1.0,0,0,531575.26,1,no_listado
151,NYM191012WKQ,Consultoria,4,269288.97,67322.24,109447.24,35909.99,0.5,3,1,1,1,4,1.0,0.25,0,0,375,4,269288.97,0.0,0.0,0,0,269288.97,1,no_listado
151,AMO150812KJ8,Papeleria,3,212018.46,70672.82,173472.47,72690.39,1.0,2,0,0,1,2,0.0,0.0,1,0,643,2,38545.99,0.3333,0.0,0,0,212018.46,0,desvirtuado
151,CVO0906297W6,Papeleria,4,352013.58,88003.39,173606.53,58254.8,0.5,4,1,1,1,1,0.0,0.0,1,0,1264,4,352013.58,0.0,0.0,0,0,352013.58,0,desvirtuado
151,FBU160628FTA,Mantenimiento,6,646373.23,107728.87,151787.33,42552.56,0.3333,4,1,1,1,3,0.0,0.0,1,0,194,6,646373.23,0.0,0.0,0,0,646373.23,0,favorable
151,ASO141215I19,Limpieza,3,266757.82,88919.27,114566.98,33226.76,0.3333,3,1,1,1,1,0.0,0.0,1,0,771,2,152190.84,0.3333,0.0,0,0,266757.82,0,favorable
151,MOHK870808GL5,Seguridad,3,153033.86,51011.29,108087.25,40445.35,0.6667,3,0,0,1,2,0.0,0.0,1,0,330,3,153033.86,0.0,0.0,0,0,153033.86,0,presunto
151,CKO181130V49,Limpieza,4,423449.74,105862.43,163918.17,53552.93,0.75,3,0,0,1,3,0.3333,0.0,1,0,2208,3,405132.52,0.25,0.0,0,0,423449.74,0,presunto
151,CAQ210308IYM,Transporte,10,454087.97,45408.8,48148.73,2406.65,0.0,5,1,1,1,10,0.0,0.6,0,0,1699,10,454087.97,0.0,0.0,0,0,454087.97,0,no_listado
151,HXA250122FEK,Mantenimiento,1,9860.0,9860.0,9860.0,0.0,0.0,1,0,0,0,0,0.0,0.0,0,0,1116,1,9860.0,0.0,0.0,0,0,9860.0,0,no_listado
151,DOY1605036E4,Seguridad,8,556800.0,69600.0,69600.0,0.0,0.0,5,1,1,0,0,0.0,0.0,0,0,1249,6,417600.0,0.0,0.0,0,0,556800.0,0,no_listado
151,MOO131017BI3,Papeleria,4,53807.05,13451.76,15438.44,1605.5,0.0,3,1,1,0,0,0.0,0.0,0,0,2183,4,53807.05,0.0,0.0,0,0,53807.05,0,no_listado
151,OHS021202ETH,Consultoria,6,275931.54,45988.59,51312.63,3410.35,0.0,5,1,1,0,0,0.0,0.0,0,0,2244,6,275931.54,0.0,0.0,0,0,275931.54,0,no_listado
151,QOY1502104PQ,Construccion,9,533614.48,59290.5,77624.13,15438.92,0.0,5,1,1,1,9,0.0,0.2222,0,0,147,7,394186.1,0.2222,0.0,0,0,533614.48,0,no_listado
151,EMS050427V82,Consultoria,5,149776.67,29955.33,35523.57,3576.53,0.0,5,1,1,0,0,0.0,0.0,1,0,2602,4,118411.0,0.2,0.0,0,0,149776.67,0,desvirtuado
151,TWG150614341,Limpieza,8,35675.14,4459.39,6752.42,1166.64,0.0,1,0,0,0,0,0.0,0.0,0,0,2467,8,35675.14,0.0,0.0,0,0,35675.14,0,no_listado
151,SLU0501179RQ,Mantenimiento,6,36204.01,6034.0,6664.93,531.79,0.3333,4,1,1,1,6,1.0,0.0,0,0,1594,5,29893.37,0.1667,0.0,0,0,36204.01,0,no_listado
152,WOB070907VY5,Mantenimiento,4,116891.32,29222.83,61479.72,18645.72,0.75,3,1,1,1,4,0.0,0.0,0,0,2139,4,116891.32,0.0,0.0,0,0,116891.32,0,no_listado
152,QYS121203SAP,Limpieza,6,338250.64,56375.11,138124.19,40245.66,0.6667,5,1,1,1,6,0.3333,0.0,0,0,2518,6,338250.64,0.0,0.0,0,0,338250.64,0,no_listado
152,EOL07010963J,Publicidad,6,272733.33,45455.56,114452.22,33982.94,0.5,3,1,1,1,6,0.0,0.1667,0,0,1221,6,272733.33,0.0,0.0,0,1,272733.33,0,no_listado
152,PJI040906HX6,Papeleria,9,818110.94,90901.22,170152.59,62750.82,0.4444,5,1,1,1,9,0.0,0.1111,0,0,1755,5,462241.79,0.3333,0.0,0,0,818110.94,0,no_listado
152,NQC100913L4N,Seguridad,6,447482.85,74580.47,135346.6,33884.18,0.5,4,1,1,1,6,0.0,0.0,0,0,1526,4,292479.09,0.3333,0.0,0,0,447482.85,0,no_listado
152,MIZ101022BGI,Logistica,3,181927.42,60642.47,111902.89,38649.2,0.3333,2,1,1,1,3,0.3333,0.0,0,0,1180,3,181927.42,0.0,0.0,0,0,181927.42,0,no_listado
152,HWW111021OIK,Publicidad,7,511374.76,73053.54,145630.95,47084.15,0.7143,4,1,1,1,7,0.0,0.0,0,0,1530,7,511374.76,0.0,0.0,0,0,511374.76,0,no_listado
152,IHF120326PO9,Transporte,7,285945.73,40849.39,109794.61,31832.33,0.7143,4,0,0,1,1,0.0,0.0,0,0,679,7,285945.73,0.0,0.0,0,0,285945.73,0,no_listado
152,TMX181013PP9,Tecnologia,3,175941.09,58647.03,100235.74,33669.38,0.0,3,0,0,1,1,0.0,0.0,0,0,166,3,175941.09,0.0,0.0,0,0,175941.09,0,no_listado
152,BBG03110109R,Mantenimiento,8,491211.65,61401.46,154248.15,43825.91,0.25,4,1,1,1,8,0.125,0.0,0,0,1032,4,211899.39,0.5,0.0,0,0,491211.65,0,no_listado
152,XKW100922QFV,Tecnologia,3,335593.33,111864.44,165512.49,66542.45,0.0,2,1,1,1,3,0.0,0.0,0,0,2046,3,335593.33,0.0,0.0,0,0,335593.33,0,no_listado
152,WOO0409275FF,Limpieza,8,591446.7,73930.84,165843.39,40812.24,0.625,5,0,0,1,4,0.0,0.25,0,0,2325,7,496035.02,0.125,0.0,0,0,591446.7,0,no_listado
152,IMC0509289I7,Consultoria,6,397605.21,66267.53,108037.85,25974.92,0.3333,3,0,0,0,0,0.0,0.0,1,1,71,6,397605.21,0.0,1.0,0,0,397605.21,1,definitivo
152,DDH210904Q22,Seguridad,1,1096560.92,1096560.92,1096560.92,0.0,0.0,1,1,1,0,0,0.0,0.0,0,0,1802,1,1096560.92,0.0,0.0,0,0,1096560.92,1,no_listado
152,AEG071002KGC,Seguridad,10,488257.21,48825.72,49557.23,652.9,0.4,4,0,0,1,10,1.0,1.0,0,0,152,9,440659.17,0.1,1.0,0,0,488257.21,1,no_listado
152,GKF160828HYH,Logistica,5,349110.77,69822.15,148964.0,46548.84,0.2,3,0,0,1,5,1.0,0.2,0,0,246,4,331540.62,0.2,0.0,0,0,349110.77,1,no_listado
152,VMP1909054C4,Transporte,3,237848.09,79282.7,86696.76,5452.3,0.0,3,1,1,1,1,0.0,0.0,1,0,1257,2,151151.33,0.3333,0.0,0,0,237848.09,0,desvirtuado
152,CAGV651208P57,Mantenimiento,6,345055.63,57509.27,113509.17,37028.3,0.3333,3,1,1,1,4,0.0,0.25,1,0,1254,6,345055.63,0.0,0.0,0,0,345055.63,0,desvirtuado
152,SDE160901PH3,Limpieza,6,332228.88,55371.48,148293.91,48236.91,0.3333,4,1,1,1,4,0.0,0.0,1,0,206,6,332228.88,0.0,0.0,0,0,332228.88,0,favorable
152,NGC101118PI6,Transporte,7,416260.83,59465.83,170413.54,55571.9,0.5714,4,1,1,1,3,0.3333,0.0,1,0,1173,4,273139.08,0.2857,0.0,0,0,416260.83,0,favorable
152,PEME9008023G1,Publicidad,3,82096.7,27365.57,45334.66,12717.28,1.0,3,1,1,1,2,0.5,0.0,1,0,2293,2,63061.66,0.3333,0.0,0,0,82096.7,0,presunto
152,GEA191127QQ5,Logistica,4,281374.45,70343.61,118267.7,37684.53,1.0,4,0,0,1,1,0.0,0.0,1,0,282,3,256349.94,0.25,0.0,0,0,281374.45,0,presunto
152,DFG040615NBO,Transporte,10,458484.24,45848.42,48407.09,1396.15,0.0,4,1,1,1,10,0.0,0.7,0,0,1707,8,367484.55,0.1,0.0,0,0,458484.24,0,no_listado
152,SOK241115LBP,Mantenimiento,1,9860.0,9860.0,9860.0,0.0,0.0,1,0,0,0,0,0.0,0.0,0,0,1124,1,9860.0,0.0,0.0,0,1,9860.0,0,no_listado
152,ECO231108DUW,Seguridad,8,556800.0,69600.0,69600.0,0.0,0.0,5,1,1,0,0,0.0,0.0,0,0,1249,8,556800.0,0.0,0.0,0,0,556800.0,0,no_listado
152,BMK230113G1L,Papeleria,4,57641.84,14410.46,17356.47,2550.8,0.0,3,1,1,0,0,0.0,0.0,0,0,2132,4,57641.84,0.0,0.0,0,0,57641.84,0,no_listado
152,CDA100408P44,Consultoria,6,309839.63,51639.94,62388.89,6660.64,0.0,4,1,1,0,0,0.0,0.0,0,0,2248,5,252115.99,0.1667,0.0,0,0,309839.63,0,no_listado
152,FPA030908ZHY,Construccion,9,581836.4,64648.49,77386.71,8428.34,0.0,4,1,1,1,9,0.0,0.0,0,0,65,7,473944.08,0.2222,0.0,0,0,581836.4,0,no_listado
152,AMO150407LI5,Consultoria,5,166891.44,33378.29,41987.02,6208.6,0.0,3,1,1,0,0,0.0,0.0,1,0,2691,4,128979.68,0.2,0.0,0,0,166891.44,0,favorable
152,SML100908E0O,Limpieza,8,39674.74,4959.34,6449.46,1501.54,0.0,1,0,0,0,0,0.0,0.0,0,0,2414,8,39674.74,0.0,0.0,0,0,39674.74,0,no_listado
152,QYJ2303063KV,Mantenimiento,6,39326.53,6554.42,8578.34,1179.32,0.3333,5,1,1,1,6,1.0,0.0,0,0,1685,6,39326.53,0.0,0.0,0,0,39326.53,0,no_listado
153,ILX200709DKG,Limpieza,6,484215.38,80702.56,161916.56,55668.89,0.5,4,0,0,1,1,0.0,1.0,0,0,254,6,484215.38,0.0,0.0,0,0,484215.38,0,no_listado
153,XZX220620V4I,Construccion,9,516195.75,57355.08,163525.93,47311.73,0.2222,5,0,0,1,8,0.0,0.0,0,0,214,9,516195.75,0.0,0.0,0,0,516195.75,0,no_listado
153,LMZ210514L9N,Publicidad,3,387634.7,129211.57,170906.43,36342.27,0.6667,3,0,0,1,2,0.0,0.0,0,0,1647,3,387634.7,0.0,0.0,0,0,387634.7,0,no_listado
153,DFX241219Y5O,Construccion,7,560991.52,80141.65,149035.71,44132.4,0.4286,4,1,1,1,7,0.0,0.0,0,0,103,5,285368.06,0.2857,0.0,0,0,560991.52,0,no_listado
153,YVR001202M32,Seguridad,9,774946.88,86105.21,155096.32,47958.58,0.3333,4,0,0,1,2,0.0,0.0,0,0,2340,8,696792.37,0.0,0.0,0,0,774946.88,0,no_listado
153,ZVV0109085TI,Consultoria,6,268657.08,44776.18,77224.01,26119.12,0.3333,3,1,1,1,6,0.1667,0.0,0,0,181,6,268657.08,0.0,0.0,0,0,268657.08,0,no_listado
153,VNN111004JJD,Seguridad,7,484941.64,69277.38,142844.33,39572.84,0.5714,4,1,1,1,7,0.0,0.0,0,0,107,6,411200.42,0.1429,0.0,0,0,484941.64,0,no_listado
153,VEW260405G7R,Limpieza,8,444931.28,55616.41,157751.42,47762.73,0.375,5,1,1,1,8,0.0,0.0,0,0,925,8,444931.28,0.0,0.0,0,0,444931.28,0,no_listado
153,BRR1509039RX,Tecnologia,7,454236.73,64890.96,140126.68,45006.97,0.8571,4,0,0,1,2,0.0,0.0,0,0,2150,6,436262.47,0.1429,0.0,0,0,454236.73,0,no_listado
153,FRY0111164WL,Papeleria,9,570557.61,63395.29,138709.3,36635.3,0.4444,5,1,1,1,9,0.0,0.0,0,0,2427,7,489615.72,0.2222,0.0,0,0,570557.61,0,no_listado
153,QCG090617X36,Consultoria,7,684749.67,97821.38,148653.71,43566.9,0.4286,3,0,0,1,5,0.0,0.0,0,0,1225,5,527989.9,0.1429,0.0,0,0,684749.67,0,no_listado
153,NCH240701RM9,Transporte,4,230407.94,57601.98,132543.68,46712.43,0.25,2,1,1,1,4,0.0,0.0,0,0,2469,4,230407.94,0.0,0.0,0,0,230407.94,0,no_listado
153,AEL150817SM6,Consultoria,5,348335.52,69667.1,122809.03,34835.51,0.4,4,0,0,0,0,0.0,0.0,1,1,113,5,348335.52,0.0,1.0,0,0,348335.52,1,definitivo
153,HXN081213HG9,Construccion,1,1149315.98,1149315.98,1149315.98,0.0,1.0,1,0,0,0,0,0.0,0.0,0,0,1260,1,1149315.98,0.0,0.0,0,0,1149315.98,1,no_listado
153,FJP210723GMW,Limpieza,12,581184.27,48432.02,49667.31,1092.02,0.5,5,1,1,1,12,1.0,1.0,0,0,1935,12,581184.27,0.0,1.0,0,0,581184.27,1,no_listado
153,WBB010115LOC,Seguridad,4,258041.02,64510.25,173641.37,63949.03,0.25,3,1,1,1,4,1.0,0.25,0,0,279,3,238157.88,0.25,0.0,0,0,258041.02,1,no_listado
153,CDA171101V50,Tecnologia,4,205242.18,51310.54,111902.89,38631.32,0.75,3,0,0,1,3,0.0,0.0,1,0,1524,1,111902.89,0.75,0.0,0,0,205242.18,0,desvirtuado
153,SAL1111304V6,Tecnologia,3,243740.13,81246.71,133015.78,43574.54,1.0,3,0,0,0,0,0.0,0.0,1,0,1919,3,243740.13,0.0,0.0,0,0,243740.13,0,desvirtuado
153,AAR150428A59,Construccion,3,143639.86,47879.95,79590.2,23567.0,0.3333,3,0,0,1,2,0.5,0.0,1,0,200,1,79590.2,0.6667,0.0,0,0,143639.86,0,favorable
153,CAD150731888,Seguridad,7,691555.14,98793.59,158424.19,41986.88,0.2857,5,1,1,1,4,0.0,0.0,1,0,1299,6,615599.29,0.1429,0.0,0,0,691555.14,0,favorable
153,DCB1211286U6,Tecnologia,3,154376.0,51458.67,115282.35,45130.88,0.0,3,0,0,1,2,0.0,0.0,1,0,278,3,154376.0,0.0,0.0,0,0,154376.0,0,presunto
153,SCL170629BB2,Construccion,6,636173.31,106028.89,169049.27,44225.59,0.5,4,1,1,1,4,0.25,0.0,1,0,190,3,340854.63,0.5,0.0,0,0,636173.31,0,presunto
153,JBC131010MVL,Transporte,10,443032.86,44303.29,48161.92,2488.02,0.0,6,1,1,1,10,0.0,0.5,0,0,1755,9,401525.59,0.1,0.0,0,0,443032.86,0,no_listado
153,XWR260909KLY,Mantenimiento,1,9860.0,9860.0,9860.0,0.0,0.0,1,0,0,0,0,0.0,0.0,0,0,1261,1,9860.0,0.0,0.0,0,0,9860.0,0,no_listado
153,EKT2202070XT,Seguridad,8,556800.0,69600.0,69600.0,0.0,0.0,3,1,1,0,0,0.0,0.0,0,0,1249,6,417600.0,0.0,0.0,0,0,556800.0,0,no_listado
153,RUX120122MK8,Papeleria,4,58155.42,14538.86,16828.11,2053.16,0.0,3,1,1,0,0,0.0,0.0,0,0,2134,4,58155.42,0.0,0.0,0,0,58155.42,0,no_listado
153,OUG1912215TD,Consultoria,6,305423.31,50903.89,58704.72,5621.66,0.0,4,1,1,0,0,0.0,0.0,0,0,2262,6,305423.31,0.0,0.0,0,0,305423.31,0,no_listado
153,IEW250901LVU,Construccion,9,579168.74,64352.08,78240.16,13287.51,0.0,6,1,1,1,9,0.0,0.0,0,0,37,9,579168.74,0.0,0.0,0,0,579168.74,0,no_listado
153,OEC1205076R9,Consultoria,5,186798.8,37359.76,44883.53,6518.64,0.0,3,1,1,0,0,0.0,0.0,1,0,2650,4,142748.84,0.2,0.0,0,0,186798.8,0,favorable
153,DTI211221TG1,Limpieza,8,34154.93,4269.37,6536.32,1154.94,0.0,1,0,0,0,0,0.0,0.0,0,0,2425,8,34154.93,0.0,0.0,0,0,34154.93,0,no_listado
153,TBP100328XI8,Mantenimiento,6,49301.04,8216.84,9692.9,1044.85,0.6667,3,1,1,1,6,1.0,0.0,0,0,1604,5,42739.47,0.1667,0.0,0,0,49301.04,0,no_listado
154,XNL00030250J,Mantenimiento,9,775798.55,86199.84,161401.11,45657.7,0.3333,5,1,1,1,9,0.2222,0.1111,0,0,2070,7,602934.86,0.2222,0.0,0,0,775798.55,0,no_listado
154,RAL121018L28,Limpieza,4,278112.66,69528.17,128811.63,50468.52,0.5,3,1,1,1,4,0.0,0.0,0,0,1233,3,258556.53,0.0,0.0,0,0,278112.66,0,no_listado
154,CEV050921G6W,Tecnologia,6,428369.23,71394.87,155222.28,49428.43,0.6667,5,1,1,1,6,0.0,0.0,0,0,485,5,360810.11,0.1667,0.0,0,0,428369.23,0,no_listado
154,MEB041219V82,Logistica,3,236131.08,78710.36,108984.31,28960.11,0.3333,2,1,1,1,3,0.0,0.0,0,0,1642,3,236131.08,0.0,0.0,0,0,236131.08,0,no_listado
154,HFT160605HLY,Transporte,9,378039.31,42004.37,123652.43,38209.71,0.3333,5,0,0,1,4,0.0,0.0,0,0,2479,9,378039.31,0.0,0.0,0,0,378039.31,0,no_listado
154,MYA030804DI9,Logistica,8,471477.37,58934.67,128197.49,39623.12,0.375,5,0,0,1,6,0.1667,0.1667,0,0,1239,7,389675.25,0.125,0.0,0,0,471477.37,0,no_listado
154,ENE070914UCH,Mantenimiento,9,642974.48,71441.61,172819.85,54814.29,0.6667,5,0,0,1,6,0.0,0.1667,0,0,1759,6,561291.42,0.3333,0.0,0,0,642974.48,0,no_listado
154,LRY190905JYX,Limpieza,6,596203.35,99367.23,150985.48,45504.01,0.3333,4,1,1,1,6,0.1667,0.0,0,0,114,5,524821.97,0.1667,0.0,0,0,596203.35,0,no_listado
154,JWY171113B26,Consultoria,8,252871.48,31608.93,62242.75,18045.32,0.5,5,0,0,1,3,0.3333,0.0,0,0,1694,6,172088.18,0.25,0.0,0,0,252871.48,0,no_listado
154,HKK190514UPT,Transporte,8,641456.81,80182.1,159397.42,55005.98,0.375,6,1,1,1,8,0.0,0.0,0,0,191,8,641456.81,0.0,0.0,0,0,641456.81,0,no_listado
154,FHY100426M51,Consultoria,9,577279.61,64142.18,114002.91,41379.28,0.4444,5,1,1,1,9,0.0,0.0,0,0,575,8,463276.7,0.1111,0.0,0,0,577279.61,0,no_listado
154,XRS16102247B,Construccion,7,377873.03,53981.86,134692.47,40529.05,0.4286,3,1,1,1,7,0.1429,0.0,0,0,2452,6,318096.93,0.1429,0.0,0,0,377873.03,0,no_listado
154,VCB1507314G4,Consultoria,7,249321.94,35617.42,109024.55,30543.86,0.4286,5,1,1,0,0,0.0,0.0,1,1,208,6,140297.39,0.1429,1.0,0,0,249321.94,1,definitivo
154,CFD090821RD8,Publicidad,1,1409216.67,1409216.67,1409216.67,0.0,1.0,1,0,0,0,0,0.0,0.0,0,0,308,1,1409216.67,0.0,0.0,0,0,1409216.67,1,no_listado
154,QAX121014P4O,Consultoria,14,673492.13,48106.58,49567.6,1006.4,0.5,6,0,0,1,14,1.0,1.0,0,0,2025,12,579159.44,0.0,1.0,0,0,673492.13,1,no_listado
154,YNS19112064E,Consultoria,6,522696.02,87116.0,161783.69,49593.88,0.3333,4,1,1,1,6,1.0,0.0,0,0,211,6,522696.02,0.0,0.0,0,0,522696.02,1,no_listado
154,TMM150309UF0,Construccion,7,614486.4,87783.77,171787.65,62023.54,0.4286,4,1,1,1,5,0.2,0.0,1,0,250,6,442698.75,0.1429,0.0,0,0,614486.4,0,desvirtuado
154,HAZ0712031N7,Seguridad,6,352458.42,58743.07,105877.93,37093.86,0.6667,3,1,1,1,2,0.0,0.0,1,0,212,4,229116.68,0.3333,0.0,0,0,352458.42,0,desvirtuado
154,OPE101004FW3,Seguridad,5,417502.63,83500.53,171078.19,52883.3,0.8,5,0,0,1,1,0.0,0.0,1,0,97,5,417502.63,0.0,0.0,0,0,417502.63,0,favorable
154,SCI130129MY2,Consultoria,3,186863.54,62287.85,108581.38,36403.31,0.3333,3,1,1,0,0,0.0,0.0,1,0,1279,2,78282.16,0.3333,0.0,0,0,186863.54,0,favorable
154,HME090514LE6,Mantenimiento,3,355902.58,118634.19,170097.02,70371.57,0.3333,3,1,1,1,1,0.0,0.0,1,0,1087,3,355902.58,0.0,0.0,0,0,355902.58,0,presunto
154,ACJ160118CG9,Consultoria,5,548353.9,109670.78,153765.33,40429.98,0.2,3,0,0,1,3,0.0,0.0,1,0,1368,1,109360.28,0.8,0.0,0,0,548353.9,0,presunto
154,EFZ2510192MI,Transporte,10,454232.25,45423.22,48651.97,2527.14,0.0,4,1,1,1,10,0.0,0.6,0,0,1713,10,454232.25,0.0,0.0,0,0,454232.25,0,no_listado
154,RAW231108OQ1,Mantenimiento,1,9860.0,9860.0,9860.0,0.0,0.0,1,0,0,0,0,0.0,0.0,0,0,1065,1,9860.0,0.0,0.0,0,0,9860.0,0,no_listado
154,ODN160215IUF,Seguridad,8,556800.0,69600.0,69600.0,0.0,0.0,5,1,1,0,0,0.0,0.0,0,0,1249,8,556800.0,0.0,0.0,0,0,556800.0,0,no_listado
154,QSF240323DJQ,Papeleria,4,49984.43,12496.11,17028.88,2637.56,0.0,3,1,1,0,0,0.0,0.0,0,0,2158,4,49984.43,0.0,0.0,0,0,49984.43,0,no_listado
154,VVF1509064L7,Consultoria,6,283475.27,47245.88,57993.83,5461.01,0.0,6,1,1,0,0,0.0,0.0,0,0,2218,4,182258.83,0.1667,0.0,0,0,283475.27,0,no_listado
154,KJE240920E6B,Construccion,9,522598.19,58066.47,75322.87,10298.83,0.0,5,1,1,1,9,0.0,0.1111,0,0,103,7,401386.1,0.1111,0.0,0,0,522598.19,0,no_listado
154,MTE090129T44,Consultoria,5,181667.19,36333.44,43982.06,6238.76,0.0,3,1,1,0,0,0.0,0.0,1,0,2576,4,149198.81,0.2,0.0,0,0,181667.19,0,favorable
154,PBP100218Y1P,Limpieza,8,34953.88,4369.23,6195.18,1291.71,0.0,1,0,0,0,0,0.0,0.0,0,0,2434,8,34953.88,0.0,0.0,0,0,34953.88,0,no_listado
154,DPW2212044I5,Mantenimiento,6,42266.3,7044.38,9445.49,1431.42,0.5,3,1,1,1,6,1.0,0.0,0,0,1585,5,36154.17,0.1667,0.0,0,0,42266.3,0,no_listado
155,LNK051011PTO,Tecnologia,5,568104.4,113620.88,158282.92,50346.18,0.2,4,1,1,1,5,0.0,0.0,0,0,884,3,422762.41,0.4,0.0,0,0,568104.4,0,no_listado
155,DBU120808KL2,Publicidad,7,467233.13,66747.59,161283.91,47086.21,0.5714,6,1,1,1,7,0.0,0.1429,0,0,1000,5,346037.36,0.2857,0.0,0,0,467233.13,0,no_listado
155,CRS1307263EO,Papeleria,9,458392.92,50932.55,97093.83,25125.35,0.3333,4,1,1,1,9,0.0,0.2222,0,0,1763,8,409023.16,0.1111,0.0,0,0,458392.92,0,no_listado
155,ZTP160906U7O,Mantenimiento,9,769235.96,85470.66,155664.01,48602.04,0.7778,5,0,0,1,5,0.4,0.0,0,0,541,6,387779.49,0.3333,0.0,0,0,769235.96,0,no_listado
155,NCE150418NAU,Transporte,7,782563.12,111794.73,164821.73,34986.75,0.5714,5,1,1,1,7,0.0,0.1429,0,0,969,5,622483.52,0.2857,0.0,0,0,782563.12,0,no_listado
155,VHL0206230US,Seguridad,4,375927.18,93981.8,147067.97,36555.62,0.0,4,1,1,1,4,0.25,0.0,0,0,638,4,375927.18,0.0,0.0,0,0,375927.18,0,no_listado
155,XYW241002N1W,Publicidad,7,567902.85,81128.98,173686.29,64016.11,0.4286,5,0,0,1,3,0.0,0.0,0,0,151,6,482386.65,0.1429,0.0,0,0,567902.85,0,no_listado
155,PVO0504269S6,Publicidad,9,1112035.55,123559.51,167853.74,49407.91,0.4444,6,0,0,1,5,0.0,0.0,0,0,860,6,741764.26,0.3333,0.0,0,0,1112035.55,0,no_listado
155,ACQ211104FAX,Transporte,9,774274.0,86030.44,128811.63,35904.21,0.5556,6,0,0,1,8,0.25,0.0,0,0,1989,7,574594.1,0.2222,0.0,0,0,774274.0,0,no_listado
155,WIY250328B4Y,Construccion,7,546920.95,78131.56,128279.91,40410.19,0.7143,5,0,0,1,3,0.0,0.0,0,0,766,4,317474.2,0.4286,0.0,0,0,546920.95,0,no_listado
155,WXT160921TNQ,Tecnologia,5,378189.25,75637.85,169121.9,57781.56,0.2,5,0,0,1,3,0.0,0.0,0,0,2225,5,378189.25,0.0,0.0,0,0,378189.25,0,no_listado
155,TSV2511181YD,Limpieza,8,339707.81,42463.48,88270.26,22706.44,0.625,3,1,1,1,8,0.25,0.25,0,0,1599,8,339707.81,0.0,0.0,0,0,339707.81,0,no_listado
155,BIAE780820PE2,Consultoria,7,601071.61,85867.37,170347.07,59626.19,0.8571,4,0,0,0,0,0.0,0.0,1,1,1797,7,601071.61,0.0,1.0,0,0,601071.61,1,definitivo
155,CKK140317MW2,Transporte,1,1558414.47,1558414.47,1558414.47,0.0,1.0,1,0,0,0,0,0.0,0.0,0,0,306,1,1558414.47,0.0,0.0,0,0,1558414.47,1,no_listado
155,VKL110401A8S,Limpieza,13,622064.56,47851.12,49252.12,825.72,0.6154,5,0,0,1,13,1.0,1.0,0,0,2626,10,479207.78,0.0,1.0,0,0,622064.56,1,no_listado
155,HAP2104166FW,Papeleria,4,403480.94,100870.24,141769.49,48627.54,0.75,4,1,1,1,4,1.0,0.0,0,0,1702,4,403480.94,0.0,0.0,0,0,403480.94,1,no_listado
155,BTR090605MZ7,Construccion,3,343849.47,114616.49,161587.65,33294.58,0.6667,3,0,0,1,1,0.0,0.0,1,0,687,3,343849.47,0.0,0.0,0,0,343849.47,0,desvirtuado
155,ELE121019BS4,Seguridad,4,299036.89,74759.22,150037.87,47922.76,0.75,4,1,1,1,3,0.0,0.0,1,0,506,4,299036.89,0.0,0.0,0,0,299036.89,0,desvirtuado
155,SIN100120V83,Limpieza,3,292082.26,97360.75,150868.2,40467.28,0.6667,2,0,0,1,1,0.0,0.0,1,0,2455,1,53025.35,0.6667,0.0,0,0,292082.26,0,favorable
155,R&A040127DA4,Logistica,4,624536.75,156134.19,172551.03,12260.94,0.75,4,1,1,1,2,0.0,0.0,1,0,2574,3,485309.11,0.25,0.0,0,0,624536.75,0,favorable
155,ADP130409FF5,Mantenimiento,6,686168.7,114361.45,167475.34,67043.15,0.5,3,0,0,1,2,0.0,0.0,1,0,1766,1,18139.09,0.8333,0.0,0,0,686168.7,0,presunto
155,HEMH551230RE2,Logistica,5,418983.08,83796.62,153262.85,40989.57,0.8,5,1,1,1,1,1.0,0.0,1,0,2309,4,393103.18,0.2,0.0,0,0,418983.08,0,presunto
155,VQN020615H6N,Transporte,10,448712.9,44871.29,47301.11,1759.06,0.0,6,1,1,1,10,0.0,0.5,0,0,1711,6,272106.36,0.2,0.0,0,0,448712.9,0,no_listado
155,PPP0610244IC,Mantenimiento,1,9860.0,9860.0,9860.0,0.0,0.0,1,0,0,0,0,0.0,0.0,0,0,1075,1,9860.0,0.0,0.0,0,0,9860.0,0,no_listado
155,KFC241226ONY,Seguridad,8,556800.0,69600.0,69600.0,0.0,0.0,5,1,1,0,0,0.0,0.0,0,0,1249,8,556800.0,0.0,0.0,0,0,556800.0,0,no_listado
155,MUN161107VFU,Papeleria,4,64384.93,16096.23,16905.58,787.6,0.0,2,1,1,0,0,0.0,0.0,0,0,2268,3,47609.0,0.0,0.0,0,0,64384.93,0,no_listado
155,NNF160617OA8,Consultoria,6,333011.42,55501.9,62634.1,5285.2,0.0,4,1,1,0,0,0.0,0.0,0,0,2193,5,272353.69,0.1667,0.0,0,0,333011.42,0,no_listado
155,HEB230814KDX,Construccion,9,570604.72,63400.52,80479.0,12624.87,0.0,6,1,1,1,9,0.0,0.0,0,0,56,7,472859.55,0.2222,0.0,0,0,570604.72,0,no_listado
155,ILU041208S6A,Consultoria,5,172054.27,34410.85,45617.78,8240.98,0.0,4,1,1,0,0,0.0,0.0,1,0,2609,5,172054.27,0.0,0.0,0,0,172054.27,0,favorable
155,JTK070214OK7,Limpieza,8,34560.24,4320.03,6785.21,1411.48,0.0,1,0,0,0,0,0.0,0.0,0,0,2426,8,34560.24,0.0,0.0,0,0,34560.24,0,no_listado
155,DUG061113CN0,Mantenimiento,6,46366.5,7727.75,10182.94,1425.63,0.5,4,1,1,1,6,1.0,0.0,0,0,1598,5,40363.16,0.1667,0.0,0,0,46366.5,0,no_listado
156,TNN2207276ZG,Papeleria,4,261623.13,65405.78,135840.87,42555.88,0.5,3,1,1,1,4,0.0,0.25,0,0,72,3,239998.64,0.25,0.0,0,0,261623.13,0,no_listado
156,DVT151207MQ4,Publicidad,6,335953.27,55992.21,80123.36,26140.2,0.1667,3,1,1,1,6,0.0,0.0,0,0,849,6,335953.27,0.0,0.0,0,0,335953.27,0,no_listado
156,LQV1003100CW,Publicidad,8,484776.43,60597.05,133960.13,41859.3,0.625,4,0,0,1,7,0.0,0.0,0,0,2096,6,426067.77,0.25,0.0,0,0,484776.43,0,no_listado
156,LLX230711DMY,Papeleria,8,784062.67,98007.83,170347.07,50076.55,0.5,4,0,0,1,3,0.0,0.3333,0,0,246,8,784062.67,0.0,0.0,0,0,784062.67,0,no_listado
156,HYZ050702T3N,Transporte,7,530912.08,75844.58,172320.54,62332.05,0.5714,4,0,0,1,4,0.25,0.0,0,0,453,7,530912.08,0.0,0.0,0,0,530912.08,0,no_listado
156,ICY081126ZYH,Limpieza,6,390437.28,65072.88,115585.06,46683.52,0.3333,4,0,0,1,2,0.5,0.0,0,0,2512,4,258871.92,0.3333,0.0,0,0,390437.28,0,no_listado
156,ZDZ0510134EA,Publicidad,4,150894.99,37723.75,75641.31,23460.41,0.25,4,1,1,1,4,0.25,0.0,0,0,737,2,56830.12,0.5,0.0,0,0,150894.99,0,no_listado
156,VYQ000619L5X,Papeleria,5,395115.4,79023.08,119009.35,37822.27,0.6,4,1,1,1,5,0.2,0.0,0,0,733,5,395115.4,0.0,0.0,0,0,395115.4,0,no_listado
156,CQF25061300Q,Logistica,6,666404.93,111067.49,158821.77,50258.73,0.3333,4,1,1,1,6,0.1667,0.0,0,0,89,5,507583.16,0.1667,0.0,0,0,666404.93,0,no_listado
156,ONY100512YQ1,Construccion,3,297382.67,99127.56,139392.71,56390.47,0.6667,3,0,0,1,1,0.0,0.0,0,0,837,3,297382.67,0.0,0.0,0,1,297382.67,0,no_listado
156,QJQ1906282PF,Mantenimiento,3,336735.07,112245.02,169865.17,66753.83,0.3333,2,1,1,1,3,0.3333,0.0,0,0,136,3,336735.07,0.0,0.0,0,0,336735.07,0,no_listado
156,DFF070105EFD,Logistica,9,415574.28,46174.92,118390.2,36679.18,0.2222,5,1,1,1,9,0.0,0.1111,0,0,1517,7,379245.59,0.2222,0.0,0,0,415574.28,0,no_listado
156,MACY7107169G0,Consultoria,5,397156.47,79431.29,165030.32,53503.68,0.6,4,1,1,0,0,0.0,0.0,1,1,1124,5,397156.47,0.0,1.0,0,0,397156.47,1,definitivo
156,RGB100520DWG,Transporte,1,1542550.82,1542550.82,1542550.82,0.0,0.0,1,1,1,0,0,0.0,0.0,0,0,1332,1,1542550.82,0.0,0.0,0,0,1542550.82,1,no_listado
156,IAQ0202092BO,Limpieza,10,474305.08,47430.51,48118.98,496.77,0.5,5,0,0,1,10,1.0,1.0,0,0,1197,8,379267.77,0.0,1.0,0,0,474305.08,1,no_listado
156,ERZ150217H18,Publicidad,5,271568.56,54313.71,114920.41,32244.14,0.4,3,0,0,1,5,1.0,0.4,0,0,157,5,271568.56,0.0,0.0,0,0,271568.56,1,no_listado
156,TFI050606PD7,Transporte,4,276462.84,69115.71,101060.27,33640.44,0.75,2,1,1,1,2,0.0,0.0,1,0,534,4,276462.84,0.0,0.0,0,0,276462.84,0,desvirtuado
156,GPC1506039G8,Construccion,7,543977.02,77711.0,161310.46,60250.48,0.2857,6,0,0,1,3,0.0,0.0,1,0,1034,6,525516.23,0.0,0.0,0,0,543977.02,0,desvirtuado
156,GED120425KP7,Construccion,4,321382.28,80345.57,118242.98,25807.38,0.5,2,1,1,1,3,0.0,0.3333,1,0,1048,3,240676.47,0.25,0.0,0,0,321382.28,0,favorable
156,SLE060906DR9,Mantenimiento,5,397234.42,79446.88,156727.12,48089.79,0.6,3,1,1,1,5,0.0,0.0,1,0,1302,5,397234.42,0.0,0.0,0,0,397234.42,0,favorable
156,IOP210105FF5,Papeleria,4,143349.78,35837.44,60424.26,18195.96,1.0,3,0,0,1,1,1.0,0.0,1,0,250,4,143349.78,0.0,0.0,0,0,143349.78,0,presunto
156,CCD180507T46,Papeleria,4,345241.26,86310.32,155177.87,45836.19,0.5,3,1,1,1,3,0.0,0.3333,1,0,1820,2,142502.88,0.5,0.0,0,0,345241.26,0,presunto
156,AGI080528SG5,Transporte,10,447650.85,44765.08,48539.06,2838.1,0.0,6,1,1,1,10,0.0,0.4,0,0,1705,8,355243.35,0.1,0.0,0,0,447650.85,0,no_listado
156,SAO181009PTM,Mantenimiento,1,9860.0,9860.0,9860.0,0.0,0.0,1,0,0,0,0,0.0,0.0,0,0,1154,1,9860.0,0.0,0.0,0,0,9860.0,0,no_listado
156,WHR031216AWY,Seguridad,8,556800.0,69600.0,69600.0,0.0,0.0,6,1,1,0,0,0.0,0.0,0,0,1249,7,487200.0,0.0,0.0,0,0,556800.0,0,no_listado
156,WCN240710RXO,Papeleria,4,62347.35,15586.84,16746.64,1136.98,0.0,3,1,1,0,0,0.0,0.0,0,0,2138,4,62347.35,0.0,0.0,0,0,62347.35,0,no_listado
156,RAQ0202127Z2,Consultoria,6,312503.84,52083.97,55562.58,3636.56,0.0,3,1,1,0,0,0.0,0.0,0,0,2260,4,213006.72,0.3333,0.0,0,0,312503.84,0,no_listado
156,CJS25060763Q,Construccion,9,446395.14,49599.46,80278.15,12854.93,0.0,6,1,1,1,9,0.0,0.2222,0,0,11,9,446395.14,0.0,0.0,0,0,446395.14,0,no_listado
156,ACI130227MF8,Consultoria,5,195922.25,39184.45,42469.0,2108.0,0.0,3,1,1,0,0,0.0,0.0,1,0,2694,5,195922.25,0.0,0.0,0,0,195922.25,0,favorable
156,UGU141216S0H,Limpieza,8,38152.92,4769.11,6047.15,794.91,0.0,1,0,0,0,0,0.0,0.0,0,0,2461,8,38152.92,0.0,0.0,0,0,38152.92,0,no_listado
156,OPK200319QCY,Mantenimiento,6,39974.99,6662.5,8820.83,1352.22,0.3333,3,1,1,1,6,1.0,0.0,0,0,1635,5,31873.36,0.1667,0.0,0,0,39974.99,0,no_listado
157,CYK090505VAX,Construccion,9,470967.44,52329.72,133368.16,42080.8,0.6667,5,0,0,1,3,0.3333,0.0,0,0,1798,7,395227.91,0.2222,0.0,0,0,470967.44,0,no_listado
157,LJS060214SRO,Mantenimiento,4,235614.78,58903.7,109064.49,41007.95,0.5,4,1,1,1,4,0.0,0.0,0,0,286,4,235614.78,0.0,0.0,0,0,235614.78,0,no_listado
157,BPG2003018MF,Consultoria,4,261410.08,65352.52,107500.23,33850.75,0.75,3,0,0,1,2,0.0,0.0,0,0,1948,4,261410.08,0.0,0.0,0,0,261410.08,0,no_listado
157,PND2401209PI,Limpieza,6,436934.32,72822.39,131015.36,43020.9,0.1667,5,1,1,1,6,0.3333,0.0,0,0,1685,4,202808.29,0.1667,0.0,0,0,436934.32,0,no_listado
157,FTU221124NL6,Limpieza,8,499037.71,62379.71,142984.84,48123.21,0.5,4,1,1,1,8,0.125,0.0,0,0,1801,6,407939.96,0.25,0.0,0,0,499037.71,0,no_listado
157,NEJ160127LA6,Publicidad,9,790912.19,87879.13,163671.3,39407.34,0.3333,5,0,0,1,3,0.0,0.0,0,0,662,9,790912.19,0.0,0.0,0,0,790912.19,0,no_listado
157,YXO260821KW1,Logistica,8,537717.84,67214.73,126336.47,42913.47,0.5,6,1,1,1,8,0.0,0.0,0,0,1954,7,415985.62,0.125,0.0,0,0,537717.84,0,no_listado
157,DMY090723F4G,Transporte,4,437418.32,109354.58,173891.39,53655.63,0.5,3,1,1,1,4,0.0,0.0,0,0,2493,3,330078.45,0.25,0.0,0,0,437418.32,0,no_listado
157,DID130507TVR,Transporte,7,566436.43,80919.49,168111.2,51677.9,0.4286,4,1,1,1,7,0.1429,0.0,0,0,2401,5,331843.51,0.2857,0.0,0,0,566436.43,0,no_listado
157,VEK260507D9H,Limpieza,7,625223.8,89317.69,160569.84,45911.01,0.8571,3,0,0,1,4,0.0,0.0,0,0,300,6,523943.55,0.1429,0.0,0,0,625223.8,0,no_listado
157,LQB0102066LS,Limpieza,6,470425.34,78404.22,138664.44,42189.81,0.1667,3,1,1,1,6,0.0,0.0,0,0,680,5,344335.81,0.1667,0.0,0,0,470425.34,0,no_listado
157,UQT1901125UN,Mantenimiento,6,351634.27,58605.71,134825.8,43241.21,0.3333,4,1,1,1,6,0.1667,0.0,0,0,1634,6,351634.27,0.0,0.0,0,0,351634.27,0,no_listado
157,JUPA760711QE0,Consultoria,6,590368.74,98394.79,168782.22,56762.16,0.5,3,0,0,0,0,0.0,0.0,1,1,1254,4,300543.17,0.3333,1.0,0,0,590368.74,1,definitivo
157,XZV00011499Q,Mantenimiento,1,1170270.32,1170270.32,1170270.32,0.0,1.0,1,0,0,0,0,0.0,0.0,0,0,1572,1,1170270.32,0.0,0.0,0,0,1170270.32,1,no_listado
157,JFV190915BS2,Consultoria,10,480541.31,48054.13,48847.69,629.28,0.3,4,0,0,1,10,1.0,1.0,0,0,211,10,480541.31,0.0,1.0,0,0,480541.31,1,no_listado
157,SAR110707C08,Consultoria,4,250305.46,62576.36,106773.04,33535.24,0.75,3,0,0,1,4,1.0,0.25,0,0,108,3,205027.3,0.25,0.0,0,0,250305.46,1,no_listado
157,GPR890822V14,Papeleria,6,522134.6,87022.43,148208.84,43002.54,0.6667,3,0,0,1,2,0.5,0.0,1,0,102,5,402246.44,0.1667,0.0,0,0,522134.6,0,desvirtuado
157,APT040201KA5,Logistica,3,296834.09,98944.7,151471.04,50884.41,0.6667,3,0,0,1,3,0.3333,0.0,1,0,1831,3,296834.09,0.0,0.0,0,0,296834.09,0,desvirtuado
157,TSA090331F13,Consultoria,5,282094.94,56418.99,140481.22,48972.55,0.4,4,0,0,1,1,0.0,0.0,1,0,932,5,282094.94,0.0,0.0,0,0,282094.94,0,favorable
157,SSE1603045L5,Papeleria,4,228041.76,57010.44,94457.11,27233.41,0.5,3,1,1,1,3,0.0,0.3333,1,0,1889,4,228041.76,0.0,0.0,0,0,228041.76,0,favorable
157,GUVA861029PJA,Transporte,5,453996.93,90799.39,158056.32,48648.25,0.6,3,1,1,1,4,0.0,0.0,1,0,1851,3,231820.88,0.4,0.0,0,0,453996.93,0,presunto
157,CAN200923970,Seguridad,3,330766.36,110255.45,170251.4,48387.69,0.6667,3,0,0,1,2,0.0,0.0,1,0,2476,2,222005.94,0.3333,0.0,0,0,330766.36,0,presunto
157,QDU1207288TY,Transporte,10,432444.29,43244.43,48290.93,2080.02,0.0,4,1,1,1,10,0.0,0.2,0,0,1704,10,432444.29,0.0,0.0,0,0,432444.29,0,no_listado
157,SRB190824XGU,Mantenimiento,1,9860.0,9860.0,9860.0,0.0,0.0,1,0,0,0,0,0.0,0.0,0,0,1082,1,9860.0,0.0,0.0,0,0,9860.0,0,no_listado
157,HBP220613TA5,Seguridad,8,556800.0,69600.0,69600.0,0.0,0.0,4,1,1,0,0,0.0,0.0,0,0,1249,8,556800.0,0.0,0.0,0,0,556800.0,0,no_listado
157,PIK0403045BB,Papeleria,4,54019.26,13504.82,16067.35,1809.22,0.0,2,1,1,0,0,0.0,0.0,0,0,2138,4,54019.26,0.0,0.0,0,0,54019.26,0,no_listado
157,DAM160217KF4,Consultoria,6,295399.56,49233.26,59122.81,6689.89,0.0,3,1,1,0,0,0.0,0.0,0,0,2188,5,253180.5,0.0,0.0,0,0,295399.56,0,no_listado
157,WBM260103N9T,Construccion,9,528684.07,58742.67,71937.32,11183.64,0.0,4,1,1,1,9,0.0,0.0,0,0,83,8,477054.18,0.0,0.0,0,0,528684.07,0,no_listado
157,CMR110204M82,Consultoria,5,165363.97,33072.79,42748.6,5321.0,0.0,3,1,1,0,0,0.0,0.0,1,0,2583,5,165363.97,0.0,0.0,0,0,165363.97,0,favorable
157,VTN240323URT,Limpieza,8,40173.68,5021.71,6699.84,1316.63,0.0,1,0,0,0,0,0.0,0.0,0,0,2420,8,40173.68,0.0,0.0,0,0,40173.68,0,no_listado
157,ROG050521XBC,Mantenimiento,6,47597.87,7932.98,9740.55,1432.85,0.3333,4,1,1,1,6,1.0,0.0,0,0,1652,5,39354.19,0.1667,0.0,0,0,47597.87,0,no_listado
158,TZI03062335N,Logistica,4,310227.61,77556.9,131918.91,50178.72,0.25,3,0,0,1,1,0.0,0.0,0,0,1379,3,178308.7,0.25,0.0,0,0,310227.61,0,no_listado
158,JZU020311O12,Publicidad,6,554822.03,92470.34,163413.03,48487.61,0.5,5,0,0,1,3,0.0,0.0,0,0,1741,4,334267.23,0.3333,0.0,0,0,554822.03,0,no_listado
158,BXK150103KKH,Mantenimiento,9,806985.78,89665.09,169352.0,53663.05,0.5556,5,0,0,1,4,0.0,0.0,0,0,1349,8,653672.41,0.1111,0.0,0,0,806985.78,0,no_listado
158,SLQ090720KRL,Logistica,7,645783.5,92254.79,156548.84,56509.28,0.2857,4,1,1,1,7,0.1429,0.0,0,0,222,7,645783.5,0.0,0.0,0,0,645783.5,0,no_listado
158,RWY0102192HG,Logistica,4,389466.62,97366.65,148840.34,38690.93,0.0,2,1,1,1,4,0.0,0.25,0,0,1800,4,389466.62,0.0,0.0,0,0,389466.62,0,no_listado
158,JMX151020VQS,Logistica,6,319641.3,53273.55,91802.24,25535.5,0.6667,5,1,1,1,6,0.0,0.0,0,0,2008,3,166925.35,0.5,0.0,0,0,319641.3,0,no_listado
158,CTM250805Z09,Logistica,4,321531.43,80382.86,168098.91,57256.62,1.0,3,0,0,1,2,0.0,0.0,0,0,496,3,153432.52,0.25,0.0,0,0,321531.43,0,no_listado
158,CLB201122GQR,Seguridad,6,560456.3,93409.38,171599.93,61233.2,0.5,4,0,0,1,3,0.3333,0.0,0,0,1188,4,429740.03,0.3333,0.0,0,0,560456.3,0,no_listado
158,MCX090307FU1,Consultoria,5,450913.24,90182.65,147773.66,41720.66,0.4,3,1,1,1,5,0.0,0.0,0,0,2305,5,450913.24,0.0,0.0,0,0,450913.24,0,no_listado
158,GDD0511250L9,Consultoria,5,245544.03,49108.81,169066.2,59980.48,0.4,3,1,1,1,5,0.2,0.0,0,0,2015,5,245544.03,0.0,0.0,0,0,245544.03,0,no_listado
158,DPR051005UDX,Construccion,3,319869.49,106623.16,145204.18,28309.08,0.3333,2,0,0,1,2,0.0,0.0,0,0,496,3,319869.49,0.0,0.0,0,0,319869.49,0,no_listado
158,QZA120923TGH,Construccion,5,507739.93,101547.99,150919.84,43834.97,0.2,3,1,1,1,5,0.2,0.0,0,0,234,5,507739.93,0.0,0.0,0,0,507739.93,0,no_listado
158,CES940906137,Consultoria,6,522057.37,87009.56,133564.92,34818.28,0.1667,4,1,1,0,0,0.0,0.0,1,1,243,5,403363.37,0.1667,1.0,0,0,522057.37,1,definitivo
158,QSH000112YTU,Papeleria,1,1512908.45,1512908.45,1512908.45,0.0,1.0,1,0,0,0,0,0.0,0.0,0,0,398,1,1512908.45,0.0,0.0,0,0,1512908.45,1,no_listado
158,HVR001128RV4,Consultoria,13,631177.91,48552.15,49412.67,715.69,0.6923,5,0,0,1,13,1.0,1.0,0,0,502,10,485893.54,0.0,1.0,0,0,631177.91,1,no_listado
158,OSV021116FZ4,Transporte,6,382670.47,63778.41,169425.84,55192.19,0.0,4,0,0,1,6,1.0,0.1667,0,0,2039,5,332816.43,0.1667,0.0,0,0,382670.47,1,no_listado
158,CPL7711285H9,Transporte,4,203392.04,50848.01,97926.59,30514.88,0.25,3,1,1,0,0,0.0,0.0,1,0,1648,3,185821.89,0.25,0.0,0,0,203392.04,0,desvirtuado
158,IIM160128AH3,Transporte,4,250400.38,62600.1,157475.82,56470.92,0.5,3,1,1,1,1,0.0,0.0,1,0,1095,4,250400.38,0.0,0.0,0,0,250400.38,0,desvirtuado
158,CDI120711115,Transporte,5,314824.25,62964.85,163150.22,53713.52,0.4,3,1,1,1,1,0.0,0.0,1,0,98,1,71088.87,0.8,0.0,0,0,314824.25,0,favorable
158,SAD130730S32,Limpieza,5,422429.65,84485.93,139932.92,47626.19,0.4,4,1,1,1,2,0.0,0.0,1,0,209,4,403657.81,0.2,0.0,0,0,422429.65,0,favorable
158,SCC170302EH6,Logistica,7,626769.5,89538.5,163198.89,58999.18,0.7143,5,0,0,1,3,0.0,0.0,1,0,164,6,473464.25,0.1429,0.0,0,0,626769.5,0,presunto
158,SPR201102KW2,Mantenimiento,5,423474.1,84694.82,170433.85,58507.39,0.6,2,1,1,1,1,0.0,0.0,1,0,1478,4,253040.25,0.2,0.0,0,0,423474.1,0,presunto
158,FUD011227G7J,Transporte,10,445075.37,44507.54,47530.62,2642.93,0.0,6,1,1,1,10,0.0,0.5,0,0,1708,9,398407.03,0.0,0.0,0,1,445075.37,0,no_listado
158,FNG030928FTQ,Mantenimiento,1,9860.0,9860.0,9860.0,0.0,0.0,1,0,0,0,0,0.0,0.0,0,0,1061,1,9860.0,0.0,0.0,0,0,9860.0,0,no_listado
158,YAT230806UK2,Seguridad,8,556800.0,69600.0,69600.0,0.0,0.0,4,1,1,0,0,0.0,0.0,0,0,1249,7,487200.0,0.0,0.0,0,0,556800.0,0,no_listado
158,ZMC1310058NU,Papeleria,4,58884.0,14721.0,16791.02,1962.44,0.0,4,1,1,0,0,0.0,0.0,0,0,2214,4,58884.0,0.0,0.0,0,0,58884.0,0,no_listado
158,SEY241101QTL,Consultoria,6,334728.15,55788.03,62285.55,6473.11,0.0,5,1,1,0,0,0.0,0.0,0,0,2244,5,275862.51,0.0,0.0,0,0,334728.15,0,no_listado
158,AQB1503248GZ,Construccion,9,489856.92,54428.55,76503.76,10662.46,0.0,4,1,1,1,9,0.0,0.1111,0,0,53,7,397733.63,0.2222,0.0,0,0,489856.92,0,no_listado
158,CCO091209PJ4,Consultoria,5,166267.22,33253.44,45211.27,7582.8,0.0,4,1,1,0,0,0.0,0.0,1,0,2563,5,166267.22,0.0,0.0,0,0,166267.22,0,desvirtuado
158,FPT200422QAH,Limpieza,8,41749.6,5218.7,6651.31,1023.79,0.0,1,0,0,0,0,0.0,0.0,0,0,2453,8,41749.6,0.0,0.0,0,0,41749.6,0,no_listado
158,XWW0208272N6,Mantenimiento,6,45706.66,7617.78,10224.82,2085.73,0.8333,5,1,1,1,6,1.0,0.0,0,0,1601,6,45706.66,0.0,0.0,0,0,45706.66,0,no_listado
159,DAW071119W7R,Logistica,8,486221.94,60777.74,114162.7,36441.58,0.75,5,0,0,1,4,0.0,0.25,0,0,1796,6,337672.07,0.25,0.0,0,0,486221.94,0,no_listado
159,HWR12022482P,Publicidad,3,175231.8,58410.6,137374.4,55841.28,0.3333,3,1,1,1,3,0.0,0.0,0,0,338,3,175231.8,0.0,0.0,0,0,175231.8,0,no_listado
159,TAU1704219IX,Publicidad,3,307345.77,102448.59,151470.96,45309.99,0.0,2,1,1,1,3,0.0,0.0,0,0,1792,3,307345.77,0.0,0.0,0,0,307345.77,0,no_listado
159,SGJ1511097RI,Transporte,3,278181.37,92727.12,133723.72,29198.66,0.3333,2,0,0,1,1,0.0,0.0,0,0,730,2,210230.59,0.3333,0.0,0,0,278181.37,0,no_listado
159,GWP100427GKW,Publicidad,7,560026.03,80003.72,131532.52,43897.92,0.4286,6,1,1,1,7,0.1429,0.0,0,0,557,6,460865.85,0.1429,0.0,0,0,560026.03,0,no_listado
159,QJV1510010UQ,Tecnologia,3,292843.64,97614.55,125382.53,30579.69,0.6667,3,0,0,1,3,0.3333,0.0,0,0,1789,1,125382.53,0.6667,0.0,0,0,292843.64,0,no_listado
159,JOR1104064WR,Transporte,9,612934.77,68103.86,146800.12,45322.27,0.3333,5,1,1,1,9,0.0,0.0,0,0,173,9,612934.77,0.0,0.0,0,0,612934.77,0,no_listado
159,JBX250117Y09,Mantenimiento,4,286716.09,71679.02,99828.86,32812.74,0.5,3,1,1,1,4,0.0,0.0,0,0,2102,3,186887.23,0.25,0.0,0,0,286716.09,0,no_listado
159,LLH240407634,Construccion,8,355643.11,44455.39,101269.06,27734.9,0.625,4,1,1,1,8,0.125,0.0,0,0,1633,6,210631.01,0.25,0.0,0,0,355643.11,0,no_listado
159,WRN03071878C,Papeleria,7,392814.76,56116.39,150061.82,48736.22,0.7143,5,1,1,1,7,0.0,0.0,0,0,1819,7,392814.76,0.0,0.0,0,0,392814.76,0,no_listado
159,BQA131227349,Publicidad,8,604244.52,75530.57,163798.74,64253.62,0.375,6,1,1,1,8,0.25,0.0,0,0,940,7,585209.48,0.125,0.0,0,0,604244.52,0,no_listado
159,AUW0207173W0,Construccion,6,355918.9,59319.82,87734.37,23435.63,0.5,4,1,1,1,6,0.1667,0.0,0,0,108,5,338518.9,0.1667,0.0,0,0,355918.9,0,no_listado
159,MCO130421AM4,Consultoria,5,244620.2,48924.04,98702.35,31101.52,0.2,3,0,0,0,0,0.0,0.0,1,1,2009,5,244620.2,0.0,1.0,0,0,244620.2,1,definitivo
159,JIN180817D91,Seguridad,1,1138860.07,1138860.07,1138860.07,0.0,0.0,1,0,0,0,0,0.0,0.0,0,0,837,1,1138860.07,0.0,0.0,0,0,1138860.07,1,no_listado
159,YYU2609232SV,Seguridad,12,577198.05,48099.84,49553.3,943.35,0.5833,6,0,0,1,12,1.0,1.0,0,0,167,10,481412.71,0.0,1.0,0,0,577198.05,1,no_listado
159,EDX0711173NE,Construccion,4,337954.28,84488.57,152377.92,66430.13,0.75,2,0,0,1,4,1.0,0.0,0,0,261,2,301819.65,0.5,0.0,0,0,337954.28,1,no_listado
159,SAT130422855,Transporte,3,205578.37,68526.12,105064.95,25837.86,1.0,2,0,0,1,2,0.0,0.5,1,0,1101,3,205578.37,0.0,0.0,0,0,205578.37,0,desvirtuado
159,JAJ000823DE9,Logistica,4,311746.27,77936.57,169054.87,55665.65,1.0,3,1,1,1,2,0.5,0.0,1,0,1913,4,311746.27,0.0,0.0,0,0,311746.27,0,desvirtuado
159,ALI150224KPA,Transporte,6,376374.46,62729.08,110998.97,30373.39,0.8333,4,0,0,1,5,0.0,0.4,1,0,144,5,330694.84,0.1667,0.0,0,0,376374.46,0,favorable
159,SSE1603045L5,Papeleria,3,290334.02,96778.01,117520.53,17248.09,0.3333,3,1,1,1,2,0.0,0.0,1,0,117,2,215042.83,0.3333,0.0,0,0,290334.02,0,favorable
159,COL201013P10,Publicidad,5,376678.9,75335.78,125005.43,43102.75,0.8,4,0,0,1,4,0.0,0.0,1,0,1903,2,144335.58,0.4,0.0,0,0,376678.9,0,presunto
159,ADP130409FF5,Papeleria,3,182572.83,60857.61,98237.64,32308.32,0.6667,2,1,1,1,3,0.0,0.0,1,0,897,1,64922.62,0.6667,0.0,0,0,182572.83,0,presunto
159,RGF040116UWO,Transporte,10,460271.09,46027.11,48424.19,2174.49,0.0,4,1,1,1,10,0.0,0.8,0,0,1723,8,366653.29,0.2,0.0,0,0,460271.09,0,no_listado
159,OWX190604BXW,Mantenimiento,1,9860.0,9860.0,9860.0,0.0,0.0,1,0,0,0,0,0.0,0.0,0,0,1055,1,9860.0,0.0,0.0,0,0,9860.0,0,no_listado
159,WJL1007233U3,Seguridad,8,556800.0,69600.0,69600.0,0.0,0.0,4,1,1,0,0,0.0,0.0,0,0,1249,7,487200.0,0.0,0.0,0,0,556800.0,0,no_listado
159,LIY190309OXY,Papeleria,4,59980.98,14995.25,16992.71,1362.91,0.0,2,1,1,0,0,0.0,0.0,0,0,2204,4,59980.98,0.0,0.0,0,0,59980.98,0,no_listado
159,OVO2010072T8,Consultoria,6,297667.98,49611.33,61128.18,5929.26,0.0,4,1,1,0,0,0.0,0.0,0,0,2198,6,297667.98,0.0,0.0,0,0,297667.98,0,no_listado
159,QQL140623A77,Construccion,9,527933.8,58659.31,72999.65,8525.34,0.0,4,1,1,1,9,0.0,0.2222,0,0,5,9,527933.8,0.0,0.0,0,0,527933.8,0,no_listado
159,FCN081204MG1,Consultoria,5,196824.37,39364.87,45974.76,4076.61,0.0,2,1,1,0,0,0.0,0.0,1,0,2594,5,196824.37,0.0,0.0,0,0,196824.37,0,favorable
159,FMK2512079X4,Limpieza,8,36768.85,4596.11,6306.06,1385.67,0.0,1,0,0,0,0,0.0,0.0,0,0,2411,8,36768.85,0.0,0.0,0,0,36768.85,0,no_listado
159,CZS131202NE7,Mantenimiento,6,47753.42,7958.9,10433.2,1742.91,0.5,2,1,1,1,6,1.0,0.0,0,0,1597,5,39896.21,0.1667,0.0,0,0,47753.42,0,no_listado
160,WMN101018K3P,Construccion,5,299960.06,59992.01,114208.9,38246.97,0.4,5,1,1,1,5,0.0,0.0,0,0,1205,4,185751.16,0.2,0.0,0,0,299960.06,0,no_listado
160,JGL1010173MM,Tecnologia,7,559532.71,79933.24,132465.53,41083.68,0.4286,5,1,1,1,7,0.0,0.1429,0,0,819,5,383198.41,0.2857,0.0,0,0,559532.71,0,no_listado
160,GDX240321A1B,Publicidad,4,301390.06,75347.51,117456.02,36709.59,0.5,4,0,0,1,3,0.3333,0.0,0,0,1890,3,281823.3,0.25,0.0,0,0,301390.06,0,no_listado
160,ACU241215UGH,Publicidad,9,370032.56,41114.73,106335.76,35457.1,0.5556,6,0,0,1,3,0.0,0.0,0,0,302,8,263696.8,0.1111,0.0,0,0,370032.56,0,no_listado
160,WUU180207KA8,Logistica,4,367042.59,91760.65,160645.09,61848.88,1.0,3,0,0,1,2,0.0,0.0,0,0,1461,4,367042.59,0.0,0.0,0,0,367042.59,0,no_listado
160,ZRG050611IED,Papeleria,5,372938.19,74587.64,170128.63,61455.25,0.8,4,1,1,1,5,0.0,0.0,0,0,301,5,372938.19,0.0,0.0,0,0,372938.19,0,no_listado
160,MGK150404YSJ,Publicidad,3,254647.85,84882.62,151411.05,53873.24,0.3333,3,1,1,1,3,0.0,0.0,0,0,1071,3,254647.85,0.0,0.0,0,0,254647.85,0,no_listado
160,UBZ160526EZT,Papeleria,3,261620.49,87206.83,138812.06,39782.31,0.6667,2,1,1,1,3,0.0,0.0,0,0,2072,2,219623.05,0.3333,0.0,0,0,261620.49,0,no_listado
160,ZIK070914XRP,Logistica,4,292265.55,73066.39,141455.11,54954.18,0.5,4,1,1,1,4,0.25,0.0,0,0,2314,4,292265.55,0.0,0.0,0,0,292265.55,0,no_listado
160,DFR090305ARD,Limpieza,9,728147.6,80905.29,167390.7,56521.01,0.6667,5,0,0,1,6,0.0,0.0,0,0,2356,8,662903.28,0.1111,0.0,0,0,728147.6,0,no_listado
160,CWS1912072JE,Publicidad,6,691481.89,115246.98,165858.28,59492.98,0.3333,4,1,1,1,6,0.3333,0.1667,0,0,1492,5,673334.83,0.1667,0.0,0,0,691481.89,0,no_listado
160,OLW250202WXR,Transporte,8,530505.9,66313.24,113924.53,32847.2,0.5,6,1,1,1,8,0.125,0.0,0,0,2133,6,350279.77,0.125,0.0,0,0,530505.9,0,no_listado
160,ICA181002TTA,Consultoria,5,444239.11,88847.82,141492.8,45864.61,1.0,3,1,1,0,0,0.0,0.0,1,1,260,5,444239.11,0.0,1.0,0,0,444239.11,1,definitivo
160,KBP240704BB2,Tecnologia,1,1653930.01,1653930.01,1653930.01,0.0,1.0,1,0,0,0,0,0.0,0.0,0,0,297,1,1653930.01,0.0,0.0,0,0,1653930.01,1,no_listado
160,TRE170214CPX,Seguridad,10,479283.68,47928.37,49618.83,993.08,0.5,5,0,0,1,10,1.0,1.0,0,0,304,10,479283.68,0.0,1.0,0,0,479283.68,1,no_listado
160,QOU250906IJ2,Logistica,4,191192.2,47798.05,113713.4,39205.03,0.25,4,0,0,1,4,1.0,0.0,0,0,1136,4,191192.2,0.0,0.0,0,0,191192.2,1,no_listado
160,DPD120420MP2,Publicidad,5,237790.96,47558.19,110193.4,38289.84,0.6,4,0,0,1,4,0.0,0.0,1,0,270,4,220226.12,0.0,0.0,0,0,237790.96,0,desvirtuado
160,CIC130131779,Tecnologia,6,435917.99,72653.0,110190.74,29955.79,0.3333,5,1,1,1,3,0.0,0.0,1,0,2058,6,435917.99,0.0,0.0,0,0,435917.99,0,desvirtuado
160,MET900706QX1,Seguridad,4,269929.53,67482.38,118665.92,37901.72,0.5,3,0,0,1,3,0.3333,0.3333,1,0,1927,4,269929.53,0.0,0.0,0,0,269929.53,0,favorable
160,GAEM530426R6A,Papeleria,7,383718.82,54816.97,146361.77,40794.03,0.5714,4,1,1,1,5,0.0,0.2,1,0,468,6,365276.64,0.1429,0.0,0,0,383718.82,0,favorable
160,SRO161110TX8,Publicidad,5,395391.86,79078.37,148195.54,54616.09,0.4,2,1,1,1,3,0.0,0.0,1,0,1130,2,166741.4,0.6,0.0,0,0,395391.86,0,presunto
160,IAS240214C21,Logistica,7,582507.86,83215.41,170029.67,53094.73,0.8571,5,0,0,1,4,0.0,0.0,1,0,2012,5,427123.18,0.2857,0.0,0,0,582507.86,0,presunto
160,ZHS170306CSO,Transporte,10,439745.08,43974.51,47457.07,2420.18,0.0,5,1,1,1,10,0.0,0.4,0,0,1707,10,439745.08,0.0,0.0,0,0,439745.08,0,no_listado
160,HTU080910OMD,Mantenimiento,1,9860.0,9860.0,9860.0,0.0,0.0,1,0,0,0,0,0.0,0.0,0,0,1078,1,9860.0,0.0,0.0,0,0,9860.0,0,no_listado
160,OHC07050554R,Seguridad,8,556800.0,69600.0,69600.0,0.0,0.0,4,1,1,0,0,0.0,0.0,0,0,1249,7,487200.0,0.0,0.0,0,0,556800.0,0,no_listado
160,RKB030502YVL,Papeleria,4,57579.84,14394.96,15776.6,819.63,0.0,4,1,1,0,0,0.0,0.0,0,0,2141,4,57579.84,0.0,0.0,0,0,57579.84,0,no_listado
160,TKU030127VBT,Consultoria,6,307801.32,51300.22,61275.86,6850.47,0.0,5,1,1,0,0,0.0,0.0,0,0,2195,3,144503.51,0.5,0.0,0,0,307801.32,0,no_listado
160,MMY17012596Z,Construccion,9,542095.98,60232.89,78536.43,10483.58,0.0,5,1,1,1,9,0.0,0.1111,0,0,93,7,394434.35,0.2222,0.0,0,0,542095.98,0,no_listado
160,GED120425KP7,Consultoria,5,183914.05,36782.81,45409.16,5857.22,0.0,3,1,1,0,0,0.0,0.0,1,0,2570,4,151151.93,0.2,0.0,0,0,183914.05,0,favorable
160,JXI040804V38,Limpieza,8,36296.87,4537.11,6050.64,1170.42,0.0,1,0,0,0,0,0.0,0.0,0,0,2420,8,36296.87,0.0,0.0,0,0,36296.87,0,no_listado
160,QBC240122BT3,Mantenimiento,6,44228.94,7371.49,9209.62,831.67,0.6667,4,1,1,1,6,1.0,0.0,0,0,1603,6,44228.94,0.0,0.0,0,0,44228.94,0,no_listado
161,DNN160123J9P,Transporte,4,249017.6,62254.4,117593.42,33344.91,0.75,2,1,1,1,4,0.0,0.0,0,0,2576,4,249017.6,0.0,0.0,0,0,249017.6,0,no_listado
161,YCR080122TQZ,Mantenimiento,6,437444.64,72907.44,134101.03,46074.83,0.6667,5,1,1,1,6,0.0,0.1667,0,0,2506,6,437444.64,0.0,0.0,0,0,437444.64,0,no_listado
161,TTM220508DR4,Limpieza,3,449345.2,149781.73,161789.03,14913.57,0.6667,3,1,1,1,3,0.0,0.0,0,0,194,2,320583.46,0.3333,0.0,0,0,449345.2,0,no_listado
161,AJV1211239W7,Seguridad,3,130208.07,43402.69,61330.37,17891.03,0.6667,3,1,1,1,3,0.3333,0.3333,0,0,1495,3,130208.07,0.0,0.0,0,0,130208.07,0,no_listado
161,LTB200521ILZ,Seguridad,6,404004.19,67334.03,161895.96,48098.55,0.5,3,1,1,1,6,0.1667,0.0,0,0,1464,4,261594.49,0.3333,0.0,0,0,404004.19,0,no_listado
161,WPT260110T6X,Construccion,6,394327.02,65721.17,139427.46,49684.16,0.5,4,1,1,1,6,0.0,0.0,0,0,1065,6,394327.02,0.0,0.0,0,0,394327.02,0,no_listado
161,QPO160708GM4,Seguridad,7,481727.93,68818.28,133582.8,39335.88,0.4286,5,1,1,1,7,0.0,0.1429,0,0,613,5,379205.11,0.2857,0.0,0,0,481727.93,0,no_listado
161,XHX160622DGY,Limpieza,6,403211.96,67201.99,132339.57,39598.17,0.6667,5,0,0,1,2,0.0,0.0,0,0,517,6,403211.96,0.0,0.0,0,0,403211.96,0,no_listado
161,NYW0509013RK,Seguridad,9,507353.04,56372.56,150722.11,42873.45,0.3333,6,1,1,1,9,0.0,0.1111,0,0,249,9,507353.04,0.0,0.0,0,0,507353.04,0,no_listado
161,ADG2107181HX,Papeleria,4,327209.59,81802.4,89123.88,4895.71,0.5,3,1,1,1,4,0.0,0.0,0,0,63,4,327209.59,0.0,0.0,0,0,327209.59,0,no_listado
161,PNM081216VBF,Consultoria,4,300275.32,75068.83,157887.36,51195.87,0.5,2,0,0,1,1,1.0,0.0,0,0,2525,4,300275.32,0.0,0.0,0,0,300275.32,0,no_listado
161,YDQ031116MXO,Transporte,7,601329.13,85904.16,154544.86,52218.18,0.4286,5,1,1,1,7,0.0,0.0,0,0,146,6,540854.36,0.1429,0.0,0,0,601329.13,0,no_listado
161,PRO120828CH4,Consultoria,8,624625.37,78078.17,173686.29,55671.08,0.5,4,0,0,0,0,0.0,0.0,1,1,1694,8,624625.37,0.0,1.0,0,0,624625.37,1,definitivo
161,BGE2401236YK,Publicidad,1,1648025.44,1648025.44,1648025.44,0.0,1.0,1,0,0,0,0,0.0,0.0,0,0,2401,1,1648025.44,0.0,0.0,0,0,1648025.44,1,no_listado
161,VBN150101IJS,Seguridad,12,579236.93,48269.74,49736.67,977.17,0.5,6,0,0,1,12,1.0,1.0,0,0,1362,11,532232.31,0.0,1.0,0,0,579236.93,1,no_listado
161,PMM060711PR5,Seguridad,6,455185.94,75864.32,159826.04,63281.68,0.5,5,0,0,1,6,1.0,0.0,0,0,77,6,455185.94,0.0,0.0,0,0,455185.94,1,no_listado
161,ISA120424R79,Mantenimiento,7,475575.86,67939.41,158620.93,56054.21,0.5714,4,1,1,1,3,0.3333,0.0,1,0,2204,4,359058.29,0.4286,0.0,0,0,475575.86,0,desvirtuado
161,IMP960626T91,Transporte,6,503251.21,83875.2,133485.65,40026.61,0.3333,4,1,1,1,2,0.0,0.0,1,0,408,6,503251.21,0.0,0.0,0,0,503251.21,0,desvirtuado
161,IMP111114M8A,Mantenimiento,5,294388.79,58877.76,135176.13,49012.81,0.2,3,0,0,1,3,0.0,0.0,1,0,1234,4,276704.32,0.2,0.0,0,0,294388.79,0,favorable
161,TOHR870921KR5,Transporte,5,320348.29,64069.66,146544.18,48227.07,0.4,4,1,1,1,4,0.25,0.0,1,0,1066,5,320348.29,0.0,0.0,0,0,320348.29,0,favorable
161,CACL0006104A2,Papeleria,5,420073.89,84014.78,167764.83,56635.79,0.4,4,1,1,1,4,0.0,0.25,1,0,2216,4,286671.33,0.2,0.0,0,0,420073.89,0,presunto
161,MMP160705P75,Mantenimiento,6,333928.52,55654.75,127041.1,35856.34,0.5,5,1,1,1,4,0.0,0.0,1,0,52,2,177405.18,0.6667,0.0,0,0,333928.52,0,presunto
161,WBB040719LQB,Transporte,10,456531.8,45653.18,48548.01,2490.27,0.0,5,1,1,1,10,0.0,0.6,0,0,1711,9,410114.54,0.1,0.0,0,0,456531.8,0,no_listado
161,ARJ121001ETI,Mantenimiento,1,9860.0,9860.0,9860.0,0.0,0.0,1,0,0,0,0,0.0,0.0,0,0,1282,1,9860.0,0.0,0.0,0,0,9860.0,0,no_listado
161,XUV2002279Y5,Seguridad,8,556800.0,69600.0,69600.0,0.0,0.0,3,1,1,0,0,0.0,0.0,0,0,1249,8,556800.0,0.0,0.0,0,0,556800.0,0,no_listado
161,LBW130814G47,Papeleria,4,56920.79,14230.2,16910.18,1684.12,0.0,3,1,1,0,0,0.0,0.0,0,0,2255,3,43764.72,0.25,0.0,0,0,56920.79,0,no_listado
161,YVA110323IAX,Consultoria,6,319435.65,53239.28,59262.14,4398.38,0.0,4,1,1,0,0,0.0,0.0,0,0,2206,5,260173.51,0.0,0.0,0,0,319435.65,0,no_listado
161,CFT14050694V,Construccion,9,447893.31,49765.92,75717.12,12659.29,0.0,5,1,1,1,9,0.0,0.1111,0,0,8,8,395100.03,0.1111,0.0,0,0,447893.31,0,no_listado
161,GCS1101048AA,Consultoria,5,175250.78,35050.16,41365.86,6915.15,0.0,4,1,1,0,0,0.0,0.0,1,0,2557,2,82462.03,0.6,0.0,0,0,175250.78,0,favorable
161,BET1511173FP,Limpieza,8,37616.74,4702.09,6800.71,1312.84,0.0,1,0,0,0,0,0.0,0.0,0,0,2446,8,37616.74,0.0,0.0,0,0,37616.74,0,no_listado
161,DSV050721IR2,Mantenimiento,6,37194.86,6199.14,7726.69,766.05,0.3333,4,1,1,1,6,1.0,0.0,0,0,1584,6,37194.86,0.0,0.0,0,0,37194.86,0,no_listado
162,IVR010101QT7,Transporte,5,195106.98,39021.4,119870.73,40428.58,0.8,4,1,1,1,5,0.0,0.0,0,0,1563,5,195106.98,0.0,0.0,0,0,195106.98,0,no_listado
162,EFF0705150FI,Seguridad,4,447669.97,111917.49,163301.76,55530.86,0.75,3,0,0,1,3,0.3333,0.0,0,0,1503,4,447669.97,0.0,0.0,0,0,447669.97,0,no_listado
162,XPU071010HT8,Logistica,9,886210.62,98467.85,165670.06,52434.4,0.3333,3,1,1,1,9,0.0,0.0,0,0,42,9,886210.62,0.0,0.0,0,0,886210.62,0,no_listado
162,HXK071019ACK,Logistica,4,402075.66,100518.92,157810.89,35310.34,0.75,4,0,0,0,0,0.0,0.0,0,0,1644,4,402075.66,0.0,0.0,0,0,402075.66,0,no_listado
162,SJG010811NDY,Logistica,6,589923.19,98320.53,133881.88,29157.94,0.6667,3,0,0,1,4,0.25,0.0,0,0,1542,5,479506.86,0.1667,0.0,0,0,589923.19,0,no_listado
162,XXI051007NY4,Limpieza,3,171280.51,57093.5,88743.03,27398.77,0.6667,3,1,1,1,3,0.0,0.0,0,0,227,3,171280.51,0.0,0.0,0,0,171280.51,0,no_listado
162,SNC160715DZ5,Publicidad,9,474502.8,52722.53,163837.58,42336.78,0.6667,4,0,0,1,6,0.0,0.0,0,0,575,9,474502.8,0.0,0.0,0,0,474502.8,0,no_listado
162,PNI030319WZ0,Papeleria,7,429649.89,61378.56,126336.47,42189.04,0.7143,4,1,1,1,7,0.0,0.0,0,0,2414,6,393460.82,0.1429,0.0,0,0,429649.89,0,no_listado
162,JVX120302AIN,Consultoria,4,352373.43,88093.36,170023.84,56535.13,0.75,3,1,1,1,4,0.0,0.0,0,0,1022,4,352373.43,0.0,0.0,0,0,352373.43,0,no_listado
162,QSY040112JCW,Limpieza,7,390567.68,55795.38,144779.24,41514.22,0.4286,4,1,1,1,7,0.1429,0.1429,0,0,764,6,245788.44,0.1429,0.0,0,0,390567.68,0,no_listado
162,DJX111021OR0,Construccion,5,467589.41,93517.88,155082.2,34167.88,0.8,3,0,0,1,3,0.0,0.0,0,0,1394,5,467589.41,0.0,0.0,0,0,467589.41,0,no_listado
162,LMB090606C1R,Tecnologia,9,881796.16,97977.35,159085.79,44905.54,0.1111,4,1,1,1,9,0.1111,0.0,0,0,432,8,722710.37,0.1111,0.0,0,0,881796.16,0,no_listado
162,GAP1601193R9,Consultoria,5,412200.55,82440.11,155137.11,44035.84,0.8,5,1,1,0,0,0.0,0.0,1,1,227,4,392870.4,0.2,1.0,0,0,412200.55,1,definitivo
162,MLE100203J1K,Papeleria,1,1363247.21,1363247.21,1363247.21,0.0,0.0,1,0,0,0,0,0.0,0.0,0,0,612,1,1363247.21,0.0,0.0,0,0,1363247.21,1,no_listado
162,QOU19032259N,Consultoria,11,529427.1,48129.74,49665.14,842.69,0.4545,6,1,1,1,11,1.0,1.0,0,0,2386,8,385971.0,0.0,1.0,0,0,529427.1,1,no_listado
162,LQE211014Q6S,Papeleria,4,168893.69,42223.42,111796.54,40174.58,0.5,2,0,0,1,4,1.0,0.0,0,0,2027,4,168893.69,0.0,0.0,0,0,168893.69,1,no_listado
162,ZIT150707U64,Tecnologia,5,252111.53,50422.31,119870.73,37181.93,0.8,4,0,0,1,1,0.0,0.0,1,0,2178,5,252111.53,0.0,0.0,0,0,252111.53,0,desvirtuado
162,IBS0212113V7,Logistica,6,468271.81,78045.3,164088.54,48246.97,0.5,5,1,1,1,4,0.0,0.0,1,0,199,6,468271.81,0.0,0.0,0,0,468271.81,0,desvirtuado
162,CON0812224Q1,Consultoria,4,204871.83,51217.96,148694.55,56279.47,0.25,3,0,0,1,1,0.0,0.0,1,0,1479,4,204871.83,0.0,0.0,0,0,204871.83,0,favorable
162,MDV160224383,Logistica,6,510488.85,85081.48,132600.75,37576.85,0.6667,5,1,1,1,3,0.0,0.0,1,0,938,6,510488.85,0.0,0.0,0,0,510488.85,0,favorable
162,PIS1703062G4,Limpieza,6,415504.18,69250.7,115279.32,33727.06,0.5,3,1,1,1,4,0.25,0.0,1,0,220,3,295575.38,0.5,0.0,0,0,415504.18,0,presunto
162,CCA2107203B2,Consultoria,7,229159.83,32737.12,75408.18,22616.37,0.4286,5,1,1,1,4,0.25,0.0,1,0,275,3,113964.79,0.5714,0.0,0,0,229159.83,0,presunto
162,XHO030109RZT,Transporte,10,443033.54,44303.35,47529.85,2228.8,0.0,6,1,1,1,10,0.0,0.4,0,0,1730,10,443033.54,0.0,0.0,0,0,443033.54,0,no_listado
162,MUR070503TWG,Mantenimiento,1,9860.0,9860.0,9860.0,0.0,0.0,1,0,0,0,0,0.0,0.0,0,0,1255,1,9860.0,0.0,0.0,0,0,9860.0,0,no_listado
162,UUL160808PS0,Seguridad,8,556800.0,69600.0,69600.0,0.0,0.0,4,1,1,0,0,0.0,0.0,0,0,1249,7,487200.0,0.0,0.0,0,0,556800.0,0,no_listado
162,VEB0603244X1,Papeleria,4,55253.29,13813.32,17115.12,2008.04,0.0,4,1,1,0,0,0.0,0.0,0,0,2278,4,55253.29,0.0,0.0,0,0,55253.29,0,no_listado
162,OKD220210NLD,Consultoria,6,330683.32,55113.89,63093.08,5961.64,0.0,4,1,1,0,0,0.0,0.0,0,0,2235,6,330683.32,0.0,0.0,0,0,330683.32,0,no_listado
162,KQW051002OIV,Construccion,9,519333.4,57703.71,71895.08,9512.34,0.0,5,1,1,1,9,0.0,0.0,0,0,114,8,447438.32,0.1111,0.0,0,0,519333.4,0,no_listado
162,PAMM730721MB4,Consultoria,5,159683.44,31936.69,43587.49,7210.49,0.0,3,1,1,0,0,0.0,0.0,1,0,2667,5,159683.44,0.0,0.0,0,0,159683.44,0,favorable
162,WEO051010CWP,Limpieza,8,39351.47,4918.93,6788.35,1473.26,0.0,1,0,0,0,0,0.0,0.0,0,0,2430,8,39351.47,0.0,0.0,0,0,39351.47,0,no_listado
162,AKP0502073L3,Mantenimiento,6,50412.49,8402.08,10022.93,1141.32,0.5,4,1,1,1,6,1.0,0.0,0,0,1630,6,50412.49,0.0,0.0,0,0,50412.49,0,no_listado
163,NVA260626GBO,Mantenimiento,6,296966.41,49494.4,128561.49,39075.02,0.6667,4,0,0,1,3,0.0,0.0,0,0,1808,5,168404.92,0.1667,0.0,0,0,296966.41,0,no_listado
163,JVO040117ND8,Limpieza,3,147187.41,49062.47,73670.09,23404.21,0.0,3,1,1,1,3,0.0,0.0,0,0,299,3,147187.41,0.0,0.0,0,0,147187.41,0,no_listado
163,ZKX130509X9M,Seguridad,5,631796.8,126359.36,161109.8,54107.85,0.0,4,1,1,1,5,0.0,0.0,0,0,300,5,631796.8,0.0,0.0,0,0,631796.8,0,no_listado
163,IJU26080224F,Construccion,3,355615.78,118538.59,128742.81,8033.52,0.0,3,1,1,1,3,0.0,0.0,0,0,2383,3,355615.78,0.0,0.0,0,0,355615.78,0,no_listado
163,ZAM111114I83,Consultoria,3,449120.27,149706.76,172821.61,24689.79,0.0,1,1,1,1,3,0.0,0.0,0,0,1651,2,288306.96,0.3333,0.0,0,0,449120.27,0,no_listado
163,BBM18110167V,Papeleria,7,580066.08,82866.58,168209.71,59561.01,0.5714,5,1,1,1,7,0.1429,0.0,0,0,2171,5,392504.95,0.2857,0.0,0,0,580066.08,0,no_listado
163,FBS050613IUM,Tecnologia,4,471403.7,117850.92,152617.27,57834.16,0.5,2,1,1,1,4,0.0,0.0,0,0,543,3,318786.43,0.0,0.0,0,0,471403.7,0,no_listado
163,IEZ0501222K2,Seguridad,6,428468.99,71411.5,144328.74,51869.74,0.3333,3,1,1,1,6,0.1667,0.1667,0,0,2470,5,410321.93,0.1667,0.0,0,0,428468.99,0,no_listado
163,LCP080417T2S,Tecnologia,6,439601.36,73266.89,140841.42,45366.03,0.8333,5,1,1,1,6,0.0,0.0,0,0,1185,4,226002.34,0.3333,0.0,0,0,439601.36,0,no_listado
163,VAC1807284PS,Mantenimiento,8,857212.9,107151.61,171479.64,42355.95,0.625,3,1,1,1,8,0.25,0.0,0,0,1189,7,717785.44,0.125,0.0,0,0,857212.9,0,no_listado
163,OFK050907XE0,Limpieza,5,257696.89,51539.38,93872.9,30073.36,0.8,3,0,0,1,3,0.6667,0.0,0,0,1117,4,238366.74,0.2,0.0,0,0,257696.89,0,no_listado
163,KGR040616N84,Seguridad,6,435183.91,72530.65,168994.34,57341.93,0.6667,4,0,0,1,4,0.0,0.0,0,0,49,4,246402.14,0.3333,0.0,0,0,435183.91,0,no_listado
163,CPP1110316P3,Consultoria,8,436541.99,54567.75,153195.78,40623.92,0.625,5,0,0,0,0,0.0,0.0,1,1,105,6,340717.11,0.25,1.0,0,0,436541.99,1,definitivo
163,AZC06101668F,Consultoria,1,1302061.94,1302061.94,1302061.94,0.0,1.0,1,0,0,0,0,0.0,0.0,0,0,412,1,1302061.94,0.0,0.0,0,0,1302061.94,1,no_listado
163,ARE060628O3B,Logistica,14,675469.31,48247.81,49728.18,964.53,0.7143,6,0,0,1,14,1.0,1.0,0,0,1167,11,530699.91,0.0,1.0,0,0,675469.31,1,no_listado
163,XCP260106CNF,Mantenimiento,4,190377.85,47594.46,78977.18,29075.41,0.5,4,0,0,1,4,1.0,0.0,0,0,343,2,37158.19,0.5,0.0,0,0,190377.85,1,no_listado
163,AMO150812KJ8,Consultoria,7,630548.85,90078.41,151311.43,41384.74,0.5714,4,1,1,1,1,0.0,0.0,1,0,79,7,630548.85,0.0,0.0,0,0,630548.85,0,desvirtuado
163,CAI991014B39,Transporte,4,441059.84,110264.96,128920.1,12325.68,0.25,4,1,1,1,3,0.0,0.0,1,0,645,3,338305.22,0.25,0.0,0,1,441059.84,0,desvirtuado
163,FEA100609PS1,Logistica,3,249170.65,83056.88,118916.3,46069.23,0.3333,2,1,1,1,1,0.0,0.0,1,0,1315,3,249170.65,0.0,0.0,0,0,249170.65,0,favorable
163,UMO101028TYA,Transporte,7,643387.13,91912.45,138664.44,29647.55,0.2857,5,0,0,1,4,0.0,0.0,1,0,2549,5,399450.37,0.1429,0.0,0,0,643387.13,0,favorable
163,DDC210218S21,Limpieza,3,310018.24,103339.41,127982.01,22203.78,0.3333,2,1,1,1,1,0.0,0.0,1,0,2629,2,182036.23,0.3333,0.0,0,0,310018.24,0,presunto
163,HALF540109H50,Seguridad,4,230822.69,57705.67,85688.38,27530.88,0.5,3,1,1,1,3,0.3333,0.0,1,0,599,4,230822.69,0.0,0.0,0,0,230822.69,0,presunto
163,JPH041123RZD,Transporte,10,443331.58,44333.16,46607.19,1603.22,0.0,4,1,1,1,10,0.0,0.3,0,0,1705,10,443331.58,0.0,0.0,0,0,443331.58,0,no_listado
163,WLJ1408038VR,Mantenimiento,1,9860.0,9860.0,9860.0,0.0,0.0,1,0,0,0,0,0.0,0.0,0,0,1157,1,9860.0,0.0,0.0,0,0,9860.0,0,no_listado
163,GNK110314PJC,Seguridad,8,556800.0,69600.0,69600.0,0.0,0.0,5,1,1,0,0,0.0,0.0,0,0,1249,7,487200.0,0.0,0.0,0,0,556800.0,0,no_listado
163,YNN0507070OG,Papeleria,4,56672.8,14168.2,16019.41,1998.71,0.0,3,1,1,0,0,0.0,0.0,0,0,2204,4,56672.8,0.0,0.0,0,0,56672.8,0,no_listado
163,NFE000721MTF,Consultoria,6,304045.29,50674.21,60478.04,6589.89,0.0,4,1,1,0,0,0.0,0.0,0,0,2223,6,304045.29,0.0,0.0,0,0,304045.29,0,no_listado
163,IBR2204236PU,Construccion,9,529040.0,58782.22,77495.8,12010.66,0.0,5,1,1,1,9,0.0,0.4444,0,0,101,8,479928.37,0.1111,0.0,0,0,529040.0,0,no_listado
163,DDA110927BT7,Consultoria,5,207307.57,41461.51,45383.86,4590.55,0.0,4,1,1,0,0,0.0,0.0,1,0,2692,3,128759.55,0.4,0.0,0,0,207307.57,0,desvirtuado
163,SNJ211027MW4,Limpieza,8,35881.57,4485.2,6930.35,1689.49,0.0,1,0,0,0,0,0.0,0.0,0,0,2468,8,35881.57,0.0,0.0,0,0,35881.57,0,no_listado
163,OVE070825CEQ,Mantenimiento,6,53911.08,8985.18,10238.3,682.65,0.6667,4,1,1,1,6,1.0,0.0,0,0,1618,6,53911.08,0.0,0.0,0,1,53911.08,0,no_listado
164,WTQ1101089FH,Consultoria,4,126170.21,31542.55,72757.88,23800.43,0.5,3,0,0,1,2,0.0,0.0,0,0,1078,4,126170.21,0.0,0.0,0,0,126170.21,0,no_listado
164,QFK19072038R,Consultoria,7,897772.02,128253.15,158588.04,36958.96,0.5714,4,1,1,1,7,0.1429,0.1429,0,0,1064,5,639108.45,0.2857,0.0,0,0,897772.02,0,no_listado
164,ASX091025TLG,Mantenimiento,4,243597.73,60899.43,103796.79,42199.97,0.25,3,0,0,1,2,0.5,0.0,0,0,1016,3,224038.94,0.25,0.0,0,0,243597.73,0,no_listado
164,LQS2105140A0,Logistica,3,272643.25,90881.08,156830.14,56682.72,0.3333,3,0,0,0,0,0.0,0.0,0,0,214,2,115813.11,0.3333,0.0,0,0,272643.25,0,no_listado
164,AYK140417ZJX,Construccion,9,758649.07,84294.34,158301.81,54142.75,0.6667,5,0,0,1,8,0.125,0.0,0,0,1980,7,659292.9,0.2222,0.0,0,0,758649.07,0,no_listado
164,LBW030702PS1,Seguridad,3,136950.06,45650.02,69713.44,20750.98,0.3333,2,0,0,1,1,0.0,0.0,0,0,132,3,136950.06,0.0,0.0,0,0,136950.06,0,no_listado
164,ETL2006020TR,Construccion,3,224091.69,74697.23,104206.94,23992.59,0.3333,2,0,0,1,3,0.0,0.3333,0,0,832,3,224091.69,0.0,0.0,0,0,224091.69,0,no_listado
164,MSK2502278G4,Tecnologia,7,682453.38,97493.34,165107.76,59229.4,0.4286,5,1,1,1,7,0.0,0.0,0,0,1667,4,444234.57,0.4286,0.0,0,0,682453.38,0,no_listado
164,CKH261016JXC,Limpieza,6,485752.68,80958.78,167325.71,56305.67,0.5,3,1,1,1,6,0.0,0.3333,0,0,1970,6,485752.68,0.0,0.0,0,0,485752.68,0,no_listado
164,NQY231219P0K,Logistica,6,443488.77,73914.79,154118.64,45024.94,0.3333,4,0,0,1,1,0.0,0.0,0,0,50,5,417457.56,0.1667,0.0,0,0,443488.77,0,no_listado
164,AME0604074B1,Consultoria,6,498426.36,83071.06,137677.71,44731.06,0.6667,5,1,1,1,6,0.0,0.0,0,0,36,5,360748.65,0.1667,0.0,0,0,498426.36,0,no_listado
164,VLG021209ZCH,Consultoria,6,352562.04,58760.34,147309.1,55478.89,0.5,4,1,1,1,6,0.0,0.0,0,0,1425,5,333314.31,0.1667,0.0,0,0,352562.04,0,no_listado
164,STC1105091H9,Consultoria,7,600260.24,85751.46,146092.59,45160.78,0.8571,4,1,1,0,0,0.0,0.0,1,1,2334,6,570040.86,0.1429,1.0,0,0,600260.24,1,definitivo
164,JAR2604058WQ,Tecnologia,1,1385188.69,1385188.69,1385188.69,0.0,0.0,1,0,0,0,0,0.0,0.0,0,0,403,1,1385188.69,0.0,0.0,0,0,1385188.69,1,no_listado
164,BJF180618EY2,Construccion,12,573527.18,47793.93,49591.95,988.77,0.5,6,0,0,1,12,1.0,1.0,0,0,236,11,526161.75,0.0,1.0,0,0,573527.18,1,no_listado
164,SRC15042692S,Construccion,5,369006.04,73801.21,110369.38,34630.97,0.6,4,0,0,1,5,1.0,0.2,0,0,278,4,264886.77,0.2,0.0,0,0,369006.04,1,no_listado
164,YME091111ST5,Limpieza,3,162452.66,54150.89,125988.37,50797.11,0.6667,2,1,1,1,1,0.0,0.0,1,0,2312,2,144449.16,0.3333,0.0,0,0,162452.66,0,desvirtuado
164,GSS12081655A,Transporte,4,464188.62,116047.15,162524.05,41152.18,0.5,3,1,1,1,2,0.0,0.0,1,0,85,2,220457.19,0.5,0.0,0,0,464188.62,0,desvirtuado
164,PGP160301VD0,Tecnologia,5,293241.53,58648.31,122812.02,38750.83,0.6,3,1,1,1,2,0.0,0.0,1,0,75,4,275833.55,0.2,0.0,0,0,293241.53,0,favorable
164,PIT130530F13,Publicidad,6,269515.99,44919.33,103269.51,28390.02,0.6667,5,0,0,1,5,0.4,0.4,1,0,147,4,129317.67,0.3333,0.0,0,0,269515.99,0,favorable
164,IAG1111039E3,Papeleria,6,609603.24,101600.54,167988.67,46876.42,0.8333,4,0,0,1,2,0.0,0.0,1,0,2250,3,390060.45,0.5,0.0,0,0,609603.24,0,presunto
164,JCO2305029I9,Publicidad,5,424108.98,84821.8,150965.82,57869.9,0.0,3,0,0,1,4,0.0,0.0,1,0,2510,5,424108.98,0.0,0.0,0,0,424108.98,0,presunto
164,SRP151021U48,Transporte,10,433586.88,43358.69,47410.94,2078.74,0.0,5,1,1,1,10,0.0,0.3,0,0,1705,9,390412.79,0.1,0.0,0,0,433586.88,0,no_listado
164,WIG1504231YJ,Mantenimiento,1,9860.0,9860.0,9860.0,0.0,0.0,1,0,0,0,0,0.0,0.0,0,0,1290,1,9860.0,0.0,0.0,0,0,9860.0,0,no_listado
164,NJX190701CFM,Seguridad,8,556800.0,69600.0,69600.0,0.0,0.0,4,1,1,0,0,0.0,0.0,0,0,1249,7,487200.0,0.0,0.0,0,0,556800.0,0,no_listado
164,SDL110528QV8,Papeleria,4,53105.84,13276.46,16810.11,2116.86,0.0,3,1,1,0,0,0.0,0.0,0,0,2191,4,53105.84,0.0,0.0,0,0,53105.84,0,no_listado
164,TUV0901147HL,Consultoria,6,322960.05,53826.67,63156.7,7349.74,0.0,4,1,1,0,0,0.0,0.0,0,0,2210,5,275152.89,0.1667,0.0,0,0,322960.05,0,no_listado
164,BSC190406IDN,Construccion,9,486568.21,54063.13,78519.44,13327.82,0.0,4,1,1,1,9,0.0,0.1111,0,0,52,7,393022.07,0.1111,0.0,0,0,486568.21,0,no_listado
164,EEMA780109LL2,Consultoria,5,156249.82,31249.96,44549.77,7076.52,0.0,5,1,1,0,0,0.0,0.0,1,0,2580,4,124489.44,0.2,0.0,0,0,156249.82,0,desvirtuado
164,CEV0212255F3,Limpieza,8,37422.79,4677.85,6630.88,1162.47,0.0,1,0,0,0,0,0.0,0.0,0,0,2418,8,37422.79,0.0,0.0,0,0,37422.79,0,no_listado
164,NUD250317LTR,Mantenimiento,6,45009.19,7501.53,9693.28,1619.39,0.3333,3,1,1,1,6,1.0,0.0,0,0,1584,6,45009.19,0.0,0.0,0,0,45009.19,0,no_listado
165,GHR220603ZMZ,Papeleria,4,235648.7,58912.18,84080.56,26479.71,0.5,4,1,1,1,4,0.0,0.0,0,0,893,4,235648.7,0.0,0.0,0,0,235648.7,0,no_listado
165,IRY230211TJ8,Publicidad,5,425555.81,85111.16,155680.07,56848.16,0.6,4,0,0,1,4,0.25,0.0,0,0,1358,4,405610.61,0.2,0.0,0,0,425555.81,0,no_listado
165,ZCI1910227RF,Seguridad,9,663849.61,73761.07,150417.71,43056.35,0.5556,4,0,0,1,5,0.2,0.0,0,0,953,8,645056.5,0.1111,0.0,0,0,663849.61,0,no_listado
165,TPZ2608266TA,Papeleria,7,505855.95,72265.14,160732.94,51785.22,0.5714,5,0,0,1,4,0.0,0.0,0,0,726,7,505855.95,0.0,0.0,0,0,505855.95,0,no_listado
165,BVW0803154OC,Logistica,8,777494.09,97186.76,172819.91,60456.61,0.5,4,0,0,1,5,0.0,0.0,0,0,2322,7,758802.0,0.0,0.0,0,0,777494.09,0,no_listado
165,JXJ160320KAT,Consultoria,8,417885.91,52235.74,84650.93,26662.2,0.375,4,1,1,1,8,0.0,0.125,0,0,128,7,398327.12,0.125,0.0,0,0,417885.91,0,no_listado
165,PDC191219LUZ,Consultoria,7,431144.91,61592.13,116098.83,35219.13,0.4286,6,1,1,1,7,0.1429,0.0,0,0,933,5,258817.11,0.2857,0.0,0,0,431144.91,0,no_listado
165,APH2004068BF,Logistica,7,473922.85,67703.26,95188.22,31060.37,0.7143,3,1,1,1,7,0.1429,0.0,0,0,1137,5,283592.4,0.2857,0.0,0,0,473922.85,0,no_listado
165,LSH020713FO2,Construccion,5,300493.0,60098.6,165213.1,53643.51,0.6,3,1,1,1,5,0.0,0.0,0,0,2462,5,300493.0,0.0,0.0,0,0,300493.0,0,no_listado
165,KAX240719501,Logistica,9,753204.85,83689.43,149756.64,42379.82,0.5556,6,0,0,1,5,0.0,0.0,0,0,1029,9,753204.85,0.0,0.0,0,0,753204.85,0,no_listado
165,WCQ020121BSN,Consultoria,3,285953.34,95317.78,116595.34,18530.15,0.6667,2,1,1,1,3,0.3333,0.0,0,0,115,3,285953.34,0.0,0.0,0,0,285953.34,0,no_listado
165,FWW001206GA6,Limpieza,9,706507.35,78500.82,145150.96,39553.57,0.4444,4,1,1,1,9,0.0,0.1111,0,0,203,9,706507.35,0.0,0.0,0,0,706507.35,0,no_listado
165,KEM971124FF7,Consultoria,8,462353.12,57794.14,121888.06,36302.15,0.5,4,1,1,0,0,0.0,0.0,1,1,1846,6,424809.43,0.125,1.0,0,0,462353.12,1,definitivo
165,IWQ080321BGM,Consultoria,1,1698657.51,1698657.51,1698657.51,0.0,1.0,1,0,0,0,0,0.0,0.0,0,0,1508,1,1698657.51,0.0,0.0,0,0,1698657.51,1,no_listado
165,DMW060313B5U,Seguridad,12,580215.86,48351.32,49764.61,966.94,0.5,5,0,0,1,12,1.0,1.0,0,0,2464,8,385614.58,0.0,1.0,0,0,580215.86,1,no_listado
165,YSU051215QN5,Papeleria,5,486619.4,97323.88,145656.01,42469.1,0.6,3,0,0,1,5,1.0,0.0,0,0,728,3,249109.47,0.4,0.0,0,1,486619.4,1,no_listado
165,AEC111111ENA,Construccion,3,194979.38,64993.13,158084.39,65830.18,0.6667,2,0,0,1,1,0.0,0.0,1,0,231,3,194979.38,0.0,0.0,0,0,194979.38,0,desvirtuado
165,CIT101215PF3,Publicidad,3,363794.13,121264.71,161001.28,34839.4,0.0,2,1,1,1,1,0.0,0.0,1,0,829,2,287625.26,0.3333,0.0,0,0,363794.13,0,desvirtuado
165,GSE020506ME2,Limpieza,3,209195.76,69731.92,140067.89,51623.81,0.0,3,0,0,1,1,0.0,0.0,1,0,188,3,209195.76,0.0,0.0,0,0,209195.76,0,favorable
165,CMI131024FB8,Tecnologia,5,455135.28,91027.06,144446.39,42108.15,0.6,3,1,1,1,4,0.25,0.0,1,0,1543,3,284848.98,0.4,0.0,0,0,455135.28,0,favorable
165,GAS1702095I6,Publicidad,4,406166.77,101541.69,163301.76,51865.01,0.0,2,0,0,1,3,0.0,0.0,1,0,401,2,134487.17,0.5,0.0,0,0,406166.77,0,presunto
165,LOED761205NP5,Papeleria,6,383488.02,63914.67,158676.14,48398.25,0.3333,4,1,1,1,3,0.0,0.0,1,0,150,4,265420.14,0.3333,0.0,0,0,383488.02,0,presunto
165,AVG07042176O,Transporte,10,440104.68,44010.47,47332.2,1793.87,0.0,6,1,1,1,10,0.0,0.3,0,0,1722,8,353133.88,0.1,0.0,0,0,440104.68,0,no_listado
165,JPA150703UWA,Mantenimiento,1,9860.0,9860.0,9860.0,0.0,0.0,1,0,0,0,0,0.0,0.0,0,0,1105,1,9860.0,0.0,0.0,0,0,9860.0,0,no_listado
165,EGK081017H2W,Seguridad,8,556800.0,69600.0,69600.0,0.0,0.0,6,1,1,0,0,0.0,0.0,0,0,1249,7,487200.0,0.0,0.0,0,0,556800.0,0,no_listado
165,VWA100428NZD,Papeleria,4,57546.47,14386.62,16711.85,1366.9,0.0,3,1,1,0,0,0.0,0.0,0,0,2239,4,57546.47,0.0,0.0,0,0,57546.47,0,no_listado
165,TFF230719N93,Consultoria,6,311207.56,51867.93,58208.87,5202.11,0.0,4,1,1,0,0,0.0,0.0,0,0,2197,5,257661.6,0.1667,0.0,0,0,311207.56,0,no_listado
165,FTR260722X4K,Construccion,9,516417.57,57379.73,74307.8,14227.01,0.0,4,1,1,1,9,0.0,0.0,0,0,53,9,516417.57,0.0,0.0,0,0,516417.57,0,no_listado
165,DEL091111EL9,Consultoria,5,165799.24,33159.85,46035.01,7488.54,0.0,4,1,1,0,0,0.0,0.0,1,0,2559,4,133460.3,0.2,0.0,0,0,165799.24,0,favorable
165,SXG020402D3D,Limpieza,8,32328.79,4041.1,5246.69,933.58,0.0,1,0,0,0,0,0.0,0.0,0,0,2486,8,32328.79,0.0,0.0,0,0,32328.79,0,no_listado
165,AEO081102TPS,Mantenimiento,6,42734.25,7122.38,8656.41,997.46,0.5,4,1,1,1,6,1.0,0.0,0,0,1584,6,42734.25,0.0,0.0,0,0,42734.25,0,no_listado
166,XGJ120911AIJ,Mantenimiento,8,499412.88,62426.61,155208.96,54117.54,0.5,4,0,0,1,4,0.0,0.0,0,0,1532,8,499412.88,0.0,0.0,0,0,499412.88,0,no_listado
166,HTE080107QYK,Publicidad,9,577282.24,64142.47,143095.42,37674.04,0.5556,6,1,1,1,9,0.1111,0.1111,0,0,948,7,451115.3,0.2222,0.0,0,0,577282.24,0,no_listado
166,DSB150425ZZL,Construccion,9,390215.79,43357.31,105176.61,31767.94,0.3333,6,1,1,1,9,0.1111,0.1111,0,0,2523,6,306406.37,0.2222,0.0,0,0,390215.79,0,no_listado
166,EBS230116S38,Transporte,6,457739.71,76289.95,148487.67,52000.37,0.3333,5,1,1,1,6,0.0,0.0,0,0,1461,5,407367.65,0.1667,0.0,0,0,457739.71,0,no_listado
166,FKS151118XSV,Tecnologia,4,322530.23,80632.56,158112.98,53372.9,1.0,3,1,1,1,4,0.25,0.25,0,0,1134,3,164417.25,0.25,0.0,0,0,322530.23,0,no_listado
166,NXL241111ZMS,Construccion,3,435714.42,145238.14,165569.71,15834.32,0.0,3,0,0,1,2,0.0,0.0,0,0,1603,3,435714.42,0.0,0.0,0,0,435714.42,0,no_listado
166,NTY181221EPS,Tecnologia,4,178158.7,44539.68,118716.91,42856.3,0.75,3,0,0,0,0,0.0,0.0,0,0,2082,3,155957.51,0.25,0.0,0,0,178158.7,0,no_listado
166,GAP200925JU8,Papeleria,3,55249.43,18416.48,19077.58,690.32,0.6667,2,0,0,1,3,0.0,0.0,0,0,1883,3,55249.43,0.0,0.0,0,0,55249.43,0,no_listado
166,MPL120221IU6,Mantenimiento,6,280978.71,46829.79,111615.28,38590.12,0.3333,3,0,0,1,3,0.0,0.0,0,0,2512,6,280978.71,0.0,0.0,0,0,280978.71,0,no_listado
166,HJV0301102IF,Consultoria,5,540098.09,108019.62,154809.09,28690.45,0.8,4,0,0,1,3,0.0,0.0,0,0,2551,4,438526.96,0.2,0.0,0,0,540098.09,0,no_listado
166,BUW050428D7N,Consultoria,7,390832.58,55833.23,116678.08,40323.32,0.1429,4,1,1,1,7,0.1429,0.0,0,0,1588,6,310233.2,0.1429,0.0,0,0,390832.58,0,no_listado
166,SWV071002YUY,Limpieza,4,149840.26,37460.07,47319.73,6445.67,0.25,3,1,1,1,4,0.0,0.25,0,0,1028,4,149840.26,0.0,0.0,0,0,149840.26,0,no_listado
166,PIMS600714PM6,Consultoria,7,755190.63,107884.38,165648.02,42766.82,0.7143,5,0,0,0,0,0.0,0.0,1,1,810,6,705446.0,0.1429,1.0,0,0,755190.63,1,definitivo
166,WZR180416DZJ,Tecnologia,1,1242276.69,1242276.69,1242276.69,0.0,1.0,1,0,0,0,0,0.0,0.0,0,0,378,1,1242276.69,0.0,0.0,0,0,1242276.69,1,no_listado
166,QZG260212VQD,Limpieza,14,675024.75,48216.05,49713.38,749.25,0.5,6,1,1,1,14,1.0,1.0,0,0,2668,12,579721.5,0.0,1.0,0,0,675024.75,1,no_listado
166,RCS221016C3M,Consultoria,5,402940.03,80588.01,150700.66,54467.35,0.6,4,0,0,1,5,1.0,0.0,0,0,2240,4,252239.37,0.2,0.0,0,0,402940.03,1,no_listado
166,ICH101207125,Transporte,4,392952.08,98238.02,149586.95,33030.23,0.75,3,0,0,1,3,0.3333,0.0,1,0,160,4,392952.08,0.0,0.0,0,0,392952.08,0,desvirtuado
166,TSO110412T83,Mantenimiento,4,160514.25,40128.56,73376.99,22937.32,0.75,4,1,1,1,3,0.0,0.3333,1,0,1795,4,160514.25,0.0,0.0,0,0,160514.25,0,desvirtuado
166,FIN150130325,Publicidad,3,189010.19,63003.4,114935.92,39959.74,0.0,3,0,0,1,3,0.0,0.0,1,0,2491,3,189010.19,0.0,0.0,0,0,189010.19,0,favorable
166,CMI131024FB8,Logistica,3,255463.77,85154.59,166305.51,61427.45,0.6667,3,1,1,1,2,0.0,0.0,1,0,1753,2,184035.18,0.3333,0.0,0,0,255463.77,0,favorable
166,CASS010504FG7,Mantenimiento,4,193185.4,48296.35,136545.53,50957.0,0.75,3,1,1,1,1,0.0,0.0,1,0,213,4,193185.4,0.0,0.0,0,0,193185.4,0,presunto
166,HIC210129652,Papeleria,3,157704.2,52568.07,121659.98,48855.95,0.3333,3,1,1,1,3,0.0,0.0,1,0,1822,3,157704.2,0.0,0.0,0,0,157704.2,0,presunto
166,URQ000223OPZ,Transporte,10,445968.27,44596.83,48061.56,2512.59,0.0,6,1,1,1,10,0.0,0.5,0,0,1697,8,357103.49,0.1,0.0,0,1,445968.27,0,no_listado
166,MBB100220MT7,Mantenimiento,1,9860.0,9860.0,9860.0,0.0,0.0,1,0,0,0,0,0.0,0.0,0,0,1214,1,9860.0,0.0,0.0,0,0,9860.0,0,no_listado
166,NEM010918V4S,Seguridad,8,556800.0,69600.0,69600.0,0.0,0.0,4,1,1,0,0,0.0,0.0,0,0,1249,7,487200.0,0.0,0.0,0,0,556800.0,0,no_listado
166,UPY020820PDK,Papeleria,4,52797.73,13199.43,14637.23,1324.04,0.0,3,1,1,0,0,0.0,0.0,0,0,2166,3,41756.93,0.25,0.0,0,0,52797.73,0,no_listado
166,JSV090615OOX,Consultoria,6,300443.58,50073.93,61563.72,6623.72,0.0,4,1,1,0,0,0.0,0.0,0,0,2210,6,300443.58,0.0,0.0,0,0,300443.58,0,no_listado
166,ZPX1902204JI,Construccion,9,510684.03,56742.67,77321.75,12158.88,0.0,5,1,1,1,9,0.0,0.0,0,0,95,8,468443.13,0.1111,0.0,0,0,510684.03,0,no_listado
166,NACA640301UD2,Consultoria,5,161908.39,32381.68,43857.51,6651.71,0.0,3,1,1,0,0,0.0,0.0,1,0,2630,5,161908.39,0.0,0.0,0,0,161908.39,0,favorable
166,RUN161227YZ2,Limpieza,8,36952.7,4619.09,6730.32,1647.71,0.0,1,0,0,0,0,0.0,0.0,0,0,2407,8,36952.7,0.0,0.0,0,0,36952.7,0,no_listado
166,BNG040605AGM,Mantenimiento,6,48732.48,8122.08,10424.39,1831.91,0.5,6,1,1,1,6,1.0,0.0,0,0,1605,6,48732.48,0.0,0.0,0,0,48732.48,0,no_listado
167,JJJ180225QY5,Tecnologia,9,546869.05,60763.23,132057.47,37464.3,0.4444,6,1,1,1,9,0.0,0.0,0,0,1631,9,546869.05,0.0,0.0,0,0,546869.05,0,no_listado
167,HMS1510036AA,Limpieza,3,334204.39,111401.46,166893.48,66233.65,0.3333,3,1,1,1,3,0.0,0.0,0,0,1335,2,167310.91,0.3333,0.0,0,0,334204.39,0,no_listado
167,DCL110722I40,Papeleria,9,549554.6,61061.62,105176.61,34300.85,0.6667,4,0,0,1,4,0.0,0.0,0,0,2038,8,444465.72,0.0,0.0,0,0,549554.6,0,no_listado
167,VUJ100914FRS,Publicidad,4,484742.62,121185.65,146947.66,24676.03,0.5,3,1,1,1,4,0.0,0.0,0,0,2067,3,348275.8,0.25,0.0,0,0,484742.62,0,no_listado
167,JQE030311FX5,Seguridad,3,279906.25,93302.08,133810.33,31731.76,0.6667,3,0,0,0,0,0.0,0.0,0,0,2254,3,279906.25,0.0,0.0,0,0,279906.25,0,no_listado
167,QJU181016L1C,Construccion,5,368477.06,73695.41,106835.45,31045.52,0.6,4,1,1,1,5,0.0,0.0,0,0,822,2,101248.63,0.6,0.0,0,0,368477.06,0,no_listado
167,LIT240905CQT,Papeleria,3,121924.66,40641.55,84311.85,30882.29,0.6667,2,0,0,1,3,0.0,0.0,0,0,521,2,37612.81,0.3333,0.0,0,0,121924.66,0,no_listado
167,ZIQ181211MF7,Mantenimiento,9,658699.9,73188.88,150381.69,40168.06,0.6667,5,0,0,1,3,0.0,0.0,0,0,1373,7,542893.55,0.2222,0.0,0,0,658699.9,0,no_listado
167,JUG010907OW6,Construccion,8,565889.72,70736.21,170230.14,47681.93,0.5,5,1,1,1,8,0.25,0.125,0,0,2544,8,565889.72,0.0,0.0,0,0,565889.72,0,no_listado
167,ONL2304206ZA,Consultoria,9,758125.72,84236.19,165558.8,63049.69,0.2222,4,1,1,1,9,0.0,0.0,0,0,2210,6,565070.13,0.2222,0.0,0,0,758125.72,0,no_listado
167,IFB000521M2O,Logistica,5,426874.4,85374.88,122660.64,41819.6,0.6,4,1,1,1,5,0.0,0.0,0,0,1787,4,304213.76,0.2,0.0,0,0,426874.4,0,no_listado
167,BXH131209BY8,Tecnologia,4,268105.16,67026.29,106300.73,38898.45,0.5,3,0,0,0,0,0.0,0.0,0,0,1389,4,268105.16,0.0,0.0,0,0,268105.16,0,no_listado
167,MME150324B60,Consultoria,8,815915.86,101989.48,154858.5,42258.63,0.375,5,0,0,0,0,0.0,0.0,1,1,1931,8,815915.86,0.0,1.0,0,0,815915.86,1,definitivo
167,KFE100904X8Q,Mantenimiento,1,1039648.55,1039648.55,1039648.55,0.0,0.0,1,0,0,0,0,0.0,0.0,0,0,1904,1,1039648.55,0.0,0.0,0,0,1039648.55,1,no_listado
167,QSR140101CYI,Consultoria,10,476399.44,47639.94,49303.26,907.22,0.4,6,0,0,1,10,1.0,1.0,0,0,202,10,476399.44,0.0,1.0,0,0,476399.44,1,no_listado
167,BJV0806087XV,Construccion,5,391565.9,78313.18,127266.49,48244.59,0.2,3,0,0,1,5,1.0,0.0,0,0,184,4,371839.61,0.2,0.0,0,0,391565.9,1,no_listado
167,CSI0910174Z0,Tecnologia,6,341617.28,56936.21,143689.21,51322.69,0.6667,4,0,0,1,3,0.3333,0.0,1,0,836,5,324185.38,0.0,0.0,0,0,341617.28,0,desvirtuado
167,PFR080919LR2,Consultoria,3,329392.94,109797.65,151086.86,45205.27,0.3333,3,1,1,1,2,0.0,0.0,1,0,764,3,329392.94,0.0,0.0,0,0,329392.94,0,desvirtuado
167,LOLA821004T49,Mantenimiento,7,473089.58,67584.23,117345.08,44320.82,0.4286,3,1,1,1,3,0.0,0.0,1,0,1710,7,473089.58,0.0,0.0,0,0,473089.58,0,favorable
167,CMP131217CD2,Logistica,3,226974.88,75658.29,147364.42,51408.27,1.0,3,1,1,1,2,0.0,0.0,1,0,917,3,226974.88,0.0,0.0,0,0,226974.88,0,favorable
167,ROEA881122S80,Tecnologia,7,875891.74,125127.39,166048.01,36426.58,0.5714,5,1,1,1,5,0.2,0.0,1,0,1946,7,875891.74,0.0,0.0,0,0,875891.74,0,presunto
167,LGA200213NM8,Tecnologia,3,90324.32,30108.11,52807.23,16071.0,0.6667,3,1,1,0,0,0.0,0.0,1,0,1311,1,19747.55,0.6667,0.0,0,0,90324.32,0,presunto
167,GZO210422HCO,Transporte,10,434606.9,43460.69,48239.33,2292.81,0.0,5,1,1,1,10,0.0,0.3,0,0,1701,9,389981.78,0.0,0.0,0,0,434606.9,0,no_listado
167,KCE050404L90,Mantenimiento,1,9860.0,9860.0,9860.0,0.0,0.0,1,0,0,0,0,0.0,0.0,0,0,1079,1,9860.0,0.0,0.0,0,0,9860.0,0,no_listado
167,YNA070814DPI,Seguridad,8,556800.0,69600.0,69600.0,0.0,0.0,3,1,1,0,0,0.0,0.0,0,0,1249,8,556800.0,0.0,0.0,0,0,556800.0,0,no_listado
167,NDT180513WGF,Papeleria,4,53245.18,13311.29,17159.07,2813.76,0.0,3,1,1,0,0,0.0,0.0,0,0,2141,4,53245.18,0.0,0.0,0,0,53245.18,0,no_listado
167,ERC220723VSI,Consultoria,6,339560.42,56593.4,63122.21,3585.42,0.0,4,1,1,0,0,0.0,0.0,0,0,2266,6,339560.42,0.0,0.0,0,0,339560.42,0,no_listado
167,LQO0101056YR,Construccion,9,605002.01,67222.45,76312.82,10582.85,0.0,4,1,1,1,9,0.0,0.0,0,0,86,7,475397.72,0.2222,0.0,0,0,605002.01,0,no_listado
167,IMM1111085Y3,Consultoria,5,201440.51,40288.1,42896.52,2168.93,0.0,3,1,1,0,0,0.0,0.0,1,0,2594,5,201440.51,0.0,0.0,0,0,201440.51,0,favorable
167,ETF15072860V,Limpieza,8,43527.04,5440.88,6795.26,1459.48,0.0,1,0,0,0,0,0.0,0.0,0,0,2455,8,43527.04,0.0,0.0,0,0,43527.04,0,no_listado
167,NIU091114U9K,Mantenimiento,6,41202.49,6867.08,9819.23,1787.57,0.5,3,1,1,1,6,1.0,0.0,0,0,1600,5,36017.2,0.0,0.0,0,0,41202.49,0,no_listado
168,DZD230417IEM,Mantenimiento,4,214279.99,53570.0,132479.63,46631.5,0.25,3,1,1,1,4,0.0,0.0,0,0,156,4,214279.99,0.0,0.0,0,0,214279.99,0,no_listado
168,JMF260803SZD,Transporte,3,215510.33,71836.78,148293.91,55647.17,0.6667,3,1,1,1,3,0.0,0.3333,0,0,153,3,215510.33,0.0,0.0,0,0,215510.33,0,no_listado
168,VLH171119GWB,Seguridad,6,715695.48,119282.58,161178.03,33349.88,0.3333,4,1,1,1,6,0.0,0.0,0,0,655,5,554517.45,0.1667,0.0,0,0,715695.48,0,no_listado
168,OMN221021OCJ,Construccion,8,815127.53,101890.94,169553.4,49884.47,0.25,6,1,1,1,8,0.0,0.0,0,0,1020,8,815127.53,0.0,0.0,0,0,815127.53,0,no_listado
168,PZF230919S2O,Tecnologia,5,376693.26,75338.65,125180.4,37484.79,0.6,3,1,1,1,5,0.2,0.0,0,0,534,5,376693.26,0.0,0.0,0,0,376693.26,0,no_listado
168,TIW2510242Q9,Papeleria,4,202176.24,50544.06,105888.4,35907.99,0.5,2,1,1,1,4,0.25,0.0,0,0,1465,4,202176.24,0.0,0.0,0,0,202176.24,0,no_listado
168,KRN040619773,Seguridad,4,271408.64,67852.16,158643.75,54160.36,0.25,3,0,0,1,1,0.0,0.0,0,0,285,3,235345.59,0.25,0.0,0,0,271408.64,0,no_listado
168,FRO170914RJ9,Publicidad,6,373419.55,62236.59,127341.03,33784.52,0.6667,4,1,1,1,6,0.1667,0.0,0,0,1809,5,246078.52,0.1667,0.0,0,0,373419.55,0,no_listado
168,EYQ081208WWY,Transporte,6,514070.65,85678.44,135737.31,42515.18,0.6667,3,1,1,1,6,0.1667,0.0,0,0,1684,6,514070.65,0.0,0.0,0,0,514070.65,0,no_listado
168,KHZ071023EW5,Tecnologia,8,618324.93,77290.62,135846.43,33736.7,0.5,5,1,1,1,8,0.0,0.0,0,0,2454,8,618324.93,0.0,0.0,0,0,618324.93,0,no_listado
168,NBD0908154X8,Tecnologia,9,605335.0,67259.44,164183.85,46168.93,0.4444,4,1,1,1,9,0.0,0.0,0,0,1092,9,605335.0,0.0,0.0,0,0,605335.0,0,no_listado
168,MUB150316I04,Transporte,3,303627.45,101209.15,163868.36,48233.44,0.3333,3,1,1,1,3,0.0,0.3333,0,0,1458,2,210401.28,0.3333,0.0,0,0,303627.45,0,no_listado
168,EPT140531KCA,Consultoria,6,234941.89,39156.98,89379.16,27125.23,0.3333,3,0,0,0,0,0.0,0.0,1,1,1248,5,173258.37,0.1667,1.0,0,0,234941.89,1,definitivo
168,BGR1210042BR,Limpieza,1,1222554.42,1222554.42,1222554.42,0.0,0.0,1,0,0,0,0,0.0,0.0,0,0,1274,1,1222554.42,0.0,0.0,0,0,1222554.42,1,no_listado
168,IDV1801178B5,Transporte,12,580725.11,48393.76,49710.33,900.12,0.4167,6,1,1,1,12,1.0,1.0,0,0,2185,12,580725.11,0.0,1.0,0,0,580725.11,1,no_listado
168,DGY220515E5A,Seguridad,4,409878.6,102469.65,166222.15,54274.51,0.5,4,0,0,1,4,1.0,0.0,0,0,230,4,409878.6,0.0,0.0,0,0,409878.6,1,no_listado
168,GSP000616FV4,Seguridad,7,314435.45,44919.35,104953.9,33016.91,0.5714,5,1,1,1,1,0.0,0.0,1,0,975,6,296817.44,0.0,0.0,0,0,314435.45,0,desvirtuado
168,INE080215D10,Consultoria,4,350941.89,87735.47,114412.61,20041.22,0.25,3,1,1,1,1,0.0,0.0,1,0,184,4,350941.89,0.0,0.0,0,0,350941.89,0,desvirtuado
168,TAC180322D29,Transporte,6,519499.08,86583.18,138725.27,40458.43,0.5,4,1,1,1,4,0.25,0.0,1,0,2532,6,519499.08,0.0,0.0,0,0,519499.08,0,favorable
168,VMJ100408UY4,Transporte,6,508183.5,84697.25,171596.13,55044.47,0.3333,5,1,1,1,3,0.0,0.3333,1,0,1481,5,462905.34,0.1667,0.0,0,0,508183.5,0,favorable
168,SCO1304126C8,Mantenimiento,4,331408.32,82852.08,111637.03,37473.57,0.0,2,0,0,0,0,0.0,0.0,1,0,1610,2,200114.13,0.5,0.0,0,0,331408.32,0,presunto
168,DIC170628RC4,Logistica,3,197139.34,65713.11,159574.39,66369.95,0.3333,3,1,1,1,1,0.0,0.0,1,0,118,2,178367.5,0.0,0.0,0,0,197139.34,0,presunto
168,VVI03050356U,Transporte,10,447460.68,44746.07,47879.09,2395.09,0.0,5,1,1,1,10,0.0,0.5,0,0,1725,9,401585.97,0.0,0.0,0,0,447460.68,0,no_listado
168,YZT001024B4V,Mantenimiento,1,9860.0,9860.0,9860.0,0.0,0.0,1,0,0,0,0,0.0,0.0,0,0,1155,1,9860.0,0.0,0.0,0,0,9860.0,0,no_listado
168,KHD0005034N0,Seguridad,8,556800.0,69600.0,69600.0,0.0,0.0,6,1,1,0,0,0.0,0.0,0,0,1249,5,348000.0,0.0,0.0,0,0,556800.0,0,no_listado
168,KBY090519VCF,Papeleria,4,54363.79,13590.95,16238.84,1921.47,0.0,4,1,1,0,0,0.0,0.0,0,0,2164,4,54363.79,0.0,0.0,0,0,54363.79,0,no_listado
168,YCY220526RWM,Consultoria,6,305575.16,50929.19,62930.16,7651.85,0.0,3,1,1,0,0,0.0,0.0,0,0,2201,5,245301.15,0.1667,0.0,0,0,305575.16,0,no_listado
168,ECR1202091U1,Construccion,9,520723.4,57858.16,77626.02,13009.53,0.0,5,1,1,1,9,0.0,0.3333,0,0,41,6,378717.46,0.3333,0.0,0,0,520723.4,0,no_listado
168,ZACS780818B34,Consultoria,5,162965.93,32593.19,38238.89,4582.09,0.0,4,1,1,0,0,0.0,0.0,1,0,2619,5,162965.93,0.0,0.0,0,0,162965.93,0,desvirtuado
168,NXN190305BML,Limpieza,8,36406.26,4550.78,6913.69,1469.32,0.0,1,0,0,0,0,0.0,0.0,0,0,2408,8,36406.26,0.0,0.0,0,0,36406.26,0,no_listado
168,FSR231222P7E,Mantenimiento,6,45343.79,7557.3,10178.86,1954.21,0.5,5,1,1,1,6,1.0,0.0,0,0,1611,6,45343.79,0.0,0.0,0,0,45343.79,0,no_listado
169,LZU010423ZVE,Mantenimiento,6,535108.12,89184.69,173033.43,55066.85,0.5,3,1,1,1,6,0.0,0.0,0,0,1092,4,320201.59,0.1667,0.0,0,0,535108.12,0,no_listado
169,EBC160520ZK4,Consultoria,8,607143.33,75892.92,172483.81,50905.75,0.25,5,1,1,1,8,0.0,0.0,0,0,1454,7,589091.97,0.125,0.0,0,0,607143.33,0,no_listado
169,BND0703143BY,Publicidad,7,627922.21,89703.17,148701.65,39256.69,0.4286,5,1,1,1,7,0.1429,0.0,0,0,1817,5,502369.58,0.2857,0.0,0,0,627922.21,0,no_listado
169,ORH010109BLR,Limpieza,3,56077.57,18692.52,19864.52,846.62,0.6667,2,1,1,1,3,0.0,0.0,0,0,283,3,56077.57,0.0,0.0,0,0,56077.57,0,no_listado
169,ZCG190501HQ4,Transporte,3,352020.35,117340.12,165633.36,66035.37,0.6667,2,1,1,1,3,0.0,0.0,0,0,770,2,328049.88,0.3333,0.0,0,0,352020.35,0,no_listado
169,VEH120410IPC,Limpieza,4,196748.04,49187.01,66960.7,17933.37,0.75,4,0,0,1,2,0.0,0.0,0,0,2255,3,176907.43,0.25,0.0,0,0,196748.04,0,no_listado
169,TXA200922DEX,Logistica,4,265620.28,66405.07,158469.1,56894.29,0.75,3,1,1,1,4,0.0,0.0,0,0,219,4,265620.28,0.0,0.0,0,0,265620.28,0,no_listado
169,EYV1504165QL,Tecnologia,6,395206.25,65867.71,160740.54,53176.24,0.5,5,1,1,1,6,0.0,0.0,0,0,285,5,376514.16,0.1667,0.0,0,0,395206.25,0,no_listado
169,GIL220421QSQ,Logistica,5,500698.33,100139.67,160021.26,42358.24,0.2,4,0,0,1,3,0.0,0.0,0,0,1223,4,468074.63,0.2,0.0,0,0,500698.33,0,no_listado
169,CNX241018272,Consultoria,3,227309.16,75769.72,142482.74,50963.25,0.6667,2,0,0,1,2,0.5,0.0,0,0,1197,3,227309.16,0.0,0.0,0,0,227309.16,0,no_listado
169,QGA03062078P,Publicidad,9,673548.39,74838.71,167548.95,53443.18,0.5556,4,0,0,1,6,0.1667,0.0,0,0,1427,7,470846.64,0.1111,0.0,0,0,673548.39,0,no_listado
169,OTZ001106Y5Y,Transporte,5,481944.57,96388.91,156178.69,46436.2,0.2,4,0,0,1,3,0.3333,0.0,0,0,853,2,223017.69,0.6,0.0,0,0,481944.57,0,no_listado
169,AAAA620217U54,Consultoria,8,384801.5,48100.19,113828.38,35502.21,0.5,6,0,0,0,0,0.0,0.0,1,1,1544,6,320179.46,0.25,1.0,0,0,384801.5,1,definitivo
169,WGY070203BRA,Tecnologia,1,1702596.31,1702596.31,1702596.31,0.0,0.0,1,1,1,0,0,0.0,0.0,0,0,233,1,1702596.31,0.0,0.0,0,0,1702596.31,1,no_listado
169,HFB110205I2X,Seguridad,13,630649.43,48511.49,49485.08,909.68,0.1538,5,1,1,1,13,1.0,1.0,0,0,281,13,630649.43,0.0,1.0,0,0,630649.43,1,no_listado
169,QUL2004214TZ,Tecnologia,6,629541.62,104923.6,151780.94,38522.55,0.3333,5,0,0,1,6,1.0,0.0,0,0,963,5,577364.37,0.1667,0.0,0,0,629541.62,1,no_listado
169,TMM150309UF0,Transporte,4,105575.68,26393.92,47252.91,12047.51,0.75,3,1,1,1,2,0.0,0.0,1,0,807,3,86639.0,0.25,0.0,0,0,105575.68,0,desvirtuado
169,PDN020524LH7,Publicidad,3,370344.27,123448.09,159166.65,25389.25,0.3333,2,0,0,1,1,0.0,0.0,1,0,951,2,261583.85,0.3333,0.0,0,0,370344.27,0,desvirtuado
169,PCD071210BF1,Papeleria,4,384085.29,96021.32,166943.59,51341.32,0.25,3,0,0,1,3,0.0,0.0,1,0,686,4,384085.29,0.0,0.0,0,0,384085.29,0,favorable
169,PPC130527NN4,Seguridad,3,125630.77,41876.92,54176.18,17099.98,1.0,2,0,0,0,0,0.0,0.0,1,0,1045,3,125630.77,0.0,0.0,0,0,125630.77,0,favorable
169,JILD690529H60,Publicidad,7,344457.67,49208.24,139115.64,49309.23,0.4286,4,0,0,1,3,0.0,0.0,1,0,2557,2,157908.75,0.7143,0.0,0,0,344457.67,0,presunto
169,NPS231024GZ1,Seguridad,4,315175.64,78793.91,139427.46,43194.86,0.5,4,1,1,1,1,0.0,0.0,1,0,139,3,232217.02,0.25,0.0,0,0,315175.64,0,presunto
169,RON2409045YT,Transporte,10,446013.37,44601.34,47584.56,2131.42,0.0,6,1,1,1,10,0.0,0.6,0,0,1701,9,399872.37,0.0,0.0,0,0,446013.37,0,no_listado
169,CAP020101ZBM,Mantenimiento,1,9860.0,9860.0,9860.0,0.0,0.0,1,0,0,0,0,0.0,0.0,0,0,1127,1,9860.0,0.0,0.0,0,0,9860.0,0,no_listado
169,KNN180223WZ8,Seguridad,8,556800.0,69600.0,69600.0,0.0,0.0,4,1,1,0,0,0.0,0.0,0,0,1249,6,417600.0,0.0,0.0,0,0,556800.0,0,no_listado
169,LQV220506QH8,Papeleria,4,51797.95,12949.49,16240.65,2334.73,0.0,3,1,1,0,0,0.0,0.0,0,0,2169,4,51797.95,0.0,0.0,0,0,51797.95,0,no_listado
169,JHA181025ZIY,Consultoria,6,325854.86,54309.14,60932.7,6847.03,0.0,3,1,1,0,0,0.0,0.0,0,0,2213,5,268543.76,0.0,0.0,0,0,325854.86,0,no_listado
169,OHP261116FMQ,Construccion,9,511610.67,56845.63,74899.62,14681.43,0.0,4,1,1,1,9,0.0,0.1111,0,0,103,8,468411.42,0.1111,0.0,0,0,511610.67,0,no_listado
169,RTE150129M5A,Consultoria,5,165616.56,33123.31,39042.57,5338.15,0.0,3,1,1,0,0,0.0,0.0,1,0,2578,5,165616.56,0.0,0.0,0,0,165616.56,0,favorable
169,WOP150604H1Z,Limpieza,8,38882.95,4860.37,6378.46,1165.29,0.0,1,0,0,0,0,0.0,0.0,0,0,2443,8,38882.95,0.0,0.0,0,0,38882.95,0,no_listado
169,ILQ110217ONX,Mantenimiento,6,37718.75,6286.46,10249.32,1942.69,0.3333,5,1,1,1,6,1.0,0.0,0,0,1625,6,37718.75,0.0,0.0,0,0,37718.75,0,no_listado
170,DYI131126YYX,Seguridad,7,454970.21,64995.74,119870.73,32292.43,0.4286,4,0,0,1,5,0.2,0.0,0,0,271,6,389265.95,0.1429,0.0,0,0,454970.21,0,no_listado
170,KIB130215KS1,Consultoria,5,574061.73,114812.35,159195.53,25369.65,0.4,2,0,0,1,2,0.0,0.0,0,0,2034,4,414866.2,0.2,0.0,0,0,574061.73,0,no_listado
170,EXZ050428OBE,Publicidad,3,405876.52,135292.17,163799.39,21317.94,0.3333,3,1,1,1,3,0.0,0.0,0,0,254,1,163799.39,0.6667,0.0,0,0,405876.52,0,no_listado
170,FFA250813EHF,Papeleria,9,666226.69,74025.19,158941.25,45172.92,0.5556,5,1,1,1,9,0.1111,0.0,0,0,111,9,666226.69,0.0,0.0,0,0,666226.69,0,no_listado
170,QAC010522AQJ,Construccion,5,166596.9,33319.38,74169.61,21721.19,0.6,2,1,1,1,5,0.0,0.0,0,0,389,5,166596.9,0.0,0.0,0,0,166596.9,0,no_listado
170,PYB1004203W1,Transporte,9,552402.83,61378.09,149161.98,43739.66,0.3333,5,0,0,1,4,0.25,0.25,0,0,2045,9,552402.83,0.0,0.0,0,0,552402.83,0,no_listado
170,GYF20011939Q,Transporte,9,884918.6,98324.29,164669.61,52467.94,0.4444,5,1,1,1,9,0.1111,0.0,0,0,2329,9,884918.6,0.0,0.0,0,0,884918.6,0,no_listado
170,VCJ221013U5K,Mantenimiento,3,248860.93,82953.64,151075.65,51900.52,0.3333,2,0,0,1,1,1.0,0.0,0,0,2334,3,248860.93,0.0,0.0,0,0,248860.93,0,no_listado
170,FMO040325C4K,Consultoria,3,386990.75,128996.92,158056.32,39864.26,0.3333,3,1,1,1,3,0.0,0.0,0,0,2214,3,386990.75,0.0,0.0,0,0,386990.75,0,no_listado
170,YXI070626L3O,Consultoria,8,623217.22,77902.15,150746.04,49998.79,0.625,6,1,1,1,8,0.375,0.125,0,0,1821,5,540746.31,0.375,0.0,0,0,623217.22,0,no_listado
170,LSY1603218F5,Logistica,3,104744.85,34914.95,48480.96,11783.63,0.6667,2,1,1,1,3,0.0,0.3333,0,0,323,1,48480.96,0.6667,0.0,0,0,104744.85,0,no_listado
170,UPC200511I5B,Limpieza,8,574187.73,71773.47,154365.4,42625.26,0.5,5,0,0,1,5,0.0,0.0,0,0,1498,8,574187.73,0.0,0.0,0,0,574187.73,0,no_listado
170,GVE140609G21,Consultoria,8,374644.04,46830.5,108619.55,36788.84,0.75,6,0,0,0,0,0.0,0.0,1,1,104,8,374644.04,0.0,1.0,0,0,374644.04,1,definitivo
170,ZSS230126XGX,Transporte,1,1165953.19,1165953.19,1165953.19,0.0,0.0,1,1,1,0,0,0.0,0.0,0,0,353,1,1165953.19,0.0,0.0,0,0,1165953.19,1,no_listado
170,EPA201110YRK,Consultoria,12,579288.34,48274.03,49200.04,516.11,0.6667,5,0,0,1,12,1.0,1.0,0,0,302,11,531360.32,0.0,1.0,0,0,579288.34,1,no_listado
170,HPS070201CTP,Logistica,4,267516.35,66879.09,162380.35,56051.28,0.5,3,1,1,1,4,1.0,0.0,0,0,75,4,267516.35,0.0,0.0,0,0,267516.35,1,no_listado
170,DDA110927BT7,Papeleria,3,272677.37,90892.46,137601.8,45486.66,0.6667,3,1,1,1,1,0.0,0.0,1,0,252,3,272677.37,0.0,0.0,0,0,272677.37,0,desvirtuado
170,KAB140925I29,Mantenimiento,3,298953.4,99651.13,161055.24,60084.27,0.3333,2,0,0,1,2,0.0,0.0,1,0,213,3,298953.4,0.0,0.0,0,0,298953.4,0,desvirtuado
170,SOSS821113470,Transporte,3,253201.42,84400.47,120351.95,45806.81,0.3333,3,1,1,1,2,0.0,0.0,1,0,391,2,233445.89,0.3333,0.0,0,0,253201.42,0,favorable
170,INE050201R96,Tecnologia,5,342436.35,68487.27,148099.76,52860.49,0.4,4,1,1,1,3,0.0,0.0,1,0,195,3,80865.12,0.4,0.0,0,0,342436.35,0,favorable
170,CPO230504DV1,Tecnologia,6,511256.73,85209.46,143565.93,33982.87,0.3333,4,1,1,1,2,0.0,0.0,1,0,94,4,361945.91,0.3333,0.0,0,1,511256.73,0,presunto
170,GRA080304G3A,Transporte,5,441906.61,88381.32,139361.24,44853.33,0.8,4,0,0,1,1,0.0,0.0,1,0,238,4,309901.79,0.2,0.0,0,0,441906.61,0,presunto
170,YDS131128FF6,Transporte,10,445529.37,44552.94,48415.73,2257.31,0.0,6,1,1,1,10,0.0,0.4,0,0,1724,6,272006.45,0.1,0.0,0,0,445529.37,0,no_listado
170,KKN060320N3H,Mantenimiento,1,9860.0,9860.0,9860.0,0.0,0.0,1,0,0,0,0,0.0,0.0,0,0,1052,1,9860.0,0.0,0.0,0,0,9860.0,0,no_listado
170,OCJ230411QU6,Seguridad,8,556800.0,69600.0,69600.0,0.0,0.0,5,1,1,0,0,0.0,0.0,0,0,1249,8,556800.0,0.0,0.0,0,0,556800.0,0,no_listado
170,ZZK1704101B5,Papeleria,4,52860.6,13215.15,17042.27,2310.56,0.0,3,1,1,0,0,0.0,0.0,0,0,2189,3,40789.35,0.25,0.0,0,0,52860.6,0,no_listado
170,GMB0708115UG,Consultoria,6,309113.76,51518.96,60046.97,7767.31,0.0,3,1,1,0,0,0.0,0.0,0,0,2206,6,309113.76,0.0,0.0,0,0,309113.76,0,no_listado
170,BBB100722E8Q,Construccion,9,558368.62,62040.96,76598.35,9095.05,0.0,5,1,1,1,9,0.0,0.2222,0,0,30,7,412483.23,0.2222,0.0,0,0,558368.62,0,no_listado
170,NCO140411PN5,Consultoria,5,183855.37,36771.07,43087.18,5083.86,0.0,3,1,1,0,0,0.0,0.0,1,0,2588,5,183855.37,0.0,0.0,0,0,183855.37,0,favorable
170,YRV050304NER,Limpieza,8,33659.15,4207.39,6291.5,1374.58,0.0,1,0,0,0,0,0.0,0.0,0,0,2408,8,33659.15,0.0,0.0,0,0,33659.15,0,no_listado
170,HSL130711OWB,Mantenimiento,6,49405.47,8234.25,9803.97,1331.53,0.8333,4,1,1,1,6,1.0,0.0,0,0,1620,3,26428.01,0.5,0.0,0,0,49405.47,0,no_listado
171,LSA100809VAW,Construccion,7,536919.86,76702.84,146260.36,43503.08,0.1429,5,0,0,1,5,0.0,0.0,0,0,1702,5,383639.49,0.2857,0.0,0,0,536919.86,0,no_listado
171,FGU071227HWU,Construccion,3,180394.26,60131.42,125997.45,47057.49,0.6667,3,1,1,1,3,0.0,0.0,0,0,769,3,180394.26,0.0,0.0,0,0,180394.26,0,no_listado
171,HIN240306JW5,Limpieza,6,301431.64,50238.61,71819.06,22881.48,1.0,4,1,1,1,6,0.0,0.0,0,0,1337,6,301431.64,0.0,0.0,0,0,301431.64,0,no_listado
171,UTL0201195F1,Papeleria,6,640378.96,106729.83,168735.95,38327.61,0.5,5,0,0,1,4,0.0,0.0,0,0,1479,6,640378.96,0.0,0.0,0,0,640378.96,0,no_listado
171,VNH180512J5H,Transporte,6,738252.41,123042.07,171792.62,36709.36,0.5,5,1,1,1,6,0.3333,0.0,0,0,1517,3,431093.85,0.5,0.0,0,0,738252.41,0,no_listado
171,ZER170422JGX,Mantenimiento,3,197127.12,65709.04,105761.05,35644.06,1.0,3,1,1,1,3,0.0,0.0,0,0,2259,3,197127.12,0.0,0.0,0,0,197127.12,0,no_listado
171,HWJ040709NS8,Construccion,7,585845.3,83692.19,141468.9,40439.47,0.4286,4,1,1,1,7,0.0,0.0,0,0,2092,7,585845.3,0.0,0.0,0,0,585845.3,0,no_listado
171,YUP00022678E,Tecnologia,9,618135.32,68681.7,121269.82,35396.16,0.5556,5,0,0,1,6,0.1667,0.0,0,0,2342,7,512491.65,0.1111,0.0,0,0,618135.32,0,no_listado
171,KBI230719STG,Logistica,4,231488.83,57872.21,116762.83,41560.03,0.75,2,1,1,1,4,0.0,0.0,0,0,575,3,213870.82,0.25,0.0,0,0,231488.83,0,no_listado
171,RFG050801LHD,Publicidad,5,352471.58,70494.32,90323.34,12935.12,0.6,3,1,1,1,5,0.0,0.0,0,0,2225,4,291076.5,0.2,0.0,0,0,352471.58,0,no_listado
171,AQN170108HQW,Mantenimiento,5,360519.7,72103.94,110190.74,33407.23,0.8,4,1,1,1,5,0.6,0.0,0,0,1422,3,189809.56,0.4,0.0,0,0,360519.7,0,no_listado
171,KOH0406051T1,Limpieza,5,314902.72,62980.54,109760.55,39887.3,0.4,3,0,0,1,3,0.3333,0.0,0,0,2390,5,314902.72,0.0,0.0,0,0,314902.72,0,no_listado
171,ODA150917KS9,Consultoria,6,591787.91,98631.32,148058.98,42858.07,0.1667,4,0,0,0,0,0.0,0.0,1,1,886,4,444646.22,0.3333,1.0,0,0,591787.91,1,definitivo
171,EWK230117GPT,Transporte,1,1079055.49,1079055.49,1079055.49,0.0,1.0,1,1,1,0,0,0.0,0.0,0,0,389,1,1079055.49,0.0,0.0,0,0,1079055.49,1,no_listado
171,GEN0411194GO,Tecnologia,12,577038.07,48086.51,49133.4,763.13,0.75,6,0,0,1,12,1.0,1.0,0,0,294,11,530369.56,0.0833,1.0,0,0,577038.07,1,no_listado
171,KOX221118Z78,Logistica,6,409025.37,68170.9,128811.63,38634.74,0.6667,4,1,1,1,6,1.0,0.0,0,0,1037,6,409025.37,0.0,0.0,0,0,409025.37,1,no_listado
171,ROPM640921I40,Publicidad,5,510829.06,102165.81,169738.47,68653.46,0.6,4,1,1,1,3,0.0,0.0,1,0,662,5,510829.06,0.0,0.0,0,0,510829.06,0,desvirtuado
171,QSE980129NX8,Papeleria,7,636736.61,90962.37,172735.91,67413.91,0.7143,4,1,1,1,2,0.0,0.0,1,0,1945,7,636736.61,0.0,0.0,0,0,636736.61,0,desvirtuado
171,NCE1504137H3,Construccion,6,426285.94,71047.66,173123.45,52975.53,0.3333,4,1,1,1,3,0.0,0.0,1,0,283,4,307112.88,0.3333,0.0,0,0,426285.94,0,favorable
171,SPC170914728,Limpieza,4,279863.46,69965.86,122901.0,51408.38,0.5,4,1,1,1,1,0.0,0.0,1,0,277,4,279863.46,0.0,0.0,0,0,279863.46,0,favorable
171,SAA101109LM6,Consultoria,4,441369.1,110342.28,171005.83,55411.92,0.0,4,0,0,1,3,0.0,0.0,1,0,1844,1,54891.7,0.5,0.0,0,0,441369.1,0,presunto
171,COG170522FP6,Limpieza,4,278953.68,69738.42,131434.72,40716.74,1.0,3,1,1,1,1,0.0,0.0,1,0,2254,4,278953.68,0.0,0.0,0,0,278953.68,0,presunto
171,KLH160303S9G,Transporte,10,441203.65,44120.37,46862.52,1615.66,0.0,5,1,1,1,10,0.0,0.2,0,0,1702,8,350234.59,0.0,0.0,0,0,441203.65,0,no_listado
171,PJG220528JAV,Mantenimiento,1,9860.0,9860.0,9860.0,0.0,0.0,1,0,0,0,0,0.0,0.0,0,0,1279,1,9860.0,0.0,0.0,0,1,9860.0,0,no_listado
171,BYN0305245MS,Seguridad,8,556800.0,69600.0,69600.0,0.0,0.0,6,1,1,0,0,0.0,0.0,0,0,1249,7,487200.0,0.0,0.0,0,0,556800.0,0,no_listado
171,BUR160713LXL,Papeleria,4,52368.52,13092.13,14200.12,976.96,0.0,3,1,1,0,0,0.0,0.0,0,0,2211,4,52368.52,0.0,0.0,0,0,52368.52,0,no_listado
171,NLK181105OSW,Consultoria,6,308179.61,51363.27,62728.15,7058.4,0.0,4,1,1,0,0,0.0,0.0,0,0,2200,5,252338.52,0.1667,0.0,0,0,308179.61,0,no_listado
171,OHQ060625YTH,Construccion,9,533334.32,59259.37,73934.24,10481.84,0.0,5,1,1,1,9,0.0,0.3333,0,0,39,8,485127.12,0.1111,0.0,0,0,533334.32,0,no_listado
171,SATM7609084R8,Consultoria,5,201824.22,40364.84,45235.96,3650.62,0.0,4,1,1,0,0,0.0,0.0,1,0,2623,5,201824.22,0.0,0.0,0,0,201824.22,0,favorable
171,PUI01081044P,Limpieza,8,38222.5,4777.81,6742.26,1378.39,0.0,1,0,0,0,0,0.0,0.0,0,0,2428,8,38222.5,0.0,0.0,0,0,38222.5,0,no_listado
171,XRY101108JM2,Mantenimiento,6,37615.91,6269.32,7518.92,933.21,0.8333,5,1,1,1,6,1.0,0.0,0,0,1602,5,30570.39,0.1667,0.0,0,0,37615.91,0,no_listado
172,SNR0212150WN,Construccion,6,399864.97,66644.16,107052.7,35008.14,0.5,3,0,0,1,2,0.0,0.0,0,0,839,4,300064.84,0.3333,0.0,0,0,399864.97,0,no_listado
172,HVQ081104GRU,Consultoria,3,250016.29,83338.76,121574.79,46112.16,1.0,2,0,0,1,1,0.0,0.0,0,0,719,2,140046.21,0.3333,0.0,0,0,250016.29,0,no_listado
172,ZXW071206YG2,Papeleria,3,181972.67,60657.56,122348.56,44731.89,0.3333,3,0,0,1,3,0.3333,0.0,0,0,232,3,181972.67,0.0,0.0,0,0,181972.67,0,no_listado
172,DKN040608EY4,Mantenimiento,3,111169.43,37056.48,45083.42,6028.09,0.6667,2,0,0,1,2,0.0,0.0,0,0,94,2,75639.86,0.3333,0.0,0,0,111169.43,0,no_listado
172,GVR030927B0J,Logistica,8,576546.74,72068.34,138545.96,44546.04,0.5,5,0,0,1,6,0.1667,0.0,0,0,1746,7,556865.66,0.125,0.0,0,0,576546.74,0,no_listado
172,XAS120409SFS,Construccion,6,517103.18,86183.86,161924.97,44267.61,0.8333,3,1,1,1,6,0.1667,0.0,0,0,159,5,449312.51,0.1667,0.0,0,0,517103.18,0,no_listado
172,JKS021126GRD,Seguridad,9,713456.87,79272.99,154874.02,53198.09,0.4444,5,0,0,1,3,0.0,0.0,0,0,1282,7,594140.55,0.2222,0.0,0,0,713456.87,0,no_listado
172,WGC051107L8J,Logistica,8,515246.91,64405.86,162222.37,46748.58,0.125,4,0,0,1,1,0.0,0.0,0,0,130,7,353024.54,0.125,0.0,0,0,515246.91,0,no_listado
172,SEM060223S9F,Tecnologia,6,600234.83,100039.14,170557.69,58333.22,0.3333,4,0,0,1,2,0.0,0.0,0,0,1445,5,575167.67,0.1667,0.0,0,0,600234.83,0,no_listado
172,MBO191204YGD,Tecnologia,6,426232.18,71038.7,163839.04,60804.66,0.6667,5,0,0,1,2,0.0,0.0,0,0,1428,5,406391.57,0.1667,0.0,0,0,426232.18,0,no_listado
172,ICT1006013ZH,Publicidad,4,268908.54,67227.13,138975.76,44465.12,0.25,3,1,1,1,4,0.0,0.0,0,0,2225,4,268908.54,0.0,0.0,0,0,268908.54,0,no_listado
172,MLA0705023QP,Papeleria,3,119925.36,39975.12,83179.25,30549.99,1.0,2,0,0,1,2,0.0,0.0,0,0,2240,3,119925.36,0.0,0.0,0,0,119925.36,0,no_listado
172,GIA13082938A,Consultoria,8,517987.73,64748.47,128929.52,42964.89,0.5,4,0,0,0,0,0.0,0.0,1,1,99,7,497898.86,0.125,1.0,0,0,517987.73,1,definitivo
172,CLD050804YG3,Seguridad,1,1120930.59,1120930.59,1120930.59,0.0,0.0,1,0,0,0,0,0.0,0.0,0,0,368,1,1120930.59,0.0,0.0,0,0,1120930.59,1,no_listado
172,OQT171113CB3,Transporte,12,574930.91,47910.91,49201.61,948.95,0.4167,6,0,0,1,12,1.0,1.0,0,0,1078,12,574930.91,0.0,1.0,0,0,574930.91,1,no_listado
172,GYA061125B7H,Publicidad,4,221286.73,55321.68,142000.84,50961.58,0.5,2,0,0,1,4,1.0,0.0,0,0,181,4,221286.73,0.0,0.0,0,0,221286.73,1,no_listado
172,CAE100209QR9,Transporte,4,73856.44,18464.11,19715.65,796.39,0.5,3,0,0,0,0,0.0,0.0,1,0,2218,4,73856.44,0.0,0.0,0,0,73856.44,0,desvirtuado
172,PESA730920DD3,Limpieza,4,343200.16,85800.04,146225.51,55096.89,1.0,2,1,1,1,3,0.3333,0.3333,1,0,1084,4,343200.16,0.0,0.0,0,0,343200.16,0,desvirtuado
172,ODA100617QY1,Logistica,4,453185.7,113296.43,157625.42,37882.58,0.25,2,0,0,1,2,0.0,0.0,1,0,1083,4,453185.7,0.0,0.0,0,0,453185.7,0,favorable
172,CAL140806DZ8,Publicidad,7,459178.53,65596.93,148208.84,53050.29,0.0,3,0,0,1,3,0.0,0.0,1,0,1075,5,274663.19,0.2857,0.0,0,0,459178.53,0,favorable
172,CING910207166,Construccion,6,652652.44,108775.41,169416.89,56762.8,0.3333,6,1,1,1,3,0.3333,0.0,1,0,1521,2,64302.57,0.6667,0.0,0,0,652652.44,0,presunto
172,HERC640307CF8,Seguridad,3,245119.08,81706.36,137860.2,49293.52,0.3333,3,1,1,1,1,0.0,0.0,1,0,2368,3,245119.08,0.0,0.0,0,0,245119.08,0,presunto
172,ESG2412200EU,Transporte,10,469828.34,46982.83,48551.48,1294.26,0.0,5,1,1,1,10,0.0,0.9,0,0,1699,8,376799.51,0.0,0.0,0,0,469828.34,0,no_listado
172,NVU240711VQH,Mantenimiento,1,9860.0,9860.0,9860.0,0.0,0.0,1,0,0,0,0,0.0,0.0,0,0,1215,1,9860.0,0.0,0.0,0,0,9860.0,0,no_listado
172,BVS190122ZTN,Seguridad,8,556800.0,69600.0,69600.0,0.0,0.0,5,1,1,0,0,0.0,0.0,0,0,1249,4,278400.0,0.0,0.0,0,0,556800.0,0,no_listado
172,KHD2203047T0,Papeleria,4,51585.05,12896.26,14655.34,1519.79,0.0,3,1,1,0,0,0.0,0.0,0,0,2236,4,51585.05,0.0,0.0,0,0,51585.05,0,no_listado
172,KWN231214XWE,Consultoria,6,304997.12,50832.85,58677.89,5280.38,0.0,5,1,1,0,0,0.0,0.0,0,0,2206,5,257628.15,0.1667,0.0,0,0,304997.12,0,no_listado
172,MZN040918Q7A,Construccion,9,540451.0,60050.11,79034.2,14111.27,0.0,4,1,1,1,9,0.0,0.1111,0,0,116,8,461416.8,0.1111,0.0,0,0,540451.0,0,no_listado
172,CSI070816QM4,Consultoria,5,192050.27,38410.05,43307.41,5694.47,0.0,3,1,1,0,0,0.0,0.0,1,0,2575,4,159265.84,0.2,0.0,0,0,192050.27,0,favorable
172,KHF010103BBW,Limpieza,8,27878.39,3484.8,5645.73,1014.15,0.0,1,0,0,0,0,0.0,0.0,0,0,2453,8,27878.39,0.0,0.0,0,0,27878.39,0,no_listado
172,SWO201114D9G,Mantenimiento,6,45449.61,7574.94,10142.9,2038.03,0.5,5,1,1,1,6,1.0,0.0,0,0,1646,5,40580.85,0.1667,0.0,0,0,45449.61,0,no_listado
173,ZQG220122SAL,Transporte,8,733677.74,91709.72,165012.74,50365.34,0.25,4,0,0,1,5,0.2,0.0,0,0,1778,7,714642.7,0.125,0.0,0,0,733677.74,0,no_listado
173,FSO071213U1K,Mantenimiento,3,327270.78,109090.26,149873.13,47457.58,1.0,3,1,1,1,3,0.0,0.0,0,0,404,3,327270.78,0.0,0.0,0,0,327270.78,0,no_listado
173,LEP121126ORZ,Tecnologia,4,310994.44,77748.61,144779.24,43192.85,0.25,3,1,1,1,4,0.25,0.0,0,0,868,3,282100.49,0.25,0.0,0,0,310994.44,0,no_listado
173,UNW080108FVL,Seguridad,6,605110.2,100851.7,171621.66,42362.45,0.5,4,1,1,1,6,0.0,0.0,0,0,2570,5,530550.12,0.0,0.0,0,0,605110.2,0,no_listado
173,NSW160323B02,Seguridad,7,278997.03,39856.72,136529.65,40686.62,0.2857,5,1,1,1,7,0.1429,0.1429,0,0,75,6,260780.84,0.0,0.0,0,0,278997.03,0,no_listado
173,ENE260710OZ6,Mantenimiento,8,427686.29,53460.79,126308.27,38120.15,0.625,5,0,0,1,3,0.0,0.0,0,0,195,6,349543.81,0.25,0.0,0,0,427686.29,0,no_listado
173,FZH101028WVD,Tecnologia,4,203657.66,50914.42,80664.24,23066.3,0.5,3,0,0,1,1,0.0,0.0,0,0,119,3,185893.43,0.25,0.0,0,0,203657.66,0,no_listado
173,NSZ2301152N6,Logistica,3,175095.15,58365.05,123366.24,46020.25,0.3333,3,0,0,1,2,0.0,0.0,0,0,1676,2,51728.91,0.3333,0.0,0,0,175095.15,0,no_listado
173,AKV08052744T,Tecnologia,4,262051.82,65512.95,98133.78,29781.77,0.75,3,1,1,1,4,0.0,0.0,0,0,2377,4,262051.82,0.0,0.0,0,0,262051.82,0,no_listado
173,VCP2209184NN,Logistica,8,667126.92,83390.87,171920.28,54203.37,0.25,6,0,0,1,2,0.0,0.0,0,0,271,7,514632.32,0.125,0.0,0,0,667126.92,0,no_listado
173,VUX0905168FE,Tecnologia,5,440492.65,88098.53,153046.49,38533.02,0.4,3,0,0,1,2,0.0,0.0,0,0,50,3,325570.03,0.4,0.0,0,0,440492.65,0,no_listado
173,KSJ121011LVC,Publicidad,9,508138.09,56459.79,119554.37,39509.56,0.3333,6,0,0,1,5,0.0,0.0,0,0,739,7,414133.55,0.2222,0.0,0,0,508138.09,0,no_listado
173,CRE0907246F4,Consultoria,8,639374.64,79921.83,171479.64,43265.34,0.375,4,1,1,0,0,0.0,0.0,1,1,177,6,449999.53,0.125,1.0,0,0,639374.64,1,definitivo
173,XFB0408266U2,Logistica,1,1244073.56,1244073.56,1244073.56,0.0,1.0,1,0,0,0,0,0.0,0.0,0,0,251,1,1244073.56,0.0,0.0,0,0,1244073.56,1,no_listado
173,DWR2507273L4,Consultoria,14,676535.75,48323.98,49680.39,967.65,0.3571,6,0,0,1,14,1.0,1.0,0,0,278,12,579423.29,0.0,1.0,0,0,676535.75,1,no_listado
173,TFQ0706282CO,Mantenimiento,6,338941.46,56490.24,146738.36,48125.26,0.3333,3,0,0,1,6,1.0,0.0,0,0,2380,6,338941.46,0.0,0.0,0,0,338941.46,1,no_listado
173,INE080215D10,Mantenimiento,3,244276.6,81425.53,128279.91,45906.56,0.0,2,0,0,0,0,0.0,0.0,1,0,1877,2,225196.36,0.3333,0.0,0,0,244276.6,0,desvirtuado
173,GCA1508207P4,Mantenimiento,3,139267.29,46422.43,64776.98,14157.47,0.3333,3,1,1,1,1,0.0,0.0,1,0,508,3,139267.29,0.0,0.0,0,0,139267.29,0,desvirtuado
173,ODA100617QY1,Consultoria,5,355064.35,71012.87,116762.83,23683.64,0.8,3,1,1,1,2,0.0,0.0,1,0,2485,5,355064.35,0.0,0.0,0,0,355064.35,0,favorable
173,RSR090617RN7,Consultoria,3,176246.15,58748.72,103594.74,34938.56,0.6667,3,1,1,1,2,0.0,0.0,1,0,2054,3,176246.15,0.0,0.0,0,0,176246.15,0,favorable
173,SADC791010RK3,Transporte,6,368240.34,61373.39,165166.09,52549.13,0.8333,4,0,0,1,3,0.0,0.0,1,0,1966,3,104019.41,0.3333,0.0,0,0,368240.34,0,presunto
173,ROPI680402B31,Transporte,7,575301.6,82185.94,152878.66,49942.14,0.4286,5,0,0,1,3,0.3333,0.0,1,0,118,5,537226.2,0.2857,0.0,0,0,575301.6,0,presunto
173,IGN0106249AW,Transporte,10,440992.25,44099.22,48013.76,1848.59,0.0,5,1,1,1,10,0.0,0.3,0,0,1715,9,392978.49,0.1,0.0,0,0,440992.25,0,no_listado
173,YTV081123RVQ,Mantenimiento,1,9860.0,9860.0,9860.0,0.0,0.0,1,0,0,0,0,0.0,0.0,0,0,1101,1,9860.0,0.0,0.0,0,0,9860.0,0,no_listado
173,QAH250508NDM,Seguridad,8,556800.0,69600.0,69600.0,0.0,0.0,5,1,1,0,0,0.0,0.0,0,0,1249,7,487200.0,0.0,0.0,0,0,556800.0,0,no_listado
173,CUB180514H9Q,Papeleria,4,61515.1,15378.77,16674.94,1242.86,0.0,4,1,1,0,0,0.0,0.0,0,0,2226,4,61515.1,0.0,0.0,0,1,61515.1,0,no_listado
173,EOO040704ODO,Consultoria,6,309347.41,51557.9,61734.01,5065.86,0.0,4,1,1,0,0,0.0,0.0,0,0,2227,5,261705.7,0.1667,0.0,0,0,309347.41,0,no_listado
173,MRX140705O29,Construccion,9,485575.03,53952.78,80035.27,12726.64,0.0,6,1,1,1,9,0.0,0.2222,0,0,51,9,485575.03,0.0,0.0,0,0,485575.03,0,no_listado
173,UCJ070725MC4,Consultoria,5,174841.0,34968.2,39882.96,6130.99,0.0,4,1,1,0,0,0.0,0.0,1,0,2577,4,150533.78,0.2,0.0,0,0,174841.0,0,desvirtuado
173,BSP170910WBV,Limpieza,8,31190.45,3898.81,5949.45,1024.77,0.0,1,0,0,0,0,0.0,0.0,0,0,2406,8,31190.45,0.0,0.0,0,0,31190.45,0,no_listado
173,VNM090822L53,Mantenimiento,6,43773.25,7295.54,9450.86,1789.07,0.1667,4,1,1,1,6,1.0,0.0,0,0,1594,6,43773.25,0.0,0.0,0,0,43773.25,0,no_listado
174,EHZ0208076Z4,Papeleria,3,239920.6,79973.53,120440.28,44413.34,0.6667,3,1,1,1,3,0.0,0.0,0,0,1557,3,239920.6,0.0,0.0,0,0,239920.6,0,no_listado
174,PRC240917WI0,Transporte,6,455408.76,75901.46,145694.47,57475.43,0.5,4,1,1,1,6,0.0,0.0,0,0,2535,5,338813.42,0.1667,0.0,0,0,455408.76,0,no_listado
174,CPC161004F7R,Seguridad,4,413701.46,103425.36,172242.99,45367.78,0.5,3,0,0,1,3,0.0,0.0,0,0,1623,4,413701.46,0.0,0.0,0,0,413701.46,0,no_listado
174,JIQ1206245ZV,Limpieza,7,619023.91,88431.99,126801.72,31888.41,0.4286,5,0,0,1,6,0.0,0.0,0,0,1948,6,524498.51,0.1429,0.0,0,0,619023.91,0,no_listado
174,MXP130825DWB,Tecnologia,8,661004.27,82625.53,120952.27,35979.79,0.25,5,1,1,1,8,0.0,0.0,0,0,2464,7,551151.1,0.125,0.0,0,0,661004.27,0,no_listado
174,PZV0503215SX,Tecnologia,6,299674.04,49945.67,132917.57,43334.38,0.5,4,1,1,1,6,0.3333,0.0,0,0,1287,6,299674.04,0.0,0.0,0,0,299674.04,0,no_listado
174,IGL210715JNN,Limpieza,3,172089.93,57363.31,98445.01,32404.92,0.3333,2,1,1,1,3,0.0,0.0,0,0,2536,3,172089.93,0.0,0.0,0,0,172089.93,0,no_listado
174,MUO2410158R2,Limpieza,6,510817.09,85136.18,166628.08,52889.82,0.6667,4,1,1,1,6,0.0,0.0,0,0,475,4,282310.49,0.3333,0.0,0,0,510817.09,0,no_listado
174,BWK170324V8Q,Consultoria,3,192999.9,64333.3,106404.89,36468.19,1.0,2,1,1,1,3,0.0,0.0,0,0,794,2,175536.09,0.3333,0.0,0,0,192999.9,0,no_listado
174,BNP230508YMC,Papeleria,7,324748.14,46392.59,114451.18,32508.97,0.7143,5,1,1,1,7,0.0,0.1429,0,0,220,7,324748.14,0.0,0.0,0,0,324748.14,0,no_listado
174,YQA181025JSZ,Limpieza,4,74648.7,18662.18,19556.13,778.29,0.25,3,1,1,1,4,0.0,0.0,0,0,2357,4,74648.7,0.0,0.0,0,0,74648.7,0,no_listado
174,AEP170218EQZ,Consultoria,5,237795.17,47559.03,141953.89,47520.63,0.8,3,1,1,1,5,0.0,0.0,0,0,195,5,237795.17,0.0,0.0,0,0,237795.17,0,no_listado
174,AAS110609J91,Consultoria,5,447120.99,89424.2,157584.06,58741.84,1.0,4,0,0,0,0,0.0,0.0,1,1,197,5,447120.99,0.0,1.0,0,0,447120.99,1,definitivo
174,MGN250108SF5,Limpieza,1,1083861.09,1083861.09,1083861.09,0.0,1.0,1,1,1,0,0,0.0,0.0,0,0,2743,1,1083861.09,0.0,0.0,0,0,1083861.09,1,no_listado
174,VFU1908011S4,Seguridad,12,585305.87,48775.49,49734.25,965.81,0.4167,5,1,1,1,12,1.0,1.0,0,0,2347,12,585305.87,0.0,1.0,0,0,585305.87,1,no_listado
174,FVF171222EA1,Publicidad,6,756386.01,126064.33,172884.37,31730.34,0.3333,3,0,0,1,6,1.0,0.0,0,0,784,6,756386.01,0.0,0.0,0,0,756386.01,1,no_listado
174,VCA1509232P7,Logistica,4,421617.11,105404.28,165633.36,39854.5,0.25,4,1,1,1,1,0.0,0.0,1,0,268,2,261822.64,0.5,0.0,0,0,421617.11,0,desvirtuado
174,SES120731KY7,Logistica,5,375309.58,75061.92,120673.88,39452.75,0.6,4,0,0,1,3,0.0,0.0,1,0,181,4,291778.51,0.2,0.0,0,0,375309.58,0,desvirtuado
174,MGO100409585,Seguridad,4,196121.8,49030.45,89985.32,26183.54,0.5,3,1,1,1,3,0.0,0.3333,1,0,2378,2,88728.5,0.5,0.0,0,0,196121.8,0,favorable
174,CMA060912HU4,Logistica,3,174699.73,58233.24,138219.49,56559.1,0.0,3,0,0,1,2,0.0,0.0,1,0,2514,2,156680.28,0.3333,0.0,0,0,174699.73,0,favorable
174,GGD121013A68,Papeleria,4,443030.16,110757.54,169418.6,59667.4,0.0,4,1,1,0,0,0.0,0.0,1,0,1317,1,157994.32,0.75,0.0,0,0,443030.16,0,presunto
174,CEJ0912022Q5,Seguridad,3,164049.93,54683.31,99157.15,33286.88,0.3333,2,1,1,1,1,0.0,0.0,1,0,1924,2,64892.78,0.3333,0.0,0,0,164049.93,0,presunto
174,JMS000104K56,Transporte,10,447254.57,44725.46,47870.93,2383.73,0.0,5,1,1,1,10,0.0,0.4,0,0,1697,10,447254.57,0.0,0.0,0,0,447254.57,0,no_listado
174,NNS160120PI5,Mantenimiento,1,9860.0,9860.0,9860.0,0.0,0.0,1,0,0,0,0,0.0,0.0,0,0,1065,1,9860.0,0.0,0.0,0,0,9860.0,0,no_listado
174,XAA0905260P4,Seguridad,8,556800.0,69600.0,69600.0,0.0,0.0,4,1,1,0,0,0.0,0.0,0,0,1249,6,417600.0,0.0,0.0,0,0,556800.0,0,no_listado
174,MHK070802A6E,Papeleria,4,55442.1,13860.53,15412.69,1184.69,0.0,2,1,1,0,0,0.0,0.0,0,0,2276,4,55442.1,0.0,0.0,0,0,55442.1,0,no_listado
174,QRK240709RWD,Consultoria,6,330347.65,55057.94,62780.29,6801.89,0.0,4,1,1,0,0,0.0,0.0,0,0,2205,5,268563.06,0.1667,0.0,0,0,330347.65,0,no_listado
174,XOB241227UTF,Construccion,9,599340.11,66593.35,80627.44,11355.61,0.0,6,1,1,1,9,0.0,0.0,0,0,48,9,599340.11,0.0,0.0,0,0,599340.11,0,no_listado
174,LAR120627573,Consultoria,5,194638.62,38927.72,45138.82,3987.53,0.0,3,1,1,0,0,0.0,0.0,1,0,2577,5,194638.62,0.0,0.0,0,0,194638.62,0,favorable
174,GCP130116YZ6,Limpieza,8,35112.22,4389.03,5786.35,940.24,0.0,1,0,0,0,0,0.0,0.0,0,0,2483,8,35112.22,0.0,0.0,0,0,35112.22,0,no_listado
174,YWA020819AZ2,Mantenimiento,6,39725.49,6620.91,8696.24,1322.61,0.6667,4,1,1,1,6,1.0,0.0,0,0,1633,5,34239.28,0.1667,0.0,0,0,39725.49,0,no_listado
175,UQN130724P6R,Mantenimiento,7,489037.37,69862.48,158588.04,48522.19,0.5714,4,0,0,1,3,0.0,0.0,0,0,2410,6,416156.19,0.1429,0.0,0,0,489037.37,0,no_listado
175,QNF021113OF6,Transporte,7,544495.92,77785.13,129312.13,45656.1,0.7143,3,1,1,1,7,0.0,0.0,0,0,365,7,544495.92,0.0,0.0,0,0,544495.92,0,no_listado
175,NKH1405227NT,Logistica,8,877424.68,109678.08,159978.5,47282.01,0.625,5,1,1,1,8,0.125,0.0,0,0,1745,7,727591.53,0.0,0.0,0,0,877424.68,0,no_listado
175,LVG030801A4Z,Papeleria,9,650437.7,72270.86,150779.71,52621.33,0.6667,4,0,0,1,5,0.0,0.0,0,0,1001,7,456182.19,0.2222,0.0,0,0,650437.7,0,no_listado
175,LBR000528LJJ,Limpieza,5,359059.33,71811.87,125405.96,41760.53,0.2,4,1,1,1,5,0.2,0.0,0,0,475,4,286406.14,0.2,0.0,0,0,359059.33,0,no_listado
175,PHQ2310195RY,Logistica,6,463252.65,77208.77,173335.87,58461.25,0.3333,4,0,0,1,3,0.0,0.0,0,0,1598,6,463252.65,0.0,0.0,0,0,463252.65,0,no_listado
175,ADW250620GAU,Construccion,9,551157.25,61239.69,134319.96,48688.92,0.4444,5,0,0,1,7,0.4286,0.0,0,0,2327,7,512018.4,0.2222,0.0,0,0,551157.25,0,no_listado
175,LJE09032458O,Logistica,5,496721.37,99344.27,165725.02,66845.59,0.6,4,1,1,1,5,0.2,0.0,0,0,1898,4,366974.56,0.2,0.0,0,0,496721.37,0,no_listado
175,URN040507O8J,Mantenimiento,5,325127.98,65025.6,126336.47,35081.35,1.0,4,1,1,1,5,0.0,0.0,0,0,1801,4,265251.02,0.2,0.0,0,0,325127.98,0,no_listado
175,JZS250703PXD,Papeleria,9,635179.87,70575.54,163773.44,46001.92,0.8889,6,0,0,1,4,0.0,0.0,0,0,159,9,635179.87,0.0,0.0,0,0,635179.87,0,no_listado
175,BFU150810O3C,Tecnologia,8,441647.57,55205.95,165215.06,47633.0,0.75,6,0,0,1,3,0.0,0.0,0,0,1046,8,441647.57,0.0,0.0,0,0,441647.57,0,no_listado
175,CNA060927S21,Logistica,3,140019.61,46673.2,63694.8,19929.43,0.0,3,1,1,1,3,0.3333,0.0,0,0,775,2,121311.57,0.3333,0.0,0,0,140019.61,0,no_listado
175,CORS210822UC2,Consultoria,5,446542.64,89308.53,116066.27,23822.37,0.4,3,1,1,0,0,0.0,0.0,1,1,200,4,361768.54,0.2,1.0,0,0,446542.64,1,definitivo
175,TKH071224609,Construccion,1,1258040.23,1258040.23,1258040.23,0.0,0.0,1,1,1,0,0,0.0,0.0,0,0,1846,1,1258040.23,0.0,0.0,0,0,1258040.23,1,no_listado
175,QLJ160502THE,Limpieza,13,623825.27,47986.56,49684.04,1073.84,0.3077,6,0,0,1,13,1.0,1.0,0,0,267,12,576549.2,0.0,1.0,0,0,623825.27,1,no_listado
175,HNN100110U5Z,Tecnologia,4,285468.96,71367.24,164284.73,60018.03,0.25,4,1,1,1,4,1.0,0.0,0,0,241,4,285468.96,0.0,0.0,0,0,285468.96,1,no_listado
175,SER0811114H2,Logistica,3,168798.98,56266.33,100774.66,33729.2,0.6667,2,1,1,1,2,0.0,0.5,1,0,2356,3,168798.98,0.0,0.0,0,0,168798.98,0,desvirtuado
175,QES150112V73,Consultoria,5,191969.12,38393.82,61835.98,17658.63,0.8,2,0,0,1,2,0.0,0.0,1,0,2451,4,137558.64,0.2,0.0,0,0,191969.12,0,desvirtuado
175,CPA9506134F5,Consultoria,3,220111.53,73370.51,128197.49,38924.78,0.6667,2,0,0,1,2,0.0,0.0,1,0,1537,3,220111.53,0.0,0.0,0,0,220111.53,0,favorable
175,AES150825BM5,Logistica,4,383071.98,95767.99,166746.49,53636.34,0.75,2,0,0,0,0,0.0,0.0,1,0,716,4,383071.98,0.0,0.0,0,0,383071.98,0,favorable
175,OEAN6809089S0,Seguridad,7,385084.61,55012.09,164043.51,52212.5,0.7143,4,1,1,1,1,0.0,0.0,1,0,903,6,366504.18,0.1429,0.0,0,0,385084.61,0,presunto
175,SMO221104N85,Transporte,5,327539.11,65507.82,129082.29,43451.88,0.4,3,1,1,1,2,0.5,0.0,1,0,1784,4,228484.95,0.2,0.0,0,0,327539.11,0,presunto
175,OBX0305278H3,Transporte,10,456273.39,45627.34,48533.72,2286.8,0.0,6,1,1,1,10,0.0,0.5,0,0,1727,6,272640.31,0.3,0.0,0,0,456273.39,0,no_listado
175,OUQ110818LXS,Mantenimiento,1,9860.0,9860.0,9860.0,0.0,0.0,1,0,0,0,0,0.0,0.0,0,0,1201,1,9860.0,0.0,0.0,0,0,9860.0,0,no_listado
175,FWC00030295B,Seguridad,8,556800.0,69600.0,69600.0,0.0,0.0,4,1,1,0,0,0.0,0.0,0,0,1249,7,487200.0,0.0,0.0,0,0,556800.0,0,no_listado
175,NPF1508285ZH,Papeleria,4,56706.14,14176.53,16971.97,1942.15,0.0,3,1,1,0,0,0.0,0.0,0,0,2152,4,56706.14,0.0,0.0,0,0,56706.14,0,no_listado
175,SMC031002DJ8,Consultoria,6,303460.04,50576.67,56885.89,5581.96,0.0,4,1,1,0,0,0.0,0.0,0,0,2211,6,303460.04,0.0,0.0,0,0,303460.04,0,no_listado
175,SJI0511058K0,Construccion,9,532015.06,59112.78,77083.98,14149.55,0.0,5,1,1,1,9,0.0,0.0,0,0,68,7,439869.31,0.2222,0.0,0,0,532015.06,0,no_listado
175,PCO140523SK2,Consultoria,5,180040.47,36008.09,45861.39,6998.91,0.0,4,1,1,0,0,0.0,0.0,1,0,2621,4,145606.08,0.2,0.0,0,1,180040.47,0,desvirtuado
175,WVK090913DPO,Limpieza,8,35994.66,4499.33,6387.24,1139.92,0.0,1,0,0,0,0,0.0,0.0,0,0,2513,8,35994.66,0.0,0.0,0,0,35994.66,0,no_listado
175,CWE100303MK7,Mantenimiento,6,41558.4,6926.4,8634.98,1561.47,0.6667,5,1,1,1,6,1.0,0.0,0,0,1622,4,24892.39,0.3333,0.0,0,0,41558.4,0,no_listado
176,KQX120313YDT,Papeleria,5,329624.66,65924.93,136138.84,48890.66,0.8,3,1,1,1,5,0.4,0.0,0,0,682,5,329624.66,0.0,0.0,0,0,329624.66,0,no_listado
176,WMP140724LV1,Transporte,6,445861.74,74310.29,164127.43,59250.72,0.3333,2,1,1,1,6,0.1667,0.3333,0,0,1692,6,445861.74,0.0,0.0,0,0,445861.74,0,no_listado
176,EII200523NCJ,Tecnologia,4,204327.75,51081.94,82589.19,22683.59,0.0,3,1,1,1,4,0.25,0.25,0,0,284,3,121738.56,0.25,0.0,0,0,204327.75,0,no_listado
176,CTU240218A4O,Construccion,7,807163.69,115309.1,150766.09,38389.41,0.5714,4,1,1,1,7,0.0,0.0,0,0,1346,5,597746.63,0.1429,0.0,0,0,807163.69,0,no_listado
176,PEY210928NGP,Consultoria,6,414380.01,69063.34,116313.75,30880.28,0.6667,4,0,0,1,4,0.5,0.0,0,0,2361,4,258268.62,0.3333,0.0,0,0,414380.01,0,no_listado
176,NDN220915WV6,Limpieza,3,434729.54,144909.85,166676.17,18377.72,0.6667,3,1,1,1,3,0.0,0.0,0,0,937,3,434729.54,0.0,0.0,0,0,434729.54,0,no_listado
176,YCE210302HYZ,Papeleria,4,359164.02,89791.01,160966.55,53635.57,0.5,2,0,0,1,2,0.0,0.0,0,0,1089,4,359164.02,0.0,0.0,0,0,359164.02,0,no_listado
176,WWD040826QFK,Consultoria,7,574069.13,82009.88,150271.41,30518.69,0.5714,4,1,1,1,7,0.1429,0.0,0,0,1246,7,574069.13,0.0,0.0,0,0,574069.13,0,no_listado
176,OQA020110G5W,Seguridad,4,218967.23,54741.81,162332.66,62121.64,0.5,3,0,0,1,1,0.0,0.0,0,0,906,4,218967.23,0.0,0.0,0,0,218967.23,0,no_listado
176,FRJ000118G9Y,Mantenimiento,3,361994.32,120664.77,172763.75,72954.62,0.6667,2,0,0,0,0,0.0,0.0,0,0,935,3,361994.32,0.0,0.0,0,0,361994.32,0,no_listado
176,PHG051018CUQ,Mantenimiento,3,104632.26,34877.42,54296.73,14518.95,0.0,2,0,0,0,0,0.0,0.0,0,0,115,3,104632.26,0.0,0.0,0,0,104632.26,0,no_listado
176,ESS0110068LA,Consultoria,9,773322.53,85924.73,138361.44,39654.95,0.4444,5,0,0,1,5,0.0,0.0,0,0,638,7,584875.93,0.2222,0.0,0,0,773322.53,0,no_listado
176,SMA2002048G3,Consultoria,7,681686.22,97383.75,160813.31,59375.38,0.2857,4,1,1,0,0,0.0,0.0,1,1,1158,7,681686.22,0.0,1.0,0,0,681686.22,1,definitivo
176,NHN031214ATE,Construccion,1,1385843.13,1385843.13,1385843.13,0.0,0.0,1,1,1,0,0,0.0,0.0,0,0,399,1,1385843.13,0.0,0.0,0,0,1385843.13,1,no_listado
176,WKU180610GZM,Papeleria,12,577723.02,48143.58,49477.58,953.21,0.3333,6,0,0,1,12,1.0,1.0,0,0,299,11,530988.72,0.0,1.0,0,0,577723.02,1,no_listado
176,UEM020827S41,Construccion,6,309378.21,51563.04,133574.17,40927.1,0.6667,4,1,1,1,6,1.0,0.1667,0,0,189,5,291619.29,0.1667,0.0,0,0,309378.21,1,no_listado
176,ZACS780818B34,Limpieza,5,548190.36,109638.07,162749.01,49148.09,0.6,2,0,0,1,2,0.5,0.0,1,0,1462,5,548190.36,0.0,0.0,0,0,548190.36,0,desvirtuado
176,CAE100209QR9,Papeleria,7,755032.49,107861.78,150965.82,28789.64,0.2857,6,1,1,1,4,0.0,0.0,1,0,418,7,755032.49,0.0,0.0,0,0,755032.49,0,desvirtuado
176,SCA101221FQ8,Transporte,5,552970.6,110594.12,173686.29,57862.55,1.0,5,1,1,1,3,0.0,0.0,1,0,421,4,385322.02,0.2,0.0,0,0,552970.6,0,favorable
176,MABD800829C34,Construccion,3,266301.73,88767.24,110193.4,20870.16,0.3333,3,1,1,1,1,0.0,0.0,1,0,2592,3,266301.73,0.0,0.0,0,0,266301.73,0,favorable
176,ZARE881022EW4,Construccion,4,313719.69,78429.92,149082.41,60358.0,1.0,3,1,1,1,2,0.0,0.0,1,0,245,3,294062.53,0.25,0.0,0,0,313719.69,0,presunto
176,HME090514LE6,Publicidad,4,198832.49,49708.12,97485.45,33168.33,0.75,4,0,0,1,1,0.0,0.0,1,0,2457,3,179082.28,0.25,0.0,0,0,198832.49,0,presunto
176,KAE001106Q84,Transporte,10,444183.56,44418.36,47355.21,1789.08,0.0,5,1,1,1,10,0.0,0.3,0,0,1746,10,444183.56,0.0,0.0,0,0,444183.56,0,no_listado
176,NCZ150320E9B,Mantenimiento,1,9860.0,9860.0,9860.0,0.0,0.0,1,0,0,0,0,0.0,0.0,0,0,1201,1,9860.0,0.0,0.0,0,0,9860.0,0,no_listado
176,OMA060806VG9,Seguridad,8,556800.0,69600.0,69600.0,0.0,0.0,6,1,1,0,0,0.0,0.0,0,0,1249,8,556800.0,0.0,0.0,0,0,556800.0,0,no_listado
176,FKN0104158P5,Papeleria,4,59491.19,14872.8,16735.05,2053.99,0.0,4,1,1,0,0,0.0,0.0,0,0,2201,2,28432.43,0.25,0.0,0,0,59491.19,0,no_listado
176,NKR210807NYO,Consultoria,6,309631.6,51605.27,60786.62,6421.83,0.0,4,1,1,0,0,0.0,0.0,0,0,2195,6,309631.6,0.0,0.0,0,0,309631.6,0,no_listado
176,ZLU180510J7I,Construccion,9,505575.02,56175.0,78068.26,12899.46,0.0,5,1,1,1,9,0.0,0.1111,0,0,72,7,380373.48,0.2222,0.0,0,0,505575.02,0,no_listado
176,CAC110929767,Consultoria,5,186843.95,37368.79,44739.8,6069.41,0.0,5,1,1,0,0,0.0,0.0,1,0,2637,3,105090.71,0.4,0.0,0,0,186843.95,0,favorable
176,YHT230914ZXK,Limpieza,8,37820.89,4727.61,6823.34,1180.81,0.0,1,0,0,0,0,0.0,0.0,0,0,2410,8,37820.89,0.0,0.0,0,0,37820.89,0,no_listado
176,ACQ1010020ZR,Mantenimiento,6,45765.8,7627.63,9417.94,1081.67,0.5,5,1,1,1,6,1.0,0.0,0,0,1606,6,45765.8,0.0,0.0,0,0,45765.8,0,no_listado
177,BPO2111259BL,Transporte,4,319014.27,79753.57,140413.39,46822.93,0.75,3,1,1,1,4,0.5,0.0,0,0,1724,4,319014.27,0.0,0.0,0,0,319014.27,0,no_listado
177,UXZ220224F9A,Mantenimiento,7,627673.85,89667.69,172510.57,57020.84,0.2857,3,0,0,1,5,0.0,0.2,0,0,742,6,499645.98,0.1429,0.0,0,0,627673.85,0,no_listado
177,DZG0103164AY,Logistica,9,1026088.45,114009.83,168102.13,37105.69,0.7778,5,0,0,1,3,0.0,0.0,0,0,751,7,805102.28,0.2222,0.0,0,0,1026088.45,0,no_listado
177,COV1902231QV,Tecnologia,9,943198.61,104799.85,171596.1,49666.82,0.4444,4,0,0,1,5,0.4,0.0,0,0,1875,8,771602.51,0.1111,0.0,0,0,943198.61,0,no_listado
177,SPV1301193M7,Consultoria,9,778042.12,86449.12,171078.19,46888.26,0.5556,6,1,1,1,9,0.0,0.0,0,0,1457,8,760272.58,0.1111,0.0,0,0,778042.12,0,no_listado
177,FGX140115I98,Construccion,9,847455.23,94161.69,153706.87,42655.68,0.5556,5,1,1,1,9,0.1111,0.0,0,0,1261,9,847455.23,0.0,0.0,0,0,847455.23,0,no_listado
177,UPL081018WGM,Logistica,4,195964.15,48991.04,87746.44,31423.59,0.75,3,0,0,1,3,0.0,0.0,0,0,311,4,195964.15,0.0,0.0,0,0,195964.15,0,no_listado
177,FXN241213L20,Mantenimiento,3,250423.63,83474.54,99375.53,12709.88,0.3333,3,1,1,1,3,0.0,0.0,0,0,1032,2,151048.1,0.3333,0.0,0,0,250423.63,0,no_listado
177,MKN180724QH8,Transporte,7,569284.81,81326.4,139506.63,47267.78,0.5714,5,1,1,1,7,0.1429,0.0,0,0,1611,7,569284.81,0.0,0.0,0,0,569284.81,0,no_listado
177,GOJ170628B69,Logistica,5,178847.06,35769.41,102573.95,33405.2,0.2,4,1,1,1,5,0.0,0.0,0,0,774,5,178847.06,0.0,0.0,0,0,178847.06,0,no_listado
177,VZR260726BNR,Publicidad,8,699387.91,87423.49,173809.45,64249.27,0.375,4,1,1,1,8,0.0,0.125,0,0,162,8,699387.91,0.0,0.0,0,0,699387.91,0,no_listado
177,BTR2304154M7,Papeleria,5,583252.45,116650.49,170220.45,35325.93,0.2,4,1,1,1,5,0.0,0.0,0,0,467,4,438400.72,0.2,0.0,0,0,583252.45,0,no_listado
177,TOVG570625K60,Consultoria,6,328082.17,54680.36,119878.72,35794.0,0.1667,4,1,1,0,0,0.0,0.0,1,1,1859,6,328082.17,0.0,1.0,0,0,328082.17,1,definitivo
177,GDX010604GTW,Logistica,1,1372420.14,1372420.14,1372420.14,0.0,0.0,1,0,0,0,0,0.0,0.0,0,0,818,1,1372420.14,0.0,0.0,0,0,1372420.14,1,no_listado
177,GYF120805X6F,Mantenimiento,14,668980.99,47784.36,49594.15,943.76,0.4286,6,0,0,1,14,1.0,1.0,0,0,276,13,619386.84,0.0,1.0,0,0,668980.99,1,no_listado
177,CGA180706JEJ,Transporte,6,513687.66,85614.61,160916.16,52263.28,0.6667,5,0,0,1,6,1.0,0.1667,0,0,1731,6,513687.66,0.0,0.0,0,0,513687.66,1,no_listado
177,ESE0501142S4,Publicidad,6,546296.12,91049.35,154454.35,53506.75,0.1667,3,0,0,1,4,0.25,0.0,1,0,2595,5,460166.82,0.1667,0.0,0,0,546296.12,0,desvirtuado
177,CDI120321K29,Seguridad,3,229963.73,76654.58,116599.26,38602.42,1.0,2,1,1,1,2,0.5,0.0,1,0,2429,3,229963.73,0.0,0.0,0,0,229963.73,0,desvirtuado
177,SIT3707156Q2,Construccion,5,377317.64,75463.53,162645.83,54480.41,0.2,5,0,0,1,1,0.0,0.0,1,0,1870,5,377317.64,0.0,0.0,0,0,377317.64,0,favorable
177,TST111111A6A,Papeleria,5,281259.55,56251.91,161964.85,55446.41,0.8,3,1,1,1,1,0.0,0.0,1,0,859,5,281259.55,0.0,0.0,0,0,281259.55,0,favorable
177,CURD010329BC5,Seguridad,3,286265.97,95421.99,170213.59,61488.18,0.6667,2,1,1,1,1,0.0,0.0,1,0,2577,2,266656.67,0.3333,0.0,0,0,286265.97,0,presunto
177,ANT181219ST7,Mantenimiento,7,624417.28,89202.47,138841.97,28409.75,0.4286,4,1,1,1,5,0.0,0.0,1,0,1496,4,381304.11,0.2857,0.0,0,0,624417.28,0,presunto
177,HNS150513P77,Transporte,10,452821.63,45282.16,48678.25,2574.85,0.0,5,1,1,1,10,0.0,0.6,0,0,1709,7,323972.33,0.3,0.0,0,0,452821.63,0,no_listado
177,YZB060110ZQH,Mantenimiento,1,9860.0,9860.0,9860.0,0.0,0.0,1,0,0,0,0,0.0,0.0,0,0,1144,1,9860.0,0.0,0.0,0,0,9860.0,0,no_listado
177,ORK210717DKM,Seguridad,8,556800.0,69600.0,69600.0,0.0,0.0,5,1,1,0,0,0.0,0.0,0,0,1249,7,487200.0,0.0,0.0,0,0,556800.0,0,no_listado
177,YEB04032826H,Papeleria,4,55461.34,13865.34,16331.62,2482.84,0.0,3,1,1,0,0,0.0,0.0,0,0,2150,4,55461.34,0.0,0.0,0,0,55461.34,0,no_listado
177,HXK210703OC6,Consultoria,6,313494.66,52249.11,61207.71,8748.1,0.0,3,1,1,0,0,0.0,0.0,0,0,2207,4,223091.9,0.3333,0.0,0,0,313494.66,0,no_listado
177,BQA130611U74,Construccion,9,504466.45,56051.83,78812.91,12225.64,0.0,4,1,1,1,9,0.0,0.0,0,0,104,7,384060.47,0.2222,0.0,0,0,504466.45,0,no_listado
177,NGC101118PI6,Consultoria,5,192659.04,38531.81,44346.13,3327.25,0.0,3,1,1,0,0,0.0,0.0,1,0,2582,5,192659.04,0.0,0.0,0,0,192659.04,0,favorable
177,CSD051024KCB,Limpieza,8,43169.47,5396.18,6891.54,1308.48,0.0,1,0,0,0,0,0.0,0.0,0,0,2439,8,43169.47,0.0,0.0,0,0,43169.47,0,no_listado
177,VBJ050221YT7,Mantenimiento,6,47986.46,7997.74,9650.3,1787.12,0.3333,3,1,1,1,6,1.0,0.0,0,0,1687,5,38955.79,0.1667,0.0,0,0,47986.46,0,no_listado
178,CST070712DU6,Tecnologia,7,461508.91,65929.84,161351.81,49075.46,0.7143,4,1,1,1,7,0.1429,0.0,0,0,1869,6,300157.1,0.1429,0.0,0,0,461508.91,0,no_listado
178,WMV0809269O4,Mantenimiento,8,541349.7,67668.71,133151.13,39064.67,0.875,3,0,0,1,5,0.2,0.2,0,0,1152,8,541349.7,0.0,0.0,0,0,541349.7,0,no_listado
178,HLW171106080,Tecnologia,4,196484.74,49121.18,76455.67,20973.3,0.75,3,1,1,1,4,0.0,0.0,0,0,2017,4,196484.74,0.0,0.0,0,0,196484.74,0,no_listado
178,TGY1807200VQ,Consultoria,3,242719.21,80906.4,114931.16,43483.2,1.0,3,1,1,1,3,0.3333,0.0,0,0,651,3,242719.21,0.0,0.0,0,0,242719.21,0,no_listado
178,QPR000614EPR,Limpieza,5,249315.78,49863.16,84864.01,27425.84,0.0,3,1,1,1,5,0.0,0.0,0,0,1108,5,249315.78,0.0,0.0,0,0,249315.78,0,no_listado
178,VFA030318LZH,Tecnologia,6,541661.79,90276.97,160544.56,42981.92,0.3333,4,0,0,1,3,0.0,0.0,0,0,1891,5,420475.2,0.1667,0.0,0,0,541661.79,0,no_listado
178,RCT081007PKG,Tecnologia,8,638410.75,79801.34,156053.72,63173.67,0.375,6,1,1,1,8,0.0,0.0,0,0,1880,8,638410.75,0.0,0.0,0,0,638410.75,0,no_listado
178,JNI1010221O7,Publicidad,9,624095.76,69343.97,144728.72,50292.75,0.5556,5,1,1,1,9,0.0,0.0,0,0,1201,6,442477.37,0.3333,0.0,0,0,624095.76,0,no_listado
178,DFJ021128973,Consultoria,6,519761.0,86626.83,140247.92,46413.13,0.3333,4,0,0,1,3,0.0,0.0,0,0,284,4,350268.63,0.3333,0.0,0,0,519761.0,0,no_listado
178,QFV090208BDO,Logistica,7,553323.01,79046.14,165589.74,56031.36,0.7143,5,1,1,1,7,0.0,0.0,0,0,1414,6,483990.96,0.1429,0.0,0,0,553323.01,0,no_listado
178,LLW0005100KG,Mantenimiento,4,171130.32,42782.58,60033.45,14677.55,0.75,3,1,1,1,4,0.0,0.25,0,0,1660,4,171130.32,0.0,0.0,0,0,171130.32,0,no_listado
178,FQP150607CN2,Tecnologia,9,667664.25,74184.92,156910.46,50034.31,0.5556,6,0,0,1,4,0.0,0.0,0,0,83,7,567212.6,0.2222,0.0,0,0,667664.25,0,no_listado
178,IGP060712JEA,Consultoria,5,410442.22,82088.44,166739.9,59867.89,0.8,4,1,1,0,0,0.0,0.0,1,1,1699,3,256963.9,0.4,1.0,0,0,410442.22,1,definitivo
178,EES250601ULC,Limpieza,1,1315961.15,1315961.15,1315961.15,0.0,1.0,1,1,1,0,0,0.0,0.0,0,0,431,1,1315961.15,0.0,0.0,0,0,1315961.15,1,no_listado
178,HVO041202VV0,Transporte,11,527185.8,47925.98,49592.62,833.22,0.4545,5,0,0,1,11,1.0,1.0,0,0,536,11,527185.8,0.0,1.0,0,0,527185.8,1,no_listado
178,IUC220515USM,Construccion,4,153326.4,38331.6,85080.91,27199.08,0.5,4,1,1,1,4,1.0,0.0,0,0,2193,4,153326.4,0.0,0.0,0,0,153326.4,1,no_listado
178,MCM140507LUA,Papeleria,6,719627.92,119937.99,157208.84,34545.86,0.3333,4,1,1,1,5,0.0,0.0,1,0,2047,5,573693.81,0.1667,0.0,0,0,719627.92,0,desvirtuado
178,ESC110914563,Seguridad,4,384334.09,96083.52,143902.76,50169.04,0.5,3,1,1,1,4,0.0,0.0,1,0,1328,3,366596.45,0.25,0.0,0,0,384334.09,0,desvirtuado
178,GPE140424B68,Publicidad,7,231815.88,33116.55,96350.03,27281.24,0.5714,4,1,1,1,4,0.0,0.0,1,0,1554,5,91607.38,0.2857,0.0,0,0,231815.88,0,favorable
178,ABA150212HK3,Publicidad,5,424248.08,84849.62,170413.54,58354.54,0.4,3,0,0,1,3,0.3333,0.0,1,0,71,5,424248.08,0.0,0.0,0,0,424248.08,0,favorable
178,MSE1908055X5,Construccion,6,578926.32,96487.72,144787.21,48502.85,0.6667,4,1,1,1,2,0.0,0.0,1,0,337,6,578926.32,0.0,0.0,0,0,578926.32,0,presunto
178,SACA491222GE7,Publicidad,7,689608.96,98515.57,167939.2,47726.4,0.7143,6,0,0,1,4,0.0,0.0,1,0,2455,5,502367.51,0.2857,0.0,0,0,689608.96,0,presunto
178,VMJ0610176FA,Transporte,10,452467.09,45246.71,48190.08,2018.1,0.0,5,1,1,1,10,0.0,0.6,0,0,1707,10,452467.09,0.0,0.0,0,0,452467.09,0,no_listado
178,VNW160808G0A,Mantenimiento,1,9860.0,9860.0,9860.0,0.0,0.0,1,0,0,0,0,0.0,0.0,0,0,1093,1,9860.0,0.0,0.0,0,0,9860.0,0,no_listado
178,CXW080323VYK,Seguridad,8,556800.0,69600.0,69600.0,0.0,0.0,6,1,1,0,0,0.0,0.0,0,0,1249,7,487200.0,0.0,0.0,0,0,556800.0,0,no_listado
178,FLR190424RUU,Papeleria,4,53594.55,13398.64,14661.09,827.75,0.0,3,1,1,0,0,0.0,0.0,0,0,2187,4,53594.55,0.0,0.0,0,0,53594.55,0,no_listado
178,VLH261212FRC,Consultoria,6,331691.97,55281.99,62011.47,7127.15,0.0,5,1,1,0,0,0.0,0.0,0,0,2249,4,226558.04,0.1667,0.0,0,0,331691.97,0,no_listado
178,QGS021217I0P,Construccion,9,507846.47,56427.39,70105.32,9719.56,0.0,4,1,1,1,9,0.0,0.0,0,0,39,8,466905.16,0.0,0.0,0,0,507846.47,0,no_listado
178,LERI920629FU6,Consultoria,5,164844.36,32968.87,38232.79,4120.49,0.0,4,1,1,0,0,0.0,0.0,1,0,2604,4,137403.23,0.2,0.0,0,0,164844.36,0,favorable
178,GAL0104272UE,Limpieza,8,33987.79,4248.47,6567.87,1327.21,0.0,1,0,0,0,0,0.0,0.0,0,0,2429,8,33987.79,0.0,0.0,0,0,33987.79,0,no_listado
178,CEQ180127EK2,Mantenimiento,6,51167.27,8527.88,9901.42,1013.45,0.1667,4,1,1,1,6,1.0,0.0,0,0,1586,5,42765.11,0.1667,0.0,0,0,51167.27,0,no_listado
179,ODD050115ZEG,Publicidad,9,779445.48,86605.05,167116.63,58904.12,0.2222,6,0,0,1,4,0.0,0.0,0,0,154,8,616331.74,0.1111,0.0,0,0,779445.48,0,no_listado
179,DLC140701CU9,Consultoria,7,570306.35,81472.34,147942.98,33776.42,0.4286,4,1,1,1,7,0.0,0.0,0,0,709,6,491451.99,0.1429,0.0,0,0,570306.35,0,no_listado
179,YKU260404E3C,Publicidad,8,630333.31,78791.66,134844.28,36709.14,0.625,5,1,1,1,8,0.0,0.0,0,0,2045,8,630333.31,0.0,0.0,0,0,630333.31,0,no_listado
179,NDP2310019CB,Logistica,6,304696.15,50782.69,132594.07,47015.49,0.5,3,1,1,1,6,0.0,0.0,0,0,117,6,304696.15,0.0,0.0,0,0,304696.15,0,no_listado
179,ZNF0508154EA,Publicidad,9,491065.32,54562.81,165705.54,48978.1,0.4444,5,1,1,1,9,0.0,0.0,0,0,2213,6,388029.73,0.3333,0.0,0,0,491065.32,0,no_listado
179,EIN1209010A1,Papeleria,6,279510.98,46585.16,97370.93,27299.68,0.8333,3,1,1,1,6,0.1667,0.0,0,0,2308,5,238274.05,0.1667,0.0,0,0,279510.98,0,no_listado
179,BNN0705058WY,Seguridad,7,442852.75,63264.68,118095.55,34313.98,0.5714,4,1,1,1,7,0.0,0.0,0,0,376,7,442852.75,0.0,0.0,0,0,442852.75,0,no_listado
179,ROC1604142WK,Transporte,9,521766.39,57974.04,117860.45,40125.17,0.7778,5,0,0,1,5,0.0,0.0,0,0,2252,8,403905.94,0.1111,0.0,0,0,521766.39,0,no_listado
179,FOV06090310A,Transporte,5,493118.11,98623.62,134523.39,29958.53,0.4,4,1,1,1,5,0.2,0.0,0,0,1509,3,362450.62,0.4,0.0,0,0,493118.11,0,no_listado
179,LYD1210134UV,Consultoria,5,327396.33,65479.27,92013.84,22637.47,0.8,4,1,1,1,5,0.0,0.0,0,0,102,4,243084.48,0.2,0.0,0,0,327396.33,0,no_listado
179,DWW0301130YE,Seguridad,3,174751.2,58250.4,99160.18,33173.57,0.6667,3,0,0,1,1,0.0,0.0,0,0,2260,2,75591.02,0.3333,0.0,0,0,174751.2,0,no_listado
179,GVC170117LWA,Construccion,9,761860.03,84651.11,166441.56,52377.15,0.3333,3,0,0,1,2,0.5,0.0,0,0,58,9,761860.03,0.0,0.0,0,0,761860.03,0,no_listado
179,GRE160513M58,Consultoria,6,509063.98,84844.0,167521.74,58993.73,0.6667,4,0,0,0,0,0.0,0.0,1,1,826,6,509063.98,0.0,1.0,0,0,509063.98,1,definitivo
179,NJW000310OV3,Papeleria,1,1173524.96,1173524.96,1173524.96,0.0,1.0,1,1,1,0,0,0.0,0.0,0,0,377,1,1173524.96,0.0,0.0,0,0,1173524.96,1,no_listado
179,GSD140215VO0,Construccion,14,673878.97,48134.21,49765.0,977.32,0.5,5,1,1,1,14,1.0,1.0,0,0,238,12,579109.45,0.0,1.0,0,0,673878.97,1,no_listado
179,YXX160519BQX,Consultoria,6,396445.54,66074.26,131904.84,42758.11,0.6667,5,1,1,1,6,1.0,0.1667,0,0,427,4,269094.89,0.3333,0.0,0,0,396445.54,1,no_listado
179,MOLD441220BQ2,Limpieza,4,250357.06,62589.26,103867.11,39206.96,0.25,4,1,1,1,1,0.0,0.0,1,0,212,4,250357.06,0.0,0.0,0,0,250357.06,0,desvirtuado
179,LTA151203V38,Papeleria,7,495983.8,70854.83,148567.61,44692.26,0.5714,4,1,1,1,5,0.0,0.0,1,0,457,7,495983.8,0.0,0.0,0,0,495983.8,0,desvirtuado
179,TSE121212TN3,Publicidad,5,469556.65,93911.33,125362.3,38269.57,0.6,3,1,1,1,2,0.0,0.0,1,0,1028,4,369808.92,0.2,0.0,0,0,469556.65,0,favorable
179,CAGL840211KHA,Mantenimiento,3,324174.72,108058.24,140722.62,45261.45,0.6667,2,1,1,1,1,1.0,0.0,1,0,1865,2,183452.1,0.0,0.0,0,0,324174.72,0,favorable
179,AUC0708219G4,Papeleria,6,488355.27,81392.54,148293.91,43819.17,0.6667,4,1,1,1,3,0.0,0.0,1,0,1044,3,221339.73,0.5,0.0,0,0,488355.27,0,presunto
179,DRH010509RI0,Logistica,3,440359.43,146786.48,170205.72,26879.48,0.3333,3,1,1,1,1,0.0,0.0,1,0,103,0,0.0,1.0,0.0,0,0,440359.43,0,presunto
179,YAJ030705MHK,Transporte,10,445601.73,44560.17,46683.25,1631.3,0.0,6,1,1,1,10,0.0,0.5,0,0,1726,8,354119.37,0.0,0.0,0,0,445601.73,0,no_listado
179,JGR13031769N,Mantenimiento,1,9860.0,9860.0,9860.0,0.0,0.0,1,0,0,0,0,0.0,0.0,0,0,1153,1,9860.0,0.0,0.0,0,0,9860.0,0,no_listado
179,KYB170924XXE,Seguridad,8,556800.0,69600.0,69600.0,0.0,0.0,6,1,1,0,0,0.0,0.0,0,0,1249,6,417600.0,0.0,0.0,0,0,556800.0,0,no_listado
179,TQY080604XFY,Papeleria,4,57012.04,14253.01,16526.1,2002.15,0.0,3,1,1,0,0,0.0,0.0,0,0,2199,4,57012.04,0.0,0.0,0,0,57012.04,0,no_listado
179,TDE120122OXL,Consultoria,6,321458.16,53576.36,61144.95,6756.19,0.0,5,1,1,0,0,0.0,0.0,0,0,2214,5,277784.26,0.1667,0.0,0,0,321458.16,0,no_listado
179,TGK150805FCU,Construccion,9,421428.44,46825.38,74450.81,10818.03,0.0,5,1,1,1,9,0.0,0.2222,0,0,59,9,421428.44,0.0,0.0,0,0,421428.44,0,no_listado
179,MIC101216PV3,Consultoria,5,178325.16,35665.03,43130.57,5447.65,0.0,4,1,1,0,0,0.0,0.0,1,0,2597,5,178325.16,0.0,0.0,0,0,178325.16,0,favorable
179,FKC100507LFY,Limpieza,8,34607.31,4325.91,6305.18,984.78,0.0,1,0,0,0,0,0.0,0.0,0,0,2418,8,34607.31,0.0,0.0,0,0,34607.31,0,no_listado
179,GYJ2608203TX,Mantenimiento,6,50716.29,8452.72,10294.16,1446.41,0.3333,3,1,1,1,6,1.0,0.0,0,0,1585,5,43028.99,0.1667,0.0,0,0,50716.29,0,no_listado
180,KLR040110N46,Mantenimiento,3,275574.79,91858.26,172860.95,62920.39,0.6667,3,1,1,1,3,0.3333,0.0,0,0,1616,2,102713.84,0.3333,0.0,0,0,275574.79,0,no_listado
180,SWO230601HMA,Papeleria,6,733326.39,122221.07,169615.42,28957.35,0.5,3,1,1,1,6,0.0,0.0,0,0,2183,6,733326.39,0.0,0.0,0,0,733326.39,0,no_listado
180,XWO140627NUX,Logistica,6,312879.36,52146.56,154136.83,51249.1,0.5,4,1,1,1,6,0.1667,0.0,0,0,1738,6,312879.36,0.0,0.0,0,0,312879.36,0,no_listado
180,JUD241102RM3,Transporte,5,373577.84,74715.57,152128.93,53530.18,0.2,4,1,1,1,5,0.2,0.2,0,0,1521,4,248651.21,0.2,0.0,0,0,373577.84,0,no_listado
180,ELY140626EZA,Consultoria,8,429808.47,53726.06,166247.58,51994.39,0.75,4,0,0,1,3,0.3333,0.0,0,0,1723,6,353461.03,0.25,0.0,0,0,429808.47,0,no_listado
180,CFX1911201ID,Seguridad,5,324633.45,64926.69,108812.69,36794.76,0.6,3,0,0,1,3,0.0,0.0,0,0,237,5,324633.45,0.0,0.0,0,0,324633.45,0,no_listado
180,AOY1505049BH,Tecnologia,9,803020.31,89224.48,154504.78,47102.65,0.3333,5,1,1,1,9,0.0,0.0,0,0,2350,9,803020.31,0.0,0.0,0,0,803020.31,0,no_listado
180,DBF0103023SL,Papeleria,8,409493.78,51186.72,153893.24,43340.68,0.625,6,0,0,1,2,0.0,0.0,0,0,397,8,409493.78,0.0,0.0,0,1,409493.78,0,no_listado
180,WTX150804LI0,Papeleria,6,526470.67,87745.11,141985.22,30497.68,0.5,4,1,1,1,6,0.0,0.0,0,0,145,6,526470.67,0.0,0.0,0,0,526470.67,0,no_listado
180,QLJ1605113HX,Transporte,9,455908.76,50656.53,131537.71,42063.83,0.3333,5,1,1,1,9,0.2222,0.0,0,0,2501,8,387354.53,0.1111,0.0,0,0,455908.76,0,no_listado
180,SUZ000608JYK,Logistica,6,467509.53,77918.25,125586.74,45974.92,0.6667,3,1,1,1,6,0.0,0.0,0,0,1081,6,467509.53,0.0,0.0,0,0,467509.53,0,no_listado
180,OYJ0009069U6,Logistica,4,293495.89,73373.97,144652.38,41948.86,0.75,3,0,0,1,1,0.0,0.0,0,0,1539,2,101305.12,0.5,0.0,0,0,293495.89,0,no_listado
180,ICO120615N76,Consultoria,5,195963.06,39192.61,77830.17,26409.56,0.8,3,0,0,0,0,0.0,0.0,1,1,180,4,131564.19,0.2,1.0,0,0,195963.06,1,definitivo
180,DAO050312TV8,Consultoria,1,1077929.98,1077929.98,1077929.98,0.0,1.0,1,1,1,0,0,0.0,0.0,0,0,329,1,1077929.98,0.0,0.0,0,0,1077929.98,1,no_listado
180,OEE121107L2K,Seguridad,13,631305.01,48561.92,49746.16,864.31,0.4615,6,0,0,1,13,1.0,1.0,0,0,1025,11,534623.17,0.0,1.0,0,0,631305.01,1,no_listado
180,LOQ0009172CA,Publicidad,5,345839.37,69167.87,151470.96,49800.73,0.6,3,1,1,1,5,1.0,0.0,0,0,272,5,345839.37,0.0,0.0,0,0,345839.37,1,no_listado
180,AMA071219ED6,Transporte,4,142186.15,35546.54,56445.15,16370.19,0.75,3,0,0,0,0,0.0,0.0,1,0,108,3,85741.0,0.25,0.0,0,0,142186.15,0,desvirtuado
180,VDP120224JP1,Publicidad,4,135881.5,33970.38,81634.36,27524.58,0.25,3,0,0,1,3,0.3333,0.0,1,0,1584,4,135881.5,0.0,0.0,0,0,135881.5,0,desvirtuado
180,DAC081205GP8,Mantenimiento,7,329998.41,47142.63,108272.56,29325.38,0.5714,4,1,1,1,6,0.0,0.1667,1,0,1144,6,221725.85,0.1429,0.0,0,0,329998.41,0,favorable
180,ICG131202IW8,Construccion,5,197474.51,39494.9,76455.67,22141.63,0.8,4,1,1,1,1,0.0,0.0,1,0,2392,4,164980.94,0.2,0.0,0,0,197474.51,0,favorable
180,REAL9307157S8,Limpieza,4,269246.28,67311.57,163221.56,57288.88,0.75,2,1,1,1,1,0.0,0.0,1,0,691,2,47823.05,0.5,0.0,0,0,269246.28,0,presunto
180,ACO220323J40,Papeleria,6,255787.12,42631.19,86379.35,23343.3,0.8333,4,0,0,1,5,0.0,0.2,1,0,1536,6,255787.12,0.0,0.0,0,0,255787.12,0,presunto
180,TXR160714MRK,Transporte,10,440494.21,44049.42,48594.53,2000.91,0.0,6,1,1,1,10,0.0,0.2,0,0,1771,10,440494.21,0.0,0.0,0,0,440494.21,0,no_listado
180,INY070807YWR,Mantenimiento,1,9860.0,9860.0,9860.0,0.0,0.0,1,0,0,0,0,0.0,0.0,0,0,1126,1,9860.0,0.0,0.0,0,1,9860.0,0,no_listado
180,QJI0506039TV,Seguridad,8,556800.0,69600.0,69600.0,0.0,0.0,5,1,1,0,0,0.0,0.0,0,0,1249,8,556800.0,0.0,0.0,0,0,556800.0,0,no_listado
180,DKR001027T28,Papeleria,4,61662.2,15415.55,17027.07,1569.14,0.0,3,1,1,0,0,0.0,0.0,0,0,2165,4,61662.2,0.0,0.0,0,0,61662.2,0,no_listado
180,FOK190904ZFO,Consultoria,6,324254.18,54042.36,59627.19,5085.57,0.0,4,1,1,0,0,0.0,0.0,0,0,2205,6,324254.18,0.0,0.0,0,0,324254.18,0,no_listado
180,TEB100301HEZ,Construccion,9,598493.46,66499.27,75764.17,10967.39,0.0,5,1,1,1,9,0.0,0.0,0,0,72,9,598493.46,0.0,0.0,0,0,598493.46,0,no_listado
180,SMA091218PY5,Consultoria,5,170760.85,34152.17,45712.24,8298.14,0.0,4,1,1,0,0,0.0,0.0,1,0,2586,5,170760.85,0.0,0.0,0,0,170760.85,0,favorable
180,XOG0603141O2,Limpieza,8,34693.63,4336.7,5998.14,1146.62,0.0,1,0,0,0,0,0.0,0.0,0,0,2416,8,34693.63,0.0,0.0,0,0,34693.63,0,no_listado
180,IJA1508137G5,Mantenimiento,6,52856.12,8809.35,10197.25,824.8,0.5,5,1,1,1,6,1.0,0.0,0,0,1583,6,52856.12,0.0,0.0,0,0,52856.12,0,no_listado
181,YTS211118ZE1,Logistica,4,152454.95,38113.74,71359.95,22097.39,0.75,3,1,1,1,4,0.0,0.0,0,0,2254,4,152454.95,0.0,0.0,0,0,152454.95,0,no_listado
181,OJQ060320U8U,Limpieza,9,388935.52,43215.06,124472.28,41098.33,0.5556,5,1,1,1,9,0.3333,0.0,0,0,113,7,332092.74,0.2222,0.0,0,0,388935.52,0,no_listado
181,GKG200217YE5,Logistica,3,256156.94,85385.65,121548.31,48100.23,0.6667,2,1,1,1,3,0.3333,0.0,0,0,2170,3,256156.94,0.0,0.0,0,0,256156.94,0,no_listado
181,HTN040727R4J,Seguridad,8,684110.2,85513.77,170347.07,52166.77,0.625,4,0,0,1,5,0.2,0.0,0,0,2259,8,684110.2,0.0,0.0,0,0,684110.2,0,no_listado
181,INN1904180Z7,Mantenimiento,7,356964.37,50994.91,154251.86,45410.89,0.2857,4,1,1,1,7,0.0,0.0,0,0,1159,6,318863.0,0.1429,0.0,0,0,356964.37,0,no_listado
181,BGI141122BSF,Papeleria,8,583451.07,72931.38,172795.65,51268.32,0.5,5,0,0,1,5,0.0,0.0,0,0,783,4,242042.09,0.5,0.0,0,0,583451.07,0,no_listado
181,VFU0510218J3,Publicidad,7,443759.45,63394.21,136164.58,42614.09,0.1429,4,1,1,1,7,0.1429,0.0,0,0,1227,7,443759.45,0.0,0.0,0,0,443759.45,0,no_listado
181,AML170415X7I,Mantenimiento,3,257917.05,85972.35,119407.4,31244.93,0.3333,2,1,1,1,3,0.3333,0.0,0,0,371,3,257917.05,0.0,0.0,0,0,257917.05,0,no_listado
181,UHS100127E5E,Logistica,8,430944.0,53868.0,105546.32,27745.57,0.375,5,1,1,1,8,0.0,0.0,0,0,880,6,244214.93,0.25,0.0,0,0,430944.0,0,no_listado
181,HRU100706ZWQ,Transporte,8,580656.83,72582.1,170527.17,67566.11,0.5,4,0,0,1,6,0.1667,0.0,0,0,821,7,434693.75,0.125,0.0,0,0,580656.83,0,no_listado
181,IOK181110RXZ,Tecnologia,5,524375.29,104875.06,154437.81,29655.48,0.4,3,1,1,1,5,0.0,0.0,0,0,1897,4,456647.83,0.2,0.0,0,0,524375.29,0,no_listado
181,VMW1512055XJ,Construccion,6,604716.93,100786.15,162072.91,54414.16,0.3333,5,1,1,1,6,0.3333,0.0,0,0,1922,3,148086.04,0.5,0.0,0,0,604716.93,0,no_listado
181,GCK120612AV4,Consultoria,8,592517.05,74064.63,120365.29,34981.26,0.25,3,0,0,0,0,0.0,0.0,1,1,51,8,592517.05,0.0,1.0,0,0,592517.05,1,definitivo
181,SRW020918VNV,Mantenimiento,1,1462053.34,1462053.34,1462053.34,0.0,0.0,1,1,1,0,0,0.0,0.0,0,0,1198,1,1462053.34,0.0,0.0,0,0,1462053.34,1,no_listado
181,XQO141108Y00,Logistica,13,628274.85,48328.83,49740.92,1061.04,0.2308,5,0,0,1,13,1.0,1.0,0,0,265,12,580447.08,0.0,1.0,0,0,628274.85,1,no_listado
181,EJK110417G0L,Seguridad,5,346927.76,69385.55,142168.27,53011.15,0.6,3,0,0,1,5,1.0,0.0,0,0,77,5,346927.76,0.0,0.0,0,0,346927.76,1,no_listado
181,TAS121218QC3,Construccion,6,461264.69,76877.45,118193.15,42492.18,0.6667,4,1,1,1,4,0.0,0.0,1,0,1728,6,461264.69,0.0,0.0,0,0,461264.69,0,desvirtuado
181,IOP131204FH7,Papeleria,5,502615.85,100523.17,156259.18,47133.4,0.2,3,1,1,1,3,0.0,0.0,1,0,314,4,366044.27,0.2,0.0,0,0,502615.85,0,desvirtuado
181,AIT170612U97,Papeleria,3,54895.83,18298.61,19080.24,645.93,0.6667,2,1,1,1,2,0.0,0.0,1,0,817,3,54895.83,0.0,0.0,0,0,54895.83,0,favorable
181,PCI100116RZ4,Papeleria,6,725672.34,120945.39,171104.19,54285.79,0.6667,5,0,0,1,2,0.0,0.0,1,0,1929,5,584761.1,0.0,0.0,0,0,725672.34,0,favorable
181,MOEP790913IN3,Logistica,6,273475.51,45579.25,121332.97,36186.43,0.5,3,1,1,1,3,0.0,0.0,1,0,2383,4,211732.14,0.3333,0.0,0,0,273475.51,0,presunto
181,CCL200807S82,Transporte,6,505981.23,84330.21,169443.15,51265.37,0.5,5,0,0,1,3,0.0,0.0,1,0,1240,5,479582.56,0.1667,0.0,0,0,505981.23,0,presunto
181,ODA200128ABP,Transporte,10,447501.32,44750.13,48597.48,2620.18,0.0,5,1,1,1,10,0.0,0.5,0,0,1704,9,401042.36,0.1,0.0,0,0,447501.32,0,no_listado
181,JOJ221108EO3,Mantenimiento,1,9860.0,9860.0,9860.0,0.0,0.0,1,0,0,0,0,0.0,0.0,0,0,1091,1,9860.0,0.0,0.0,0,0,9860.0,0,no_listado
181,CCQ181221A53,Seguridad,8,556800.0,69600.0,69600.0,0.0,0.0,6,1,1,0,0,0.0,0.0,0,0,1249,8,556800.0,0.0,0.0,0,0,556800.0,0,no_listado
181,SXW260102V8M,Papeleria,4,51339.95,12834.99,15920.32,1810.5,0.0,4,1,1,0,0,0.0,0.0,0,0,2196,4,51339.95,0.0,0.0,0,0,51339.95,0,no_listado
181,YIZ230609EC3,Consultoria,6,296107.73,49351.29,62058.5,6583.86,0.0,4,1,1,0,0,0.0,0.0,0,0,2211,6,296107.73,0.0,0.0,0,0,296107.73,0,no_listado
181,JXG1201120XJ,Construccion,9,542901.76,60322.42,75742.18,12193.45,0.0,5,1,1,1,9,0.0,0.1111,0,0,40,8,467805.58,0.0,0.0,0,0,542901.76,0,no_listado
181,PBS100406GV2,Consultoria,5,166943.46,33388.69,45123.34,7253.71,0.0,4,1,1,0,0,0.0,0.0,1,0,2587,5,166943.46,0.0,0.0,0,0,166943.46,0,favorable
181,SIO220428TJ1,Limpieza,8,41378.52,5172.32,6655.99,1277.68,0.0,1,0,0,0,0,0.0,0.0,0,0,2464,8,41378.52,0.0,0.0,0,0,41378.52,0,no_listado
181,IOM080127UIL,Mantenimiento,6,44206.75,7367.79,10122.02,1391.7,0.5,3,1,1,1,6,1.0,0.0,0,0,1592,4,27847.67,0.3333,0.0,0,0,44206.75,0,no_listado
182,IQJ130312D70,Seguridad,9,688909.92,76545.55,141955.92,37771.63,0.6667,6,0,0,1,6,0.1667,0.0,0,0,2553,9,688909.92,0.0,0.0,0,0,688909.92,0,no_listado
182,UFF211021MGZ,Transporte,4,348437.34,87109.34,164568.53,61043.3,0.5,4,1,1,1,4,0.25,0.0,0,0,1159,2,184124.66,0.5,0.0,0,0,348437.34,0,no_listado
182,RXG1802266ZP,Tecnologia,7,447343.38,63906.2,130954.93,40728.65,0.4286,5,0,0,1,4,0.0,0.0,0,0,1427,7,447343.38,0.0,0.0,0,0,447343.38,0,no_listado
182,QTS23112306B,Limpieza,4,212497.03,53124.26,134452.83,47859.7,1.0,3,0,0,1,2,0.0,0.0,0,0,680,3,171379.73,0.25,0.0,0,0,212497.03,0,no_listado
182,FKH160401YE5,Transporte,8,467521.86,58440.23,111637.03,40008.11,0.5,5,1,1,1,8,0.125,0.0,0,0,242,7,373277.93,0.125,0.0,0,0,467521.86,0,no_listado
182,ONQ070726HCW,Logistica,7,544006.65,77715.24,166388.42,50327.79,0.5714,4,0,0,1,3,0.0,0.0,0,0,1741,7,544006.65,0.0,0.0,0,0,544006.65,0,no_listado
182,TKN1811132S2,Papeleria,4,421372.18,105343.05,133337.1,18924.8,0.25,3,0,0,1,4,0.0,0.0,0,0,1814,2,197858.55,0.5,0.0,0,0,421372.18,0,no_listado
182,POI101003XTQ,Seguridad,5,175890.95,35178.19,102797.54,33819.65,0.6,4,1,1,1,5,0.2,0.0,0,0,1310,5,175890.95,0.0,0.0,0,0,175890.95,0,no_listado
182,PGN1007076CJ,Logistica,9,734133.56,81570.4,167894.85,59692.76,0.5556,5,0,0,1,4,0.0,0.0,0,0,835,8,716361.35,0.0,0.0,0,0,734133.56,0,no_listado
182,ZGR080306MAB,Consultoria,5,332764.24,66552.85,167616.52,62235.61,0.6,4,1,1,1,5,0.0,0.0,0,0,968,4,314625.15,0.2,0.0,0,0,332764.24,0,no_listado
182,UHJ200616QMO,Logistica,8,711723.32,88965.41,157009.69,47172.45,0.5,5,1,1,1,8,0.0,0.125,0,0,443,5,494950.54,0.375,0.0,0,0,711723.32,0,no_listado
182,YTE20031348M,Publicidad,8,412823.93,51602.99,106458.35,27561.5,0.5,5,1,1,1,8,0.25,0.0,0,0,250,7,306365.58,0.125,0.0,0,0,412823.93,0,no_listado
182,NGD1206274Q4,Consultoria,5,343151.63,68630.33,152366.46,49426.86,1.0,3,1,1,0,0,0.0,0.0,1,1,271,5,343151.63,0.0,1.0,0,0,343151.63,1,definitivo
182,ZFE090823R61,Papeleria,1,1506839.93,1506839.93,1506839.93,0.0,1.0,1,0,0,0,0,0.0,0.0,0,0,2611,1,1506839.93,0.0,0.0,0,0,1506839.93,1,no_listado
182,RNZ171013SCL,Limpieza,10,484709.01,48470.9,49585.43,942.48,0.5,5,0,0,1,10,1.0,1.0,0,0,284,9,435123.58,0.0,1.0,0,0,484709.01,1,no_listado
182,ZUE100920JLI,Transporte,6,497096.25,82849.38,145185.23,53959.98,0.6667,3,1,1,1,6,1.0,0.0,0,0,223,6,497096.25,0.0,0.0,0,0,497096.25,1,no_listado
182,TMI091208IR0,Seguridad,7,264792.82,37827.55,94749.54,25555.8,0.8571,3,1,1,1,4,0.0,0.25,1,0,97,6,224573.96,0.1429,0.0,0,0,264792.82,0,desvirtuado
182,LSO120427L51,Limpieza,5,485852.85,97170.57,140382.55,37725.98,0.4,4,0,0,1,3,0.0,0.0,1,0,2045,5,485852.85,0.0,0.0,0,0,485852.85,0,desvirtuado
182,ACM120516TQ7,Tecnologia,3,84130.4,28043.47,47735.22,13926.99,1.0,2,1,1,1,3,0.3333,0.3333,1,0,160,2,65589.85,0.3333,0.0,0,0,84130.4,0,favorable
182,CRL130820MD5,Consultoria,7,598025.59,85432.23,134532.28,35905.76,0.4286,5,1,1,1,4,0.0,0.0,1,0,1588,6,487678.41,0.1429,0.0,0,0,598025.59,0,favorable
182,PTO2106182FA,Mantenimiento,4,367195.76,91798.94,157315.08,57369.18,0.5,4,1,1,1,3,0.3333,0.0,1,0,2544,4,367195.76,0.0,0.0,0,0,367195.76,0,presunto
182,SCC170302EH6,Consultoria,4,149725.13,37431.28,92742.3,31937.62,0.75,4,1,1,1,3,0.3333,0.0,1,0,1977,1,19792.74,0.75,0.0,0,0,149725.13,0,presunto
182,RHX0906044F3,Transporte,10,441606.69,44160.67,46036.85,1531.58,0.0,6,1,1,1,10,0.0,0.5,0,0,1703,9,396109.01,0.0,0.0,0,0,441606.69,0,no_listado
182,XYC221124M40,Mantenimiento,1,9860.0,9860.0,9860.0,0.0,0.0,1,0,0,0,0,0.0,0.0,0,0,1210,1,9860.0,0.0,0.0,0,0,9860.0,0,no_listado
182,KVE110314ZY8,Seguridad,8,556800.0,69600.0,69600.0,0.0,0.0,5,1,1,0,0,0.0,0.0,0,0,1249,6,417600.0,0.0,0.0,0,0,556800.0,0,no_listado
182,GOV160111L2T,Papeleria,4,50663.23,12665.81,14796.6,2069.45,0.0,4,1,1,0,0,0.0,0.0,0,0,2138,4,50663.23,0.0,0.0,0,0,50663.23,0,no_listado
182,MPV0901127MT,Consultoria,6,319795.35,53299.22,63584.44,7293.34,0.0,4,1,1,0,0,0.0,0.0,0,0,2196,6,319795.35,0.0,0.0,0,0,319795.35,0,no_listado
182,FCX250409SIH,Construccion,9,522428.7,58047.63,79946.49,12908.03,0.0,3,1,1,1,9,0.0,0.2222,0,0,19,7,397340.18,0.2222,0.0,0,0,522428.7,0,no_listado
182,PRE150313TB4,Consultoria,5,170937.26,34187.45,45941.53,9631.64,0.0,3,1,1,0,0,0.0,0.0,1,0,2600,5,170937.26,0.0,0.0,0,0,170937.26,0,favorable
182,RHR150224DF8,Limpieza,8,40771.03,5096.38,6648.11,760.88,0.0,1,0,0,0,0,0.0,0.0,0,0,2407,8,40771.03,0.0,0.0,0,0,40771.03,0,no_listado
182,BFY061208U8Z,Mantenimiento,6,43999.29,7333.22,9758.98,1398.5,0.5,5,1,1,1,6,1.0,0.0,0,0,1652,6,43999.29,0.0,0.0,0,0,43999.29,0,no_listado
183,REI110504J1A,Papeleria,8,579997.89,72499.74,117520.53,22631.86,0.625,4,1,1,1,8,0.25,0.25,0,0,1768,7,509254.5,0.125,0.0,0,0,579997.89,0,no_listado
183,QKA261201WR1,Publicidad,7,528944.53,75563.5,158322.18,51735.16,0.4286,3,1,1,1,7,0.0,0.0,0,0,85,3,287688.76,0.4286,0.0,0,0,528944.53,0,no_listado
183,KIU160122MBA,Limpieza,7,498727.36,71246.77,138374.07,36332.84,0.2857,4,0,0,1,3,0.0,0.0,0,0,662,6,360353.29,0.1429,0.0,0,0,498727.36,0,no_listado
183,VGA241222LFJ,Limpieza,4,346012.05,86503.01,159364.45,59269.55,0.75,4,1,1,1,4,0.25,0.0,0,0,1748,4,346012.05,0.0,0.0,0,0,346012.05,0,no_listado
183,BGL1703254TD,Publicidad,4,326092.63,81523.16,159528.66,64192.21,0.25,3,1,1,1,4,0.25,0.0,0,0,1610,3,308320.42,0.25,0.0,0,0,326092.63,0,no_listado
183,XRI141106D7L,Logistica,4,356081.33,89020.33,113737.33,24775.9,0.5,4,1,1,1,4,0.0,0.0,0,0,187,2,165605.74,0.5,0.0,0,0,356081.33,0,no_listado
183,ZVD2010165AK,Consultoria,7,621947.72,88849.67,148985.21,48813.34,0.2857,4,0,0,1,3,0.0,0.0,0,0,2301,7,621947.72,0.0,0.0,0,0,621947.72,0,no_listado
183,ZUG080107V0K,Consultoria,4,396999.27,99249.82,136906.09,34538.8,0.5,4,1,1,1,4,0.0,0.0,0,0,227,4,396999.27,0.0,0.0,0,0,396999.27,0,no_listado
183,WQQ120718BRR,Transporte,6,544431.74,90738.62,150965.82,33131.56,0.3333,4,0,0,1,2,0.0,0.0,0,0,767,6,544431.74,0.0,0.0,0,0,544431.74,0,no_listado
183,LRR2301243O7,Logistica,9,643644.68,71516.08,129978.66,40693.42,0.5556,5,1,1,1,9,0.1111,0.0,0,0,2274,8,543844.69,0.1111,0.0,0,0,643644.68,0,no_listado
183,ZIB160125N18,Construccion,6,343124.45,57187.41,159000.19,55993.25,0.8333,4,0,0,1,3,0.0,0.0,0,0,183,4,215254.56,0.1667,0.0,0,0,343124.45,0,no_listado
183,MKV030720MLG,Seguridad,6,481921.96,80320.33,167200.49,59219.96,0.5,3,0,0,1,2,0.0,0.0,0,0,509,5,330917.83,0.1667,0.0,0,0,481921.96,0,no_listado
183,PEOV840728JJ2,Consultoria,6,501479.03,83579.84,160097.9,52665.63,0.5,5,1,1,0,0,0.0,0.0,1,1,863,6,501479.03,0.0,1.0,0,0,501479.03,1,definitivo
183,DQV191006UDA,Papeleria,1,1210811.96,1210811.96,1210811.96,0.0,1.0,1,1,1,0,0,0.0,0.0,0,0,274,1,1210811.96,0.0,0.0,0,0,1210811.96,1,no_listado
183,NZK041105PSK,Tecnologia,10,485724.1,48572.41,49791.7,1157.64,0.7,4,1,1,1,10,1.0,1.0,0,0,672,10,485724.1,0.0,1.0,0,0,485724.1,1,no_listado
183,BNT2607136UQ,Publicidad,5,282127.76,56425.55,99486.4,32730.33,0.4,4,0,0,1,5,1.0,0.0,0,0,273,5,282127.76,0.0,0.0,0,0,282127.76,1,no_listado
183,APR140227T3A,Papeleria,3,320385.11,106795.04,154940.43,62184.21,0.0,2,1,1,1,2,0.0,0.0,1,0,392,3,320385.11,0.0,0.0,0,0,320385.11,0,desvirtuado
183,GLI040729JX2,Transporte,6,523440.62,87240.1,150965.82,52160.65,0.5,4,0,0,1,3,0.0,0.0,1,0,1046,6,523440.62,0.0,0.0,0,0,523440.62,0,desvirtuado
183,BIOA811214FR2,Papeleria,5,391263.89,78252.78,116595.34,39474.42,0.4,3,1,1,1,3,0.0,0.0,1,0,1945,4,286175.01,0.2,0.0,0,0,391263.89,0,favorable
183,NEM160617M67,Construccion,7,453662.9,64808.99,128811.63,45026.33,0.5714,4,0,0,1,3,0.0,0.0,1,0,255,5,307079.06,0.2857,0.0,0,0,453662.9,0,favorable
183,AIN1002232Y7,Transporte,5,244871.72,48974.34,109435.18,38024.45,0.4,4,1,1,1,3,0.0,0.0,1,0,2479,3,148036.99,0.4,0.0,0,0,244871.72,0,presunto
183,MMP160705P75,Logistica,4,312783.2,78195.8,126801.72,42373.24,0.25,3,0,0,1,2,0.5,0.0,1,0,1931,1,108023.54,0.75,0.0,0,0,312783.2,0,presunto
183,JKA061112S01,Transporte,10,453576.46,45357.65,48021.71,2312.33,0.0,5,1,1,1,10,0.0,0.6,0,0,1721,9,406643.92,0.0,0.0,0,0,453576.46,0,no_listado
183,NMM220727B6E,Mantenimiento,1,9860.0,9860.0,9860.0,0.0,0.0,1,0,0,0,0,0.0,0.0,0,0,1294,1,9860.0,0.0,0.0,0,0,9860.0,0,no_listado
183,JIJ000118WBH,Seguridad,8,556800.0,69600.0,69600.0,0.0,0.0,4,1,1,0,0,0.0,0.0,0,0,1249,7,487200.0,0.0,0.0,0,0,556800.0,0,no_listado
183,KRD051126SX0,Papeleria,4,54292.18,13573.05,15310.07,1565.24,0.0,3,1,1,0,0,0.0,0.0,0,0,2159,4,54292.18,0.0,0.0,0,0,54292.18,0,no_listado
183,LIR180518753,Consultoria,6,305591.05,50931.84,59085.24,6004.85,0.0,5,1,1,0,0,0.0,0.0,0,0,2219,4,217976.82,0.3333,0.0,0,1,305591.05,0,no_listado
183,GYC061012Q7F,Construccion,9,518230.52,57581.17,71857.77,9105.72,0.0,5,1,1,1,9,0.0,0.2222,0,0,34,9,518230.52,0.0,0.0,0,0,518230.52,0,no_listado
183,SCO160616C9A,Consultoria,5,173249.93,34649.99,39308.44,3297.39,0.0,3,1,1,0,0,0.0,0.0,1,0,2560,5,173249.93,0.0,0.0,0,0,173249.93,0,favorable
183,FXD041201RL9,Limpieza,8,36502.81,4562.85,6223.97,818.7,0.0,1,0,0,0,0,0.0,0.0,0,0,2426,8,36502.81,0.0,0.0,0,0,36502.81,0,no_listado
183,OOF1808260KD,Mantenimiento,6,38874.12,6479.02,8301.16,1381.78,0.1667,3,1,1,1,6,1.0,0.0,0,0,1605,6,38874.12,0.0,0.0,0,0,38874.12,0,no_listado
184,DDG121213EIM,Transporte,7,809183.95,115597.71,161569.93,47712.75,0.2857,5,0,0,1,3,0.0,0.0,0,0,600,6,670615.25,0.1429,0.0,0,0,809183.95,0,no_listado
184,MXL240812CRJ,Logistica,5,389842.87,77968.57,133594.78,36611.58,0.2,4,0,0,1,3,0.0,0.0,0,0,520,4,256248.09,0.2,0.0,0,0,389842.87,0,no_listado
184,NCD060604N6E,Construccion,9,1076844.28,119649.36,164169.45,42425.28,0.5556,6,0,0,1,6,0.1667,0.0,0,0,208,6,752121.57,0.2222,0.0,0,0,1076844.28,0,no_listado
184,NNX0406128SD,Limpieza,7,406088.06,58012.58,115614.6,35033.56,0.1429,4,1,1,1,7,0.0,0.0,0,0,1249,5,263429.58,0.2857,0.0,0,0,406088.06,0,no_listado
184,LTZ081127UGO,Tecnologia,5,141343.28,28268.66,60129.16,16106.44,0.6,3,1,1,1,5,0.0,0.0,0,0,2444,4,116511.15,0.2,0.0,0,0,141343.28,0,no_listado
184,RBC081203JGZ,Papeleria,6,411416.36,68569.39,108327.49,31094.39,0.5,4,1,1,1,6,0.0,0.0,0,0,437,6,411416.36,0.0,0.0,0,0,411416.36,0,no_listado
184,JIE240212D6Q,Limpieza,3,240162.0,80054.0,126796.32,33053.04,0.3333,3,1,1,1,3,0.0,0.0,0,0,886,3,240162.0,0.0,0.0,0,0,240162.0,0,no_listado
184,LOG110512H73,Papeleria,5,340595.72,68119.14,170067.97,58713.48,0.6,5,1,1,1,5,0.0,0.0,0,0,615,4,321265.57,0.2,0.0,0,0,340595.72,0,no_listado
184,ZKW050208UY5,Limpieza,8,586128.0,73266.0,148071.81,51483.16,0.75,4,0,0,1,5,0.0,0.0,0,0,2488,8,586128.0,0.0,0.0,0,0,586128.0,0,no_listado
184,BVG02050981N,Tecnologia,3,323620.84,107873.61,167239.14,44108.22,0.3333,3,1,1,1,3,0.3333,0.0,0,0,2289,3,323620.84,0.0,0.0,0,0,323620.84,0,no_listado
184,VUI111106MY0,Papeleria,3,147505.79,49168.6,111902.89,44360.7,0.3333,3,0,0,1,3,0.0,0.0,0,0,410,3,147505.79,0.0,0.0,0,0,147505.79,0,no_listado
184,VLR260211QAU,Publicidad,4,113114.55,28278.64,56324.68,16223.91,0.75,3,0,0,1,3,0.3333,0.0,0,0,2250,4,113114.55,0.0,0.0,0,0,113114.55,0,no_listado
184,ACC130228952,Consultoria,6,345029.89,57504.98,110248.78,40407.33,0.3333,4,1,1,0,0,0.0,0.0,1,1,2547,6,345029.89,0.0,1.0,0,0,345029.89,1,definitivo
184,CMI070313L74,Publicidad,1,1247414.51,1247414.51,1247414.51,0.0,1.0,1,0,0,0,0,0.0,0.0,0,0,447,1,1247414.51,0.0,0.0,0,0,1247414.51,1,no_listado
184,YVP040209I8Z,Limpieza,11,529697.9,48154.35,49538.53,810.63,0.4545,6,0,0,1,11,1.0,1.0,0,0,324,11,529697.9,0.0,1.0,0,0,529697.9,1,no_listado
184,AJY060809CJ7,Publicidad,6,327456.34,54576.06,124524.87,42321.19,0.8333,5,1,1,1,6,1.0,0.1667,0,0,182,6,327456.34,0.0,0.0,0,0,327456.34,1,no_listado
184,MAGM680301UI7,Publicidad,5,309158.32,61831.66,112021.7,39258.83,0.4,4,1,1,1,3,0.0,0.0,1,0,573,5,309158.32,0.0,0.0,0,0,309158.32,0,desvirtuado
184,SIM161031KW7,Construccion,3,158904.89,52968.3,70598.74,18069.23,0.6667,2,0,0,0,0,0.0,0.0,1,0,631,2,88306.15,0.3333,0.0,0,0,158904.89,0,desvirtuado
184,PSM1407309KA,Consultoria,6,495515.48,82585.91,129684.59,42592.34,0.5,4,0,0,0,0,0.0,0.0,1,0,1481,5,477044.06,0.1667,0.0,0,0,495515.48,0,favorable
184,ALE131001NV6,Consultoria,5,563537.06,112707.41,172886.05,36278.2,0.6,3,1,1,1,4,0.25,0.0,1,0,1655,5,563537.06,0.0,0.0,0,1,563537.06,0,favorable
184,GAS1702095I6,Seguridad,3,178228.9,59409.63,98056.85,32678.98,0.6667,2,1,1,1,2,0.0,0.0,1,0,923,2,80172.05,0.3333,0.0,0,0,178228.9,0,presunto
184,CHB131210973,Tecnologia,4,516983.16,129245.79,169443.15,40841.27,0.25,3,1,1,1,2,0.5,0.0,1,0,305,1,150145.82,0.75,0.0,0,0,516983.16,0,presunto
184,IHT0410143C8,Transporte,10,450548.76,45054.88,48131.29,1933.71,0.0,6,1,1,1,10,0.0,0.5,0,0,1718,8,365492.29,0.1,0.0,0,0,450548.76,0,no_listado
184,BIM000714DGF,Mantenimiento,1,9860.0,9860.0,9860.0,0.0,0.0,1,0,0,0,0,0.0,0.0,0,0,1217,1,9860.0,0.0,0.0,0,0,9860.0,0,no_listado
184,PNJ200926HL1,Seguridad,8,556800.0,69600.0,69600.0,0.0,0.0,5,1,1,0,0,0.0,0.0,0,0,1249,6,417600.0,0.0,0.0,0,0,556800.0,0,no_listado
184,SUR120415X7R,Papeleria,4,60659.5,15164.87,17023.27,2564.78,0.0,3,1,1,0,0,0.0,0.0,0,0,2228,4,60659.5,0.0,0.0,0,0,60659.5,0,no_listado
184,QEB120825N7F,Consultoria,6,305590.2,50931.7,62706.41,6769.84,0.0,3,1,1,0,0,0.0,0.0,0,0,2226,6,305590.2,0.0,0.0,0,0,305590.2,0,no_listado
184,FAD2601154U0,Construccion,9,514643.51,57182.61,76649.15,12870.25,0.0,6,1,1,1,9,0.0,0.1111,0,0,134,6,373696.85,0.3333,0.0,0,0,514643.51,0,no_listado
184,TRH140716FD5,Consultoria,5,164893.93,32978.79,37820.45,2855.5,0.0,3,1,1,0,0,0.0,0.0,1,0,2594,4,131572.94,0.2,0.0,0,0,164893.93,0,favorable
184,UZE1403104NS,Limpieza,8,37821.37,4727.67,6755.6,1276.25,0.0,1,0,0,0,0,0.0,0.0,0,0,2414,8,37821.37,0.0,0.0,0,0,37821.37,0,no_listado
184,MWD160422685,Mantenimiento,6,42841.41,7140.24,9284.34,1184.35,0.3333,4,1,1,1,6,1.0,0.0,0,0,1590,5,36030.59,0.1667,0.0,0,0,42841.41,0,no_listado
185,VYV07010283R,Limpieza,9,883634.45,98181.61,162780.04,51024.62,0.7778,5,1,1,1,9,0.3333,0.0,0,0,1753,7,738505.87,0.2222,0.0,0,0,883634.45,0,no_listado
185,JYG0007179SU,Transporte,3,267724.2,89241.4,173983.47,64001.96,0.3333,2,0,0,1,2,0.0,0.0,0,0,1651,2,248394.05,0.3333,0.0,0,0,267724.2,0,no_listado
185,OGQ03010866C,Limpieza,8,692145.17,86518.15,170022.8,60787.94,0.625,3,1,1,1,8,0.0,0.0,0,0,1419,5,455322.27,0.25,0.0,0,0,692145.17,0,no_listado
185,MUM0201251MK,Consultoria,6,650044.17,108340.7,170413.54,52186.16,0.5,5,1,1,1,6,0.0,0.0,0,0,2614,3,346888.81,0.5,0.0,0,0,650044.17,0,no_listado
185,ZBO250123HKK,Papeleria,9,828888.37,92098.71,170413.54,54649.47,0.0,5,1,1,1,9,0.1111,0.0,0,0,544,8,811437.85,0.1111,0.0,0,0,828888.37,0,no_listado
185,JJX070412LOS,Transporte,7,526652.67,75236.1,161620.41,44018.6,0.8571,5,1,1,1,7,0.0,0.0,0,0,1466,7,526652.67,0.0,0.0,0,0,526652.67,0,no_listado
185,FYJ160721KJ3,Logistica,6,509513.21,84918.87,131921.01,29542.36,0.3333,3,0,0,1,2,0.5,0.0,0,0,941,6,509513.21,0.0,0.0,0,0,509513.21,0,no_listado
185,QSW261120EZ1,Construccion,6,434311.88,72385.31,158822.22,52377.83,0.3333,3,1,1,1,6,0.0,0.0,0,0,719,6,434311.88,0.0,0.0,0,0,434311.88,0,no_listado
185,DKW200321LTL,Logistica,3,172688.73,57562.91,113130.37,40277.1,0.0,3,1,1,1,3,0.0,0.0,0,0,2084,2,59558.36,0.3333,0.0,0,0,172688.73,0,no_listado
185,MFK160417O2I,Transporte,3,123977.91,41325.97,57769.11,16018.75,0.0,3,1,1,1,3,0.0,0.3333,0,0,1161,3,123977.91,0.0,0.0,0,0,123977.91,0,no_listado
185,WOR180116FSO,Limpieza,6,498915.18,83152.53,157164.12,38504.9,0.5,3,1,1,1,6,0.0,0.0,0,0,1224,5,424719.96,0.1667,0.0,0,0,498915.18,0,no_listado
185,OQK240625FWY,Mantenimiento,4,509249.35,127312.34,157530.54,17604.0,0.25,2,1,1,1,4,0.0,0.0,0,0,2255,2,231366.86,0.5,0.0,0,0,509249.35,0,no_listado
185,GMZ1203202B8,Consultoria,8,643048.64,80381.08,167259.39,47604.34,0.625,5,0,0,0,0,0.0,0.0,1,1,1431,5,430624.17,0.375,1.0,0,0,643048.64,1,definitivo
185,PLH0512098PM,Papeleria,1,1104012.47,1104012.47,1104012.47,0.0,1.0,1,0,0,0,0,0.0,0.0,0,0,235,1,1104012.47,0.0,0.0,0,0,1104012.47,1,no_listado
185,UDO160914U7V,Limpieza,14,681167.84,48654.85,49774.43,823.85,0.5714,6,1,1,1,14,1.0,1.0,0,0,1833,14,681167.84,0.0,1.0,0,0,681167.84,1,no_listado
185,LQE230922X9B,Logistica,5,349670.78,69934.16,120046.5,32277.51,0.4,4,0,0,1,5,1.0,0.0,0,0,170,4,285271.91,0.0,0.0,0,0,349670.78,1,no_listado
185,OIN160708L48,Limpieza,7,706026.85,100860.98,159740.09,40617.6,0.7143,4,1,1,1,4,0.0,0.0,1,0,1244,4,392781.29,0.4286,0.0,0,0,706026.85,0,desvirtuado
185,ACL130731KI0,Transporte,3,132467.66,44155.89,68731.72,20071.51,0.6667,3,1,1,1,1,0.0,0.0,1,0,1434,3,132467.66,0.0,0.0,0,0,132467.66,0,desvirtuado
185,MMA1312109G7,Tecnologia,4,336642.73,84160.68,159338.95,66611.16,0.25,4,0,0,1,3,0.0,0.0,1,0,1761,4,336642.73,0.0,0.0,0,0,336642.73,0,favorable
185,NASV700526DLA,Logistica,6,325638.31,54273.05,118916.3,35970.25,0.3333,3,0,0,1,4,0.0,0.25,1,0,2426,6,325638.31,0.0,0.0,0,0,325638.31,0,favorable
185,ROGC760426PT9,Publicidad,3,333222.86,111074.29,173872.39,66817.05,0.6667,3,0,0,1,1,0.0,0.0,1,0,2611,2,192399.64,0.3333,0.0,0,0,333222.86,0,presunto
185,RSC190712GR0,Transporte,7,472796.88,67542.41,110613.46,34048.67,0.2857,5,1,1,1,3,0.0,0.0,1,0,1164,5,289648.41,0.1429,0.0,0,0,472796.88,0,presunto
185,VOD100218N8U,Transporte,10,456211.65,45621.17,48630.19,2735.99,0.0,5,1,1,1,10,0.0,0.6,0,0,1747,10,456211.65,0.0,0.0,0,0,456211.65,0,no_listado
185,WSN220805DUY,Mantenimiento,1,9860.0,9860.0,9860.0,0.0,0.0,1,0,0,0,0,0.0,0.0,0,0,1128,1,9860.0,0.0,0.0,0,0,9860.0,0,no_listado
185,UXE2206138QJ,Seguridad,8,556800.0,69600.0,69600.0,0.0,0.0,5,1,1,0,0,0.0,0.0,0,0,1249,8,556800.0,0.0,0.0,0,0,556800.0,0,no_listado
185,NJV140806234,Papeleria,4,56155.48,14038.87,16331.91,1789.01,0.0,4,1,1,0,0,0.0,0.0,0,0,2277,4,56155.48,0.0,0.0,0,0,56155.48,0,no_listado
185,TTF261108ZBU,Consultoria,6,331086.85,55181.14,59530.93,3627.46,0.0,5,1,1,0,0,0.0,0.0,0,0,2198,5,273686.62,0.0,0.0,0,0,331086.85,0,no_listado
185,OWV000714RMU,Construccion,9,597211.3,66356.81,80690.73,13203.66,0.0,4,1,1,1,9,0.0,0.0,0,0,78,9,597211.3,0.0,0.0,0,0,597211.3,0,no_listado
185,SIE090529IL8,Consultoria,5,150616.84,30123.37,38537.75,6084.55,0.0,4,1,1,0,0,0.0,0.0,1,0,2562,4,124915.69,0.2,0.0,0,0,150616.84,0,favorable
185,CSE0408186VM,Limpieza,8,37854.93,4731.87,6458.44,1280.91,0.0,1,0,0,0,0,0.0,0.0,0,0,2454,8,37854.93,0.0,0.0,0,0,37854.93,0,no_listado
185,BFN2403112OF,Mantenimiento,6,47610.91,7935.15,9938.2,1443.89,0.6667,4,1,1,1,6,1.0,0.0,0,0,1607,6,47610.91,0.0,0.0,0,0,47610.91,0,no_listado
186,UAN06052165I,Publicidad,7,332787.72,47541.1,114994.85,33237.4,0.8571,4,0,0,1,5,0.2,0.0,0,0,792,5,199167.25,0.1429,0.0,0,0,332787.72,0,no_listado
186,LBD0008062LA,Logistica,8,281020.19,35127.52,143034.73,40844.33,0.125,5,0,0,1,3,0.0,0.0,0,0,1532,8,281020.19,0.0,0.0,0,0,281020.19,0,no_listado
186,STZ060303AOG,Tecnologia,3,138642.7,46214.23,75501.86,23696.98,1.0,3,0,0,1,1,0.0,0.0,0,0,1727,3,138642.7,0.0,0.0,0,0,138642.7,0,no_listado
186,CGF000706RC4,Limpieza,9,676924.53,75213.84,157332.66,54615.35,0.4444,5,1,1,1,9,0.0,0.0,0,0,2386,8,570689.41,0.1111,0.0,0,0,676924.53,0,no_listado
186,NHB251116DQ3,Papeleria,9,624630.75,69403.42,133237.36,45712.24,0.4444,5,1,1,1,9,0.1111,0.1111,0,0,969,9,624630.75,0.0,0.0,0,0,624630.75,0,no_listado
186,CRW170808TP3,Transporte,5,225474.37,45094.87,116595.34,36641.98,0.8,3,1,1,1,5,0.2,0.0,0,0,1754,3,89798.79,0.4,0.0,0,0,225474.37,0,no_listado
186,ELL1011186Y9,Construccion,6,303349.44,50558.24,119376.69,44234.92,0.3333,5,1,1,1,6,0.0,0.0,0,0,1287,4,264346.18,0.1667,0.0,0,0,303349.44,0,no_listado
186,QTL060810ZCR,Seguridad,3,297249.22,99083.07,132746.77,44858.9,0.6667,3,0,0,1,2,0.0,0.0,0,0,1777,3,297249.22,0.0,0.0,0,0,297249.22,0,no_listado
186,OUF04100702G,Construccion,6,461636.08,76939.35,164043.51,47486.55,0.5,4,0,0,1,1,1.0,0.0,0,0,399,6,461636.08,0.0,0.0,0,0,461636.08,0,no_listado
186,DWV060328W4U,Publicidad,3,204654.88,68218.29,75446.16,7533.67,0.3333,3,1,1,1,3,0.0,0.0,0,0,1006,2,129208.72,0.3333,0.0,0,0,204654.88,0,no_listado
186,BRN2212054MJ,Mantenimiento,4,292013.07,73003.27,155430.45,57759.42,0.25,2,1,1,1,4,0.0,0.0,0,0,2550,4,292013.07,0.0,0.0,0,0,292013.07,0,no_listado
186,YXJ2512205U2,Papeleria,8,382080.93,47760.12,127969.96,42263.78,0.625,5,0,0,1,2,0.0,0.0,0,0,2530,7,254110.97,0.125,0.0,0,0,382080.93,0,no_listado
186,RRE1308145W4,Consultoria,8,532653.57,66581.7,145856.9,42350.09,0.625,5,0,0,0,0,0.0,0.0,1,1,303,8,532653.57,0.0,1.0,0,0,532653.57,1,definitivo
186,AVF070815OEA,Publicidad,1,1223164.24,1223164.24,1223164.24,0.0,1.0,1,0,0,0,0,0.0,0.0,0,0,111,1,1223164.24,0.0,0.0,0,0,1223164.24,1,no_listado
186,ILR170115198,Papeleria,12,575546.84,47962.24,49595.79,1084.21,0.5,4,0,0,1,12,1.0,1.0,0,0,273,12,575546.84,0.0,1.0,0,0,575546.84,1,no_listado
186,GID160725JJS,Papeleria,5,226082.75,45216.55,118897.11,38839.04,0.8,4,0,0,1,5,1.0,0.0,0,0,126,5,226082.75,0.0,0.0,0,0,226082.75,1,no_listado
186,DCC011112AU8,Transporte,7,646120.2,92302.89,163810.94,45786.45,0.4286,5,1,1,1,4,0.0,0.0,1,0,2270,7,646120.2,0.0,0.0,0,0,646120.2,0,desvirtuado
186,EDI1403258S1,Transporte,7,408535.47,58362.21,143689.21,39246.32,0.2857,4,1,1,1,3,0.0,0.0,1,0,81,4,276216.88,0.4286,0.0,0,0,408535.47,0,desvirtuado
186,MAR130808IH6,Publicidad,3,145017.35,48339.12,78226.62,24645.91,0.6667,1,1,1,0,0,0.0,0.0,1,0,523,3,145017.35,0.0,0.0,0,0,145017.35,0,favorable
186,DSH130121N14,Transporte,3,325825.02,108608.34,167390.7,46350.76,0.3333,3,1,1,1,1,0.0,0.0,1,0,1069,3,325825.02,0.0,0.0,0,0,325825.02,0,favorable
186,FSI210806DZ6,Limpieza,6,363897.97,60649.66,118990.74,42742.05,0.8333,5,0,0,1,4,0.25,0.0,1,0,417,4,261083.73,0.3333,0.0,0,0,363897.97,0,presunto
186,APA100325ND5,Transporte,7,508347.93,72621.13,156910.46,56035.26,0.4286,5,1,1,1,4,0.25,0.25,1,0,1861,5,217572.44,0.2857,0.0,0,0,508347.93,0,presunto
186,WDK100502BTC,Transporte,10,440033.21,44003.32,48671.85,2046.01,0.0,4,1,1,1,10,0.0,0.3,0,0,1715,10,440033.21,0.0,0.0,0,0,440033.21,0,no_listado
186,AQA23052772N,Mantenimiento,1,9860.0,9860.0,9860.0,0.0,0.0,1,0,0,0,0,0.0,0.0,0,0,1087,1,9860.0,0.0,0.0,0,0,9860.0,0,no_listado
186,HNN1904233CT,Seguridad,8,556800.0,69600.0,69600.0,0.0,0.0,5,1,1,0,0,0.0,0.0,0,0,1249,7,487200.0,0.0,0.0,0,0,556800.0,0,no_listado
186,SEA180802K8Q,Papeleria,4,52157.17,13039.29,14088.72,902.66,0.0,3,1,1,0,0,0.0,0.0,0,0,2195,4,52157.17,0.0,0.0,0,0,52157.17,0,no_listado
186,TXK190417OEK,Consultoria,6,283739.18,47289.86,54172.94,5022.5,0.0,4,1,1,0,0,0.0,0.0,0,0,2189,5,240473.29,0.1667,0.0,0,0,283739.18,0,no_listado
186,DCB030528EOI,Construccion,9,500499.09,55611.01,71734.69,9946.6,0.0,6,1,1,1,9,0.0,0.3333,0,0,65,9,500499.09,0.0,0.0,0,0,500499.09,0,no_listado
186,ACV130322RY0,Consultoria,5,180734.24,36146.85,42265.66,6827.65,0.0,4,1,1,0,0,0.0,0.0,1,0,2580,4,151688.14,0.2,0.0,0,0,180734.24,0,favorable
186,NOQ020224WQX,Limpieza,8,39503.72,4937.97,6413.34,1257.72,0.0,1,0,0,0,0,0.0,0.0,0,0,2425,8,39503.72,0.0,0.0,0,0,39503.72,0,no_listado
186,HGW160907ZX5,Mantenimiento,6,46045.92,7674.32,10018.06,1207.01,0.6667,3,1,1,1,6,1.0,0.0,0,0,1584,6,46045.92,0.0,0.0,0,0,46045.92,0,no_listado
187,FAY020222R8L,Mantenimiento,4,281774.42,70443.61,93012.28,27702.39,0.75,3,0,0,1,3,0.0,0.0,0,0,2452,3,257937.34,0.25,0.0,0,0,281774.42,0,no_listado
187,USC110307ARM,Papeleria,4,318682.15,79670.54,147202.96,45627.41,0.25,3,1,1,1,4,0.0,0.0,0,0,754,3,171479.19,0.25,0.0,0,0,318682.15,0,no_listado
187,SXX250401CF3,Logistica,3,137784.48,45928.16,98794.51,37382.7,0.6667,2,0,0,0,0,0.0,0.0,0,0,1140,2,118536.75,0.3333,0.0,0,0,137784.48,0,no_listado
187,JLR070125BVN,Publicidad,6,455001.78,75833.63,142964.64,49372.89,0.5,3,0,0,1,3,0.0,0.0,0,0,139,4,302013.58,0.3333,0.0,0,0,455001.78,0,no_listado
187,DJJ230901RIS,Logistica,8,547736.85,68467.11,149940.39,49908.11,0.5,5,1,1,1,8,0.0,0.125,0,0,671,6,511966.45,0.25,0.0,0,0,547736.85,0,no_listado
187,SZA070811FNZ,Publicidad,4,325279.59,81319.9,116923.57,38882.52,0.0,3,1,1,1,4,0.0,0.0,0,0,291,4,325279.59,0.0,0.0,0,0,325279.59,0,no_listado
187,OFI1108202G2,Transporte,8,696962.16,87120.27,164623.37,42240.94,0.625,5,1,1,1,8,0.0,0.0,0,0,2445,8,696962.16,0.0,0.0,0,0,696962.16,0,no_listado
187,QFN0612011ZF,Consultoria,3,124779.93,41593.31,56723.85,17097.07,0.6667,3,0,0,1,2,0.0,0.0,0,0,202,2,74418.95,0.3333,0.0,0,0,124779.93,0,no_listado
187,MMF2501038PW,Consultoria,9,711694.17,79077.13,136025.6,38542.13,0.5556,5,1,1,1,9,0.1111,0.0,0,0,1986,7,453230.8,0.2222,0.0,0,0,711694.17,0,no_listado
187,VEU091008C4D,Construccion,3,375917.16,125305.72,164149.56,53436.81,0.3333,3,1,1,1,3,0.0,0.3333,0,0,2357,3,375917.16,0.0,0.0,0,0,375917.16,0,no_listado
187,ARU140101ZA7,Tecnologia,3,193280.95,64426.98,106567.09,36565.96,0.3333,3,1,1,1,3,0.0,0.0,0,0,1122,3,193280.95,0.0,0.0,0,0,193280.95,0,no_listado
187,PTM2307259XM,Construccion,9,483553.81,53728.2,121332.97,34214.14,0.6667,5,0,0,1,4,0.0,0.0,0,0,290,6,360439.93,0.3333,0.0,0,0,483553.81,0,no_listado
187,EORA840816GG4,Consultoria,7,582927.23,83275.32,144130.53,42122.9,0.4286,4,1,1,0,0,0.0,0.0,1,1,474,6,537034.78,0.1429,1.0,0,0,582927.23,1,definitivo
187,XTL090416LIZ,Tecnologia,1,1685672.3,1685672.3,1685672.3,0.0,1.0,1,0,0,0,0,0.0,0.0,0,0,191,1,1685672.3,0.0,0.0,0,0,1685672.3,1,no_listado
187,BVZ150710BS8,Publicidad,14,671024.92,47930.35,49722.82,971.59,0.5714,6,0,0,1,14,1.0,1.0,0,0,205,13,624503.33,0.0,1.0,0,0,671024.92,1,no_listado
187,ADJ071111C2G,Tecnologia,5,293864.82,58772.96,121704.54,42501.6,0.8,4,1,1,1,5,1.0,0.0,0,0,295,4,197264.88,0.2,0.0,0,0,293864.82,1,no_listado
187,ASC070703P39,Transporte,6,536694.78,89449.13,151311.43,51493.65,0.5,3,0,0,1,4,0.0,0.0,1,0,1631,4,411741.38,0.3333,0.0,0,0,536694.78,0,desvirtuado
187,IPM160209QT3,Mantenimiento,3,249988.87,83329.62,116507.16,44790.36,0.6667,3,1,1,0,0,0.0,0.0,1,0,113,3,249988.87,0.0,0.0,0,0,249988.87,0,desvirtuado
187,CGM100714S59,Publicidad,6,392954.03,65492.34,101035.23,26202.47,0.8333,5,0,0,1,4,0.0,0.25,1,0,1973,6,392954.03,0.0,0.0,0,0,392954.03,0,favorable
187,SSE140912F6A,Papeleria,4,403224.92,100806.23,165140.21,64034.65,0.75,4,0,0,1,3,0.0,0.0,1,0,224,3,384790.72,0.25,0.0,0,0,403224.92,0,favorable
187,CLI070926IU2,Mantenimiento,5,346379.77,69275.95,150023.01,53353.08,0.8,3,1,1,1,1,0.0,0.0,1,0,1571,3,213478.28,0.4,0.0,0,0,346379.77,0,presunto
187,CED1110198N1,Publicidad,7,641342.28,91620.33,153386.28,45219.5,0.5714,4,0,0,1,4,0.25,0.0,1,0,1871,5,408246.29,0.2857,0.0,0,0,641342.28,0,presunto
187,MJJ0005030RQ,Transporte,10,442383.58,44238.36,47479.89,2404.43,0.0,5,1,1,1,10,0.0,0.4,0,0,1709,10,442383.58,0.0,0.0,0,0,442383.58,0,no_listado
187,MWF251109JBR,Mantenimiento,1,9860.0,9860.0,9860.0,0.0,0.0,1,0,0,0,0,0.0,0.0,0,0,1187,1,9860.0,0.0,0.0,0,0,9860.0,0,no_listado
187,GUE021202UWQ,Seguridad,8,556800.0,69600.0,69600.0,0.0,0.0,5,1,1,0,0,0.0,0.0,0,0,1249,8,556800.0,0.0,0.0,0,0,556800.0,0,no_listado
187,PCD22072446Q,Papeleria,4,53808.07,13452.02,16553.64,2112.04,0.0,4,1,1,0,0,0.0,0.0,0,0,2133,4,53808.07,0.0,0.0,0,0,53808.07,0,no_listado
187,PEZ1204067NI,Consultoria,6,326084.81,54347.47,61319.87,6319.23,0.0,3,1,1,0,0,0.0,0.0,0,0,2252,6,326084.81,0.0,0.0,0,0,326084.81,0,no_listado
187,QOK1905233Q4,Construccion,9,497336.57,55259.62,76411.36,11692.02,0.0,5,1,1,1,9,0.0,0.2222,0,0,98,8,446663.08,0.0,0.0,0,0,497336.57,0,no_listado
187,SIT3707156Q2,Consultoria,5,176510.98,35302.2,42630.78,7269.81,0.0,5,1,1,0,0,0.0,0.0,1,0,2660,5,176510.98,0.0,0.0,0,0,176510.98,0,favorable
187,BRA1304064AA,Limpieza,8,33809.6,4226.2,6916.0,1300.76,0.0,1,0,0,0,0,0.0,0.0,0,0,2428,8,33809.6,0.0,0.0,0,0,33809.6,0,no_listado
187,VBU2209093LF,Mantenimiento,6,38057.77,6342.96,7089.64,793.1,0.5,5,1,1,1,6,1.0,0.0,0,0,1596,6,38057.77,0.0,0.0,0,0,38057.77,0,no_listado
188,KBB180128I50,Transporte,3,282506.73,94168.91,166609.2,51608.18,1.0,3,0,0,1,3,0.0,0.0,0,0,199,2,216850.15,0.3333,0.0,0,0,282506.73,0,no_listado
188,MRB011018C7B,Papeleria,3,256239.53,85413.18,145936.17,42836.82,0.6667,2,1,1,1,3,0.0,0.0,0,0,94,3,256239.53,0.0,0.0,0,0,256239.53,0,no_listado
188,HPH1909055H0,Logistica,7,550660.89,78665.84,167428.07,46040.62,0.2857,4,0,0,1,2,0.0,0.0,0,0,2277,4,335861.21,0.4286,0.0,0,0,550660.89,0,no_listado
188,QRX020516ONJ,Papeleria,4,512018.69,128004.67,170413.54,48739.38,0.5,2,0,0,1,1,0.0,0.0,0,0,2415,3,345092.29,0.25,0.0,0,0,512018.69,0,no_listado
188,TQN180219IUD,Mantenimiento,6,538131.62,89688.6,134816.74,32450.11,0.6667,4,0,0,1,3,0.0,0.0,0,0,1324,6,538131.62,0.0,0.0,0,0,538131.62,0,no_listado
188,XRS101028KE2,Transporte,8,508565.95,63570.74,144728.72,48889.02,0.75,5,0,0,1,5,0.0,0.0,0,0,1055,8,508565.95,0.0,0.0,0,0,508565.95,0,no_listado
188,XFD0207205VZ,Tecnologia,5,456677.14,91335.43,170886.61,54824.51,0.0,4,1,1,1,5,0.2,0.0,0,0,2144,5,456677.14,0.0,0.0,0,0,456677.14,0,no_listado
188,KTT010520TI8,Logistica,7,604783.91,86397.7,164576.55,52136.35,0.7143,4,1,1,1,7,0.2857,0.0,0,0,2278,6,539539.59,0.1429,0.0,0,0,604783.91,0,no_listado
188,BUH0611094L2,Consultoria,8,576193.28,72024.16,130072.39,43383.06,0.5,5,0,0,1,3,0.3333,0.0,0,0,1910,6,494285.24,0.25,0.0,0,0,576193.28,0,no_listado
188,WXV061222HSE,Tecnologia,9,901658.34,100184.26,169081.58,60451.09,0.4444,6,1,1,1,9,0.1111,0.0,0,0,279,9,901658.34,0.0,0.0,0,0,901658.34,0,no_listado
188,BKR150504W1T,Tecnologia,4,131875.87,32968.97,57869.34,16054.47,0.75,4,1,1,1,4,0.25,0.0,0,0,656,3,95580.53,0.25,0.0,0,0,131875.87,0,no_listado
188,WGV041225ACN,Construccion,4,365077.56,91269.39,139392.73,35805.11,0.5,4,0,0,0,0,0.0,0.0,0,0,508,3,225684.83,0.25,0.0,0,0,365077.56,0,no_listado
188,AABV7103171I6,Consultoria,6,370758.11,61793.02,152509.56,50017.81,0.6667,4,0,0,0,0,0.0,0.0,1,1,109,6,370758.11,0.0,1.0,0,0,370758.11,1,definitivo
188,TTP200124FOZ,Seguridad,1,1618789.2,1618789.2,1618789.2,0.0,0.0,1,1,1,0,0,0.0,0.0,0,0,206,1,1618789.2,0.0,0.0,0,0,1618789.2,1,no_listado
188,PIE060111C6V,Seguridad,11,531097.22,48281.57,49639.08,845.83,0.3636,6,1,1,1,11,1.0,1.0,0,0,329,11,531097.22,0.0,1.0,0,0,531097.22,1,no_listado
188,JJE2503281WB,Mantenimiento,4,263378.48,65844.62,114162.7,30337.83,1.0,3,1,1,1,4,1.0,0.0,0,0,915,4,263378.48,0.0,0.0,0,0,263378.48,1,no_listado
188,CPL7711285H9,Limpieza,6,466424.16,77737.36,160963.28,49973.97,0.6667,3,1,1,1,2,0.0,0.0,1,0,682,5,447341.26,0.1667,0.0,0,0,466424.16,0,desvirtuado
188,QES150112V73,Logistica,3,92794.94,30931.65,56798.56,18295.08,0.3333,2,1,1,1,1,0.0,0.0,1,0,2325,3,92794.94,0.0,0.0,0,0,92794.94,0,desvirtuado
188,ACI130227MF8,Consultoria,4,264761.84,66190.46,161184.76,55627.21,0.75,4,1,1,1,2,0.0,0.0,1,0,63,4,264761.84,0.0,0.0,0,0,264761.84,0,favorable
188,SPS1411064T7,Logistica,3,180445.57,60148.52,124866.26,45926.76,0.6667,3,0,0,1,3,0.0,0.0,1,0,1996,2,147900.77,0.3333,0.0,0,0,180445.57,0,favorable
188,CFS1902159M7,Consultoria,6,565753.34,94292.22,173686.29,59985.76,0.3333,4,0,0,1,3,0.6667,0.0,1,0,153,3,373169.1,0.5,0.0,0,0,565753.34,0,presunto
188,CEX200401JWA,Tecnologia,4,189906.11,47476.53,124687.9,44784.01,0.5,3,0,0,1,3,0.0,0.0,1,0,1839,3,65218.21,0.25,0.0,0,0,189906.11,0,presunto
188,LOH1206030IL,Transporte,10,439596.8,43959.68,48121.36,2660.27,0.0,6,1,1,1,10,0.0,0.3,0,0,1734,9,397918.3,0.0,0.0,0,0,439596.8,0,no_listado
188,FEG110201YVC,Mantenimiento,1,9860.0,9860.0,9860.0,0.0,0.0,1,0,0,0,0,0.0,0.0,0,0,1224,1,9860.0,0.0,0.0,0,0,9860.0,0,no_listado
188,XIR120513XTM,Seguridad,8,556800.0,69600.0,69600.0,0.0,0.0,6,1,1,0,0,0.0,0.0,0,0,1249,7,487200.0,0.0,0.0,0,0,556800.0,0,no_listado
188,KSW2308085AX,Papeleria,4,57288.67,14322.17,15364.51,1397.5,0.0,4,1,1,0,0,0.0,0.0,0,0,2138,4,57288.67,0.0,0.0,0,0,57288.67,0,no_listado
188,JAF161223EEV,Consultoria,6,314980.31,52496.72,62115.33,6518.37,0.0,4,1,1,0,0,0.0,0.0,0,0,2228,6,314980.31,0.0,0.0,0,0,314980.31,0,no_listado
188,NPM010215ITN,Construccion,9,500210.13,55578.9,79841.26,12710.59,0.0,5,1,1,1,9,0.0,0.1111,0,0,43,6,330723.63,0.3333,0.0,0,0,500210.13,0,no_listado
188,GSP000616FV4,Consultoria,5,175064.98,35013.0,44934.24,6203.74,0.0,2,1,1,0,0,0.0,0.0,1,0,2592,4,140287.16,0.0,0.0,0,0,175064.98,0,desvirtuado
188,HQK060602PV9,Limpieza,8,35152.37,4394.05,6146.97,1249.65,0.0,1,0,0,0,0,0.0,0.0,0,0,2431,8,35152.37,0.0,0.0,0,0,35152.37,0,no_listado
188,CTL040611REX,Mantenimiento,6,47006.11,7834.35,9947.63,1563.93,0.1667,4,1,1,1,6,1.0,0.0,0,0,1632,6,47006.11,0.0,0.0,0,0,47006.11,0,no_listado
189,GBM230824M9S,Logistica,9,646086.96,71787.44,149870.47,43718.54,0.2222,4,1,1,1,9,0.0,0.1111,0,0,258,7,468950.96,0.2222,0.0,0,0,646086.96,0,no_listado
189,UXT091206GH7,Transporte,4,572218.88,143054.72,161391.37,18281.37,0.25,2,0,0,0,0,0.0,0.0,0,0,2316,4,572218.88,0.0,0.0,0,0,572218.88,0,no_listado
189,VFA080516N7O,Construccion,9,412704.47,45856.05,104224.83,32496.78,0.6667,3,1,1,1,9,0.1111,0.0,0,0,2304,8,393669.43,0.1111,0.0,0,0,412704.47,0,no_listado
189,XXY090517NV9,Transporte,5,524253.05,104850.61,154940.43,53018.51,0.6,4,1,1,1,5,0.2,0.0,0,0,91,5,524253.05,0.0,0.0,0,0,524253.05,0,no_listado
189,OQT050525A9H,Papeleria,3,176909.08,58969.69,133504.7,52754.04,0.6667,2,1,1,1,3,0.0,0.0,0,0,1682,3,176909.08,0.0,0.0,0,0,176909.08,0,no_listado
189,SRT240219LFC,Logistica,7,731252.49,104464.64,142968.93,43764.05,0.5714,3,0,0,1,5,0.0,0.0,0,0,991,6,614657.15,0.1429,0.0,0,0,731252.49,0,no_listado
189,ZGE100715XGH,Papeleria,7,569873.08,81410.44,158259.81,56215.22,0.5714,4,1,1,1,7,0.0,0.0,0,0,1933,6,438794.18,0.1429,0.0,0,0,569873.08,0,no_listado
189,UZM040414Y7D,Seguridad,4,303985.56,75996.39,165843.39,62516.25,0.25,4,0,0,0,0,0.0,0.0,0,0,1416,3,286487.19,0.0,0.0,0,0,303985.56,0,no_listado
189,GDJ121114PN8,Seguridad,5,423712.72,84742.54,110193.4,14863.43,0.4,4,0,0,0,0,0.0,0.0,0,0,1806,2,191995.52,0.6,0.0,0,0,423712.72,0,no_listado
189,FFV260128JMV,Transporte,5,395031.01,79006.2,153765.33,54260.14,0.4,3,0,0,1,3,0.0,0.0,0,0,1213,5,395031.01,0.0,0.0,0,0,395031.01,0,no_listado
189,ZQD210619QP1,Transporte,4,194493.95,48623.49,107925.87,36263.25,0.25,2,0,0,1,2,0.0,0.5,0,0,2008,3,174701.21,0.25,0.0,0,0,194493.95,0,no_listado
189,LIT110217HKZ,Mantenimiento,9,791418.96,87935.44,160165.89,48491.37,0.4444,4,0,0,1,2,0.0,0.0,0,0,259,9,791418.96,0.0,0.0,0,0,791418.96,0,no_listado
189,CAB090520B35,Consultoria,6,379159.26,63193.21,166401.72,56986.07,0.8333,4,0,0,0,0,0.0,0.0,1,1,796,6,379159.26,0.0,1.0,0,0,379159.26,1,definitivo
189,JGR011113OSI,Publicidad,1,1658623.44,1658623.44,1658623.44,0.0,0.0,1,1,1,0,0,0.0,0.0,0,0,152,1,1658623.44,0.0,0.0,0,0,1658623.44,1,no_listado
189,EOB25050749P,Limpieza,11,531044.14,48276.74,49245.26,841.49,0.4545,6,0,0,1,11,1.0,1.0,0,0,318,10,483565.14,0.0909,1.0,0,0,531044.14,1,no_listado
189,SQM110114B09,Papeleria,4,181133.01,45283.25,72482.79,25479.68,0.25,3,0,0,1,4,1.0,0.0,0,0,67,4,181133.01,0.0,0.0,0,0,181133.01,1,no_listado
189,CIC130131779,Logistica,7,828710.48,118387.21,169873.8,48871.23,0.4286,4,0,0,1,3,0.3333,0.0,1,0,2332,5,521486.53,0.2857,0.0,0,0,828710.48,0,desvirtuado
189,HME090909RC5,Consultoria,6,378590.31,63098.39,163519.95,52478.97,0.5,4,1,1,1,2,0.0,0.0,1,0,855,6,378590.31,0.0,0.0,0,0,378590.31,0,desvirtuado
189,CCL1209069I0,Transporte,6,339827.46,56637.91,107734.19,32339.25,0.1667,4,1,1,1,5,0.0,0.2,1,0,1317,6,339827.46,0.0,0.0,0,0,339827.46,0,favorable
189,SLC160812337,Papeleria,7,431850.96,61692.99,173803.02,53687.76,0.7143,5,0,0,1,4,0.0,0.0,1,0,165,4,199662.97,0.4286,0.0,0,0,431850.96,0,favorable
189,PSA190708TR5,Limpieza,4,125748.59,31437.15,70390.16,22495.28,0.5,3,1,1,1,3,0.0,0.0,1,0,1902,3,106514.15,0.25,0.0,0,0,125748.59,0,presunto
189,XMI100416SP6,Tecnologia,3,174066.44,58022.15,107296.68,37206.64,0.3333,2,1,1,1,2,0.0,0.5,1,0,2136,3,174066.44,0.0,0.0,0,0,174066.44,0,presunto
189,CWA2411256G9,Transporte,10,442503.86,44250.39,48457.02,2345.65,0.0,5,1,1,1,10,0.0,0.3,0,0,1699,10,442503.86,0.0,0.0,0,0,442503.86,0,no_listado
189,ADL080527KB3,Mantenimiento,1,9860.0,9860.0,9860.0,0.0,0.0,1,0,0,0,0,0.0,0.0,0,0,1216,1,9860.0,0.0,0.0,0,0,9860.0,0,no_listado
189,OOX0707254VX,Seguridad,8,556800.0,69600.0,69600.0,0.0,0.0,4,1,1,0,0,0.0,0.0,0,0,1249,7,487200.0,0.0,0.0,0,0,556800.0,0,no_listado
189,ROA1008026UM,Papeleria,4,53103.81,13275.95,14723.39,1327.16,0.0,3,1,1,0,0,0.0,0.0,0,0,2150,4,53103.81,0.0,0.0,0,0,53103.81,0,no_listado
189,WJK050102QNP,Consultoria,6,318575.88,53095.98,62462.75,7065.79,0.0,3,1,1,0,0,0.0,0.0,0,0,2188,6,318575.88,0.0,0.0,0,0,318575.88,0,no_listado
189,YMV211209XHB,Construccion,9,522413.53,58045.95,78592.37,14774.45,0.0,5,1,1,1,9,0.0,0.0,0,0,92,8,464091.22,0.1111,0.0,0,0,522413.53,0,no_listado
189,MUGL641208I75,Consultoria,5,186513.2,37302.64,41160.06,3895.5,0.0,5,1,1,0,0,0.0,0.0,1,0,2566,5,186513.2,0.0,0.0,0,0,186513.2,0,favorable
189,UNT0409028G1,Limpieza,8,44052.41,5506.55,6612.77,1059.09,0.0,1,0,0,0,0,0.0,0.0,0,0,2414,8,44052.41,0.0,0.0,0,0,44052.41,0,no_listado
189,TCJ011215KYB,Mantenimiento,6,46350.01,7725.0,10290.56,1974.52,0.3333,4,1,1,1,6,1.0,0.0,0,0,1583,5,39082.15,0.1667,0.0,0,0,46350.01,0,no_listado
190,BCE220306IQP,Papeleria,5,465844.37,93168.87,172844.05,59650.3,0.2,3,1,1,1,5,0.2,0.0,0,0,1894,4,447870.11,0.2,0.0,0,0,465844.37,0,no_listado
190,SLQ2505258P5,Mantenimiento,8,587702.16,73462.77,153564.95,47858.13,0.625,4,0,0,1,2,0.0,0.0,0,0,2261,7,434137.21,0.125,0.0,0,0,587702.16,0,no_listado
190,VAM0509194T6,Logistica,6,357342.09,59557.01,92056.38,21706.64,0.1667,5,1,1,1,6,0.3333,0.0,0,0,2322,6,357342.09,0.0,0.0,0,0,357342.09,0,no_listado
190,CII23041834M,Seguridad,9,557456.43,61939.6,122348.56,46521.37,0.3333,5,1,1,1,9,0.0,0.0,0,0,2470,9,557456.43,0.0,0.0,0,0,557456.43,0,no_listado
190,FQV010117UV6,Seguridad,9,658211.62,73134.62,130913.42,45268.07,0.3333,5,0,0,1,4,0.0,0.0,0,0,2531,7,410640.32,0.2222,0.0,0,0,658211.62,0,no_listado
190,NHZ260507ELR,Publicidad,3,304629.82,101543.27,173185.09,54394.26,0.6667,3,1,1,1,3,0.0,0.0,0,0,992,3,304629.82,0.0,0.0,0,0,304629.82,0,no_listado
190,EEJ000902ANP,Logistica,4,240758.37,60189.59,139127.18,47797.82,0.75,3,1,1,1,4,0.0,0.0,0,0,1864,3,101631.19,0.25,0.0,0,0,240758.37,0,no_listado
190,LKQ210911026,Papeleria,4,288141.77,72035.44,144787.21,50274.98,0.25,3,1,1,1,4,0.0,0.0,0,0,1193,4,288141.77,0.0,0.0,0,0,288141.77,0,no_listado
190,OSO1206034JO,Consultoria,6,614768.1,102461.35,168944.71,51736.15,0.1667,4,1,1,1,6,0.0,0.0,0,0,1876,5,536906.03,0.1667,0.0,0,0,614768.1,0,no_listado
190,DAX2307110F0,Publicidad,6,425633.63,70938.94,167655.35,56657.18,0.0,3,0,0,1,2,0.0,0.0,0,0,1128,6,425633.63,0.0,0.0,0,0,425633.63,0,no_listado
190,QAK210622OQ8,Publicidad,3,157688.85,52562.95,80252.74,25227.69,0.6667,2,1,1,1,3,0.0,0.0,0,0,771,3,157688.85,0.0,0.0,0,0,157688.85,0,no_listado
190,NBT000217Q84,Consultoria,8,781069.56,97633.7,162554.38,48978.48,0.375,5,1,1,1,8,0.0,0.0,0,0,1533,4,498859.91,0.5,0.0,0,0,781069.56,0,no_listado
190,ROGM710228HA9,Consultoria,5,261090.12,52218.02,114425.03,41309.64,0.2,4,1,1,0,0,0.0,0.0,1,1,2527,5,261090.12,0.0,1.0,0,0,261090.12,1,definitivo
190,GFE030809DC3,Publicidad,1,1457180.76,1457180.76,1457180.76,0.0,1.0,1,0,0,0,0,0.0,0.0,0,0,2218,1,1457180.76,0.0,0.0,0,0,1457180.76,1,no_listado
190,DKQ170317S2J,Seguridad,14,671702.2,47978.73,49396.19,782.63,0.7143,5,0,0,1,14,1.0,1.0,0,0,139,14,671702.2,0.0,1.0,0,0,671702.2,1,no_listado
190,SYP100726EU8,Papeleria,4,221223.07,55305.77,94722.97,22982.1,0.25,2,1,1,1,4,1.0,0.25,0,0,132,4,221223.07,0.0,0.0,0,1,221223.07,1,no_listado
190,CIA130409SG9,Papeleria,7,518441.53,74063.08,148975.74,45534.39,0.8571,4,0,0,1,2,0.0,0.0,1,0,2084,4,332255.98,0.4286,0.0,0,0,518441.53,0,desvirtuado
190,GRO100713JE2,Consultoria,6,359060.78,59843.46,110931.31,30778.52,0.3333,3,1,1,1,4,0.0,0.0,1,0,2286,4,271824.64,0.1667,0.0,0,0,359060.78,0,desvirtuado
190,DIA13022085A,Publicidad,5,539641.67,107928.33,129877.13,23572.51,0.4,4,1,1,1,1,0.0,0.0,1,0,1682,4,412048.56,0.2,0.0,0,0,539641.67,0,favorable
190,OODS700610J53,Papeleria,7,505965.6,72280.8,126668.8,34556.81,0.2857,4,1,1,0,0,0.0,0.0,1,0,1855,4,320171.74,0.4286,0.0,0,0,505965.6,0,favorable
190,ASN190329518,Tecnologia,4,237639.92,59409.98,100527.82,40933.41,1.0,4,1,1,1,3,0.3333,0.0,1,0,282,4,237639.92,0.0,0.0,0,0,237639.92,0,presunto
190,STA111031N20,Logistica,6,572830.96,95471.83,169922.47,41160.13,0.5,5,1,1,1,4,0.0,0.0,1,0,276,3,235063.57,0.5,0.0,0,0,572830.96,0,presunto
190,JKG200217OKH,Transporte,10,448850.23,44885.02,48575.93,2592.45,0.0,5,1,1,1,10,0.0,0.6,0,0,1758,10,448850.23,0.0,0.0,0,0,448850.23,0,no_listado
190,ELV201017B1Q,Mantenimiento,1,9860.0,9860.0,9860.0,0.0,0.0,1,0,0,0,0,0.0,0.0,0,0,1289,1,9860.0,0.0,0.0,0,0,9860.0,0,no_listado
190,XOX080208GCC,Seguridad,8,556800.0,69600.0,69600.0,0.0,0.0,5,1,1,0,0,0.0,0.0,0,0,1249,6,417600.0,0.0,0.0,0,0,556800.0,0,no_listado
190,CMV090204QSE,Papeleria,4,59932.74,14983.19,16678.19,1196.8,0.0,4,1,1,0,0,0.0,0.0,0,0,2169,2,27720.51,0.5,0.0,0,0,59932.74,0,no_listado
190,SIV050525O2I,Consultoria,6,314419.86,52403.31,60720.39,6279.62,0.0,4,1,1,0,0,0.0,0.0,0,0,2236,5,255246.75,0.1667,0.0,0,0,314419.86,0,no_listado
190,QZZ000905EXB,Construccion,9,497215.36,55246.15,78737.87,13438.29,0.0,4,1,1,1,9,0.0,0.1111,0,0,105,8,452440.96,0.1111,0.0,0,0,497215.36,0,no_listado
190,OPA130718199,Consultoria,5,152084.35,30416.87,37816.9,5796.57,0.0,3,1,1,0,0,0.0,0.0,1,0,2609,5,152084.35,0.0,0.0,0,0,152084.35,0,favorable
190,FID261108RIZ,Limpieza,8,44763.08,5595.39,6801.59,1185.53,0.0,1,0,0,0,0,0.0,0.0,0,0,2415,8,44763.08,0.0,0.0,0,0,44763.08,0,no_listado
190,DAC151120CUG,Mantenimiento,6,51406.09,8567.68,10059.38,1812.43,0.6667,4,1,1,1,6,1.0,0.0,0,0,1597,6,51406.09,0.0,0.0,0,0,51406.09,0,no_listado
191,PEF060514BNQ,Papeleria,8,828269.0,103533.62,154009.89,42476.96,0.5,5,1,1,1,8,0.125,0.0,0,0,2146,5,510247.1,0.375,0.0,0,0,828269.0,0,no_listado
191,QTI000807CQO,Transporte,6,394320.81,65720.14,124018.58,37678.91,0.5,4,0,0,1,4,0.0,0.0,0,0,756,5,308546.23,0.1667,0.0,0,0,394320.81,0,no_listado
191,DBW1708227HH,Mantenimiento,9,611013.49,67890.39,165825.7,56041.98,0.6667,5,1,1,1,9,0.0,0.0,0,0,815,8,445187.79,0.1111,0.0,0,1,611013.49,0,no_listado
191,OXQ010410B05,Limpieza,7,430096.88,61442.41,173934.46,58259.72,0.8571,5,1,1,1,7,0.1429,0.0,0,0,1189,5,354796.7,0.2857,0.0,0,1,430096.88,0,no_listado
191,BDN200116G3H,Papeleria,4,174382.13,43595.53,82419.96,26656.07,0.25,2,0,0,1,3,0.0,0.0,0,0,716,3,91962.17,0.25,0.0,0,0,174382.13,0,no_listado
191,XHJ091004FJ2,Consultoria,6,405275.55,67545.93,129784.89,43584.11,0.5,4,0,0,1,4,0.0,0.25,0,0,2526,4,228792.8,0.3333,0.0,0,0,405275.55,0,no_listado
191,PDN051015FPY,Transporte,9,896716.49,99635.17,173686.29,52888.52,0.3333,5,0,0,1,6,0.0,0.1667,0,0,2492,9,896716.49,0.0,0.0,0,1,896716.49,0,no_listado
191,QPW250403BHY,Limpieza,8,607268.3,75908.54,154251.86,50530.76,0.5,4,1,1,1,8,0.0,0.0,0,0,2336,8,607268.3,0.0,0.0,0,0,607268.3,0,no_listado
191,ISI151004MP6,Logistica,6,368351.4,61391.9,98423.1,31056.31,0.1667,4,1,1,1,6,0.0,0.0,0,0,1446,6,368351.4,0.0,0.0,0,0,368351.4,0,no_listado
191,MHM161220ZR0,Logistica,5,282815.23,56563.05,114839.78,36381.15,0.4,4,1,1,1,5,0.0,0.0,0,0,1069,4,264248.1,0.2,0.0,0,0,282815.23,0,no_listado
191,ZWZ110710GVE,Papeleria,9,371600.87,41288.99,88041.88,24702.16,0.6667,4,0,0,1,6,0.0,0.0,0,0,1380,8,353905.77,0.0,0.0,0,0,371600.87,0,no_listado
191,XUN011001TFB,Consultoria,8,536286.02,67035.75,132195.27,44363.04,0.375,5,0,0,1,5,0.0,0.0,0,0,2000,4,213519.13,0.375,0.0,0,0,536286.02,0,no_listado
191,PNB170102PU0,Consultoria,7,839248.32,119892.62,160146.25,44874.95,0.4286,5,0,0,0,0,0.0,0.0,1,1,2225,6,723570.85,0.1429,1.0,0,0,839248.32,1,definitivo
191,SJR220604DDQ,Publicidad,1,1503387.49,1503387.49,1503387.49,0.0,0.0,1,0,0,0,0,0.0,0.0,0,0,966,1,1503387.49,0.0,0.0,0,0,1503387.49,1,no_listado
191,GQB060604BZ3,Consultoria,12,587120.07,48926.67,49769.36,755.73,0.5833,5,0,0,1,12,1.0,1.0,0,0,709,12,587120.07,0.0,1.0,0,0,587120.07,1,no_listado
191,JIP220627LQZ,Papeleria,5,339079.6,67815.92,144787.21,46035.68,0.2,3,0,0,1,5,1.0,0.0,0,0,289,5,339079.6,0.0,0.0,0,0,339079.6,1,no_listado
191,FIM101018T34,Seguridad,5,292644.97,58528.99,119842.41,47177.18,0.8,5,1,1,1,1,0.0,0.0,1,0,2490,5,292644.97,0.0,0.0,0,0,292644.97,0,desvirtuado
191,YME091111ST5,Publicidad,6,390824.85,65137.47,120979.61,34152.16,0.6667,3,1,1,1,1,0.0,0.0,1,0,2416,6,390824.85,0.0,0.0,0,0,390824.85,0,desvirtuado
191,MCO0806126R6,Consultoria,4,297227.35,74306.84,112898.03,34684.56,0.5,3,1,1,1,2,0.0,0.0,1,0,1771,4,297227.35,0.0,0.0,0,0,297227.35,0,favorable
191,SPM151123I79,Tecnologia,6,519134.95,86522.49,153765.33,49125.42,0.5,5,0,0,1,2,0.0,0.0,1,0,2239,5,406153.91,0.1667,0.0,0,0,519134.95,0,favorable
191,EAMP640818SM5,Mantenimiento,6,459080.5,76513.42,163751.66,49695.35,0.3333,3,1,1,1,5,0.0,0.0,1,0,2359,4,373822.77,0.3333,0.0,0,0,459080.5,0,presunto
191,MATD040606GS3,Limpieza,4,291679.35,72919.84,116595.34,42875.72,0.5,4,1,1,1,2,0.0,0.0,1,0,1155,1,116595.34,0.75,0.0,0,0,291679.35,0,presunto
191,NXT190517WJW,Transporte,10,451944.29,45194.43,48094.15,2294.75,0.0,5,1,1,1,10,0.0,0.6,0,0,1741,9,408152.79,0.0,0.0,0,0,451944.29,0,no_listado
191,DDA110316XWW,Mantenimiento,1,9860.0,9860.0,9860.0,0.0,0.0,1,0,0,0,0,0.0,0.0,0,0,1145,1,9860.0,0.0,0.0,0,0,9860.0,0,no_listado
191,GWW0002192OQ,Seguridad,8,556800.0,69600.0,69600.0,0.0,0.0,5,1,1,0,0,0.0,0.0,0,0,1249,8,556800.0,0.0,0.0,0,0,556800.0,0,no_listado
191,QTV0703082ZB,Papeleria,4,55968.3,13992.07,16177.0,1608.75,0.0,3,1,1,0,0,0.0,0.0,0,0,2227,4,55968.3,0.0,0.0,0,0,55968.3,0,no_listado
191,KLY250228H0T,Consultoria,6,307328.2,51221.37,56598.89,5146.79,0.0,4,1,1,0,0,0.0,0.0,0,0,2239,4,203576.16,0.1667,0.0,0,0,307328.2,0,no_listado
191,GYX180624XHV,Construccion,9,486075.41,54008.38,77431.87,11068.27,0.0,5,1,1,1,9,0.0,0.1111,0,0,75,9,486075.41,0.0,0.0,0,0,486075.41,0,no_listado
191,CIM131204F50,Consultoria,5,198705.03,39741.01,46230.18,3333.29,0.0,4,1,1,0,0,0.0,0.0,1,0,2573,5,198705.03,0.0,0.0,0,0,198705.03,0,favorable
191,WJB070317SBH,Limpieza,8,34156.06,4269.51,5015.72,705.3,0.0,1,0,0,0,0,0.0,0.0,0,0,2421,8,34156.06,0.0,0.0,0,0,34156.06,0,no_listado
191,FUX1808106V0,Mantenimiento,6,39676.27,6612.71,8849.88,1722.4,0.6667,4,1,1,1,6,1.0,0.0,0,0,1587,5,32563.67,0.1667,0.0,0,0,39676.27,0,no_listado
192,FPY211107F0K,Papeleria,9,711984.38,79109.38,164756.74,57088.39,0.7778,5,1,1,1,9,0.0,0.0,0,0,1438,6,443528.94,0.3333,0.0,0,0,711984.38,0,no_listado
192,EHB240701AO3,Logistica,5,397616.84,79523.37,128197.49,50124.96,0.4,3,1,1,1,5,0.0,0.0,0,0,2569,4,281687.81,0.0,0.0,0,0,397616.84,0,no_listado
192,SUF141001CVC,Mantenimiento,5,355082.04,71016.41,116066.27,34205.05,0.4,4,1,1,1,5,0.0,0.2,0,0,725,4,270770.19,0.2,0.0,0,0,355082.04,0,no_listado
192,UAJ2209196FC,Mantenimiento,4,378890.95,94722.74,156910.46,51432.14,0.75,2,0,0,1,2,0.0,0.0,0,0,1036,2,175360.61,0.5,0.0,0,0,378890.95,0,no_listado
192,JGK1707225IA,Tecnologia,3,257617.37,85872.46,157673.49,56827.06,0.3333,2,0,0,1,1,0.0,0.0,0,0,1927,3,257617.37,0.0,0.0,0,0,257617.37,0,no_listado
192,BOE251204ZDN,Seguridad,6,268159.63,44693.27,98245.62,29397.89,0.8333,3,1,1,1,6,0.0,0.1667,0,0,2394,6,268159.63,0.0,0.0,0,0,268159.63,0,no_listado
192,WSL100619RAW,Seguridad,8,545669.11,68208.64,138943.9,44723.18,0.375,6,1,1,1,8,0.125,0.0,0,0,1482,6,407733.58,0.25,0.0,0,0,545669.11,0,no_listado
192,ZYQ080906PHU,Consultoria,6,498282.11,83047.02,154940.43,51964.24,0.6667,5,0,0,1,2,0.0,0.0,0,0,113,6,498282.11,0.0,0.0,0,0,498282.11,0,no_listado
192,RQO090309KLR,Tecnologia,6,352961.25,58826.88,124383.55,44709.16,0.6667,4,0,0,1,2,0.0,0.0,0,0,1858,5,335396.41,0.1667,0.0,0,0,352961.25,0,no_listado
192,JHS2508049CU,Logistica,6,555314.99,92552.5,159311.52,36009.74,0.6667,4,1,1,1,6,0.0,0.1667,0,0,438,4,394598.62,0.3333,0.0,0,0,555314.99,0,no_listado
192,OWC2511144YH,Construccion,5,206667.61,41333.52,111366.83,36203.01,0.2,4,0,0,1,1,1.0,0.0,0,0,881,5,206667.61,0.0,0.0,0,0,206667.61,0,no_listado
192,GJW190923BZT,Publicidad,8,545371.35,68171.42,149580.69,36796.16,0.25,5,0,0,1,2,0.0,0.0,0,0,89,5,299217.46,0.375,0.0,0,0,545371.35,0,no_listado
192,FALJ890624M20,Consultoria,6,332283.39,55380.57,110131.64,39843.26,0.3333,4,1,1,0,0,0.0,0.0,1,1,2120,4,206606.84,0.3333,1.0,0,0,332283.39,1,definitivo
192,IAL060627G03,Logistica,1,1418079.02,1418079.02,1418079.02,0.0,1.0,1,1,1,0,0,0.0,0.0,0,0,2563,1,1418079.02,0.0,0.0,0,0,1418079.02,1,no_listado
192,FPS060722WWE,Consultoria,10,473778.5,47377.85,48667.61,628.01,0.6,6,0,0,1,10,1.0,1.0,0,0,353,9,426788.05,0.0,1.0,0,0,473778.5,1,no_listado
192,EMW011104RFU,Seguridad,4,268013.03,67003.26,170622.75,60779.78,0.5,4,0,0,1,4,1.0,0.25,0,0,351,4,268013.03,0.0,0.0,0,0,268013.03,1,no_listado
192,ORG120712SI0,Construccion,7,540654.63,77236.38,153765.33,52936.87,0.1429,5,1,1,1,1,0.0,0.0,1,0,829,7,540654.63,0.0,0.0,0,0,540654.63,0,desvirtuado
192,CGE071217570,Seguridad,5,387809.07,77561.81,145196.64,38028.0,0.4,5,0,0,1,3,0.3333,0.0,1,0,1550,4,357695.83,0.2,0.0,0,0,387809.07,0,desvirtuado
192,GAR121025849,Mantenimiento,7,702982.7,100426.1,134129.67,18759.5,0.1429,5,1,1,1,4,0.0,0.0,1,0,1622,5,532920.15,0.2857,0.0,0,0,702982.7,0,favorable
192,QIN170602BY7,Logistica,5,353057.94,70611.59,169379.75,54097.15,0.8,4,1,1,1,2,0.0,0.0,1,0,212,4,183678.19,0.2,0.0,0,0,353057.94,0,favorable
192,AERJ960811K89,Consultoria,3,176417.32,58805.77,106326.95,36266.6,0.6667,3,0,0,0,0,0.0,0.0,1,0,1177,3,176417.32,0.0,0.0,0,0,176417.32,0,presunto
192,SCP160304I5A,Publicidad,3,123237.35,41079.12,58658.94,16368.01,1.0,3,0,0,1,3,0.0,0.3333,1,0,257,2,103989.62,0.3333,0.0,0,0,123237.35,0,presunto
192,CGH050503RK7,Transporte,10,446731.46,44673.15,47945.83,2318.46,0.0,5,1,1,1,10,0.0,0.4,0,0,1702,9,404791.2,0.0,0.0,0,0,446731.46,0,no_listado
192,ZCN000316OZO,Mantenimiento,1,9860.0,9860.0,9860.0,0.0,0.0,1,0,0,0,0,0.0,0.0,0,0,1140,1,9860.0,0.0,0.0,0,0,9860.0,0,no_listado
192,ANR050509ZBB,Seguridad,8,556800.0,69600.0,69600.0,0.0,0.0,6,1,1,0,0,0.0,0.0,0,0,1249,7,487200.0,0.0,0.0,0,0,556800.0,0,no_listado
192,DOL0702197X6,Papeleria,4,48398.15,12099.54,13874.15,1194.6,0.0,4,1,1,0,0,0.0,0.0,0,0,2195,3,36124.04,0.25,0.0,0,0,48398.15,0,no_listado
192,IGP041109UE5,Consultoria,6,340263.12,56710.52,63197.89,3665.05,0.0,5,1,1,0,0,0.0,0.0,0,0,2255,5,285260.03,0.1667,0.0,0,0,340263.12,0,no_listado
192,SFL160305JUO,Construccion,9,426137.12,47348.57,59787.86,7405.51,0.0,5,1,1,1,9,0.0,0.1111,0,0,69,8,383341.15,0.0,0.0,0,0,426137.12,0,no_listado
192,CBE090918GN1,Consultoria,5,166942.7,33388.54,43159.73,8003.61,0.0,4,1,1,0,0,0.0,0.0,1,0,2580,4,142032.73,0.0,0.0,0,0,166942.7,0,favorable
192,FXB010314Z5M,Limpieza,8,33283.32,4160.42,5494.08,907.0,0.0,1,0,0,0,0,0.0,0.0,0,0,2406,8,33283.32,0.0,0.0,0,0,33283.32,0,no_listado
192,DBR150823XE6,Mantenimiento,6,48897.86,8149.64,10159.42,1937.05,0.6667,4,1,1,1,6,1.0,0.0,0,0,1624,4,30427.57,0.3333,0.0,0,0,48897.86,0,no_listado
193,ZZK0706105GL,Construccion,3,335632.14,111877.38,168427.88,45073.81,0.6667,3,0,0,1,3,0.0,0.0,0,0,1778,3,335632.14,0.0,0.0,0,0,335632.14,0,no_listado
193,BSY161113F2W,Papeleria,8,462713.72,57839.22,125476.53,42191.25,0.125,3,0,0,1,4,0.0,0.0,0,0,156,5,212935.16,0.375,0.0,0,0,462713.72,0,no_listado
193,RPM02092239U,Consultoria,7,695710.98,99387.28,165604.94,33429.64,0.5714,4,1,1,1,7,0.0,0.0,0,0,2482,6,612803.01,0.1429,0.0,0,0,695710.98,0,no_listado
193,AZU250719GVG,Consultoria,5,330806.54,66161.31,121616.96,36936.18,0.6,4,0,0,1,4,0.0,0.0,0,0,1869,5,330806.54,0.0,0.0,0,0,330806.54,0,no_listado
193,SFI211123AOK,Mantenimiento,3,321397.53,107132.51,144387.93,27798.65,0.6667,3,0,0,1,1,1.0,0.0,0,0,149,2,222022.0,0.3333,0.0,0,0,321397.53,0,no_listado
193,IHX120107M02,Limpieza,9,684079.74,76008.86,161671.23,59590.57,0.4444,5,0,0,1,3,0.0,0.0,0,0,292,8,665717.32,0.1111,0.0,0,0,684079.74,0,no_listado
193,WYH140403ZZY,Limpieza,5,540658.48,108131.7,160992.69,45701.76,0.4,4,0,0,1,3,0.0,0.0,0,0,2169,4,379665.79,0.2,0.0,0,0,540658.48,0,no_listado
193,CIH170110NV8,Mantenimiento,3,341941.07,113980.36,135408.68,15199.92,0.3333,2,0,0,1,3,0.0,0.0,0,0,1704,3,341941.07,0.0,0.0,0,0,341941.07,0,no_listado
193,FYG02061657J,Limpieza,9,508849.44,56538.83,122948.24,43641.82,0.4444,5,0,0,1,7,0.0,0.0,0,0,1138,8,489062.01,0.0,0.0,0,0,508849.44,0,no_listado
193,SUI091221YVF,Construccion,4,179990.74,44997.68,77075.12,26199.57,0.5,4,0,0,1,2,0.0,0.0,0,0,133,4,179990.74,0.0,0.0,0,0,179990.74,0,no_listado
193,XYQ060204Q14,Papeleria,3,253110.27,84370.09,143482.99,41800.41,0.3333,1,1,1,1,3,0.0,0.0,0,0,1327,3,253110.27,0.0,0.0,0,0,253110.27,0,no_listado
193,MOZ130510WTX,Transporte,9,743768.81,82640.98,155532.75,46942.78,0.4444,5,1,1,1,9,0.0,0.0,0,0,405,9,743768.81,0.0,0.0,0,0,743768.81,0,no_listado
193,AFM041211TP0,Consultoria,7,421201.01,60171.57,111796.54,27219.19,0.8571,6,0,0,0,0,0.0,0.0,1,1,2167,6,349186.85,0.0,1.0,0,0,421201.01,1,definitivo
193,TSV0001071PA,Publicidad,1,1699509.94,1699509.94,1699509.94,0.0,1.0,1,1,1,0,0,0.0,0.0,0,0,2332,1,1699509.94,0.0,0.0,0,0,1699509.94,1,no_listado
193,GMI260124FYB,Transporte,14,669901.62,47850.12,49795.87,963.76,0.2857,5,0,0,1,14,1.0,1.0,0,0,715,12,576605.1,0.0,1.0,0,0,669901.62,1,no_listado
193,VMI210128BJB,Papeleria,4,301967.56,75491.89,100811.06,33988.0,0.5,3,0,0,1,4,1.0,0.0,0,0,1490,3,217655.71,0.25,0.0,0,0,301967.56,1,no_listado
193,AAV040427V27,Construccion,3,353793.32,117931.11,140616.51,18427.32,0.3333,3,0,0,1,2,0.5,0.0,1,0,1227,3,353793.32,0.0,0.0,0,1,353793.32,0,desvirtuado
193,AMA071219ED6,Publicidad,4,237657.25,59414.31,88118.27,26109.89,0.0,2,1,1,1,3,0.0,0.0,1,0,2273,4,237657.25,0.0,0.0,0,0,237657.25,0,desvirtuado
193,ZED100929IE9,Construccion,6,555106.43,92517.74,153313.37,41749.05,0.5,4,1,1,1,2,0.0,0.0,1,0,136,4,327778.09,0.3333,0.0,0,0,555106.43,0,favorable
193,GUS140404KS4,Mantenimiento,4,372905.78,93226.44,162997.64,65446.19,0.5,2,1,1,1,1,0.0,0.0,1,0,1163,4,372905.78,0.0,0.0,0,0,372905.78,0,favorable
193,EMA240123ACA,Limpieza,3,261172.4,87057.47,136221.64,37257.07,0.6667,3,1,1,0,0,0.0,0.0,1,0,429,1,78885.64,0.6667,0.0,0,0,261172.4,0,presunto
193,AIN1002232Y7,Papeleria,5,286692.13,57338.43,129158.78,42716.6,0.8,5,0,0,1,3,0.0,0.0,1,0,474,5,286692.13,0.0,0.0,0,0,286692.13,0,presunto
193,HTV061125PKX,Transporte,10,435031.67,43503.17,48070.02,2491.05,0.0,5,1,1,1,10,0.0,0.2,0,0,1714,8,344355.48,0.0,0.0,0,0,435031.67,0,no_listado
193,SCW2111113NR,Mantenimiento,1,9860.0,9860.0,9860.0,0.0,0.0,1,0,0,0,0,0.0,0.0,0,0,1200,1,9860.0,0.0,0.0,0,0,9860.0,0,no_listado
193,PVR160601VP7,Seguridad,8,556800.0,69600.0,69600.0,0.0,0.0,5,1,1,0,0,0.0,0.0,0,0,1249,8,556800.0,0.0,0.0,0,0,556800.0,0,no_listado
193,WXP110423SN7,Papeleria,4,58918.22,14729.56,16810.21,2079.31,0.0,3,1,1,0,0,0.0,0.0,0,0,2198,4,58918.22,0.0,0.0,0,0,58918.22,0,no_listado
193,ARE100714HO4,Consultoria,6,294807.02,49134.5,63104.03,7399.95,0.0,4,1,1,0,0,0.0,0.0,0,0,2219,5,248639.88,0.0,0.0,0,0,294807.02,0,no_listado
193,FLP0712048WQ,Construccion,9,502006.37,55778.49,80945.07,14518.18,0.0,6,1,1,1,9,0.0,0.1111,0,0,16,9,502006.37,0.0,0.0,0,0,502006.37,0,no_listado
193,CMA070417SH9,Consultoria,5,140879.61,28175.92,37035.23,4696.19,0.0,4,1,1,0,0,0.0,0.0,1,0,2573,5,140879.61,0.0,0.0,0,0,140879.61,0,favorable
193,XIJ080505STW,Limpieza,8,33647.94,4205.99,6215.92,1210.24,0.0,1,0,0,0,0,0.0,0.0,0,0,2419,8,33647.94,0.0,0.0,0,0,33647.94,0,no_listado
193,SWF160626EY3,Mantenimiento,6,39200.14,6533.36,8047.26,1232.32,0.6667,4,1,1,1,6,1.0,0.0,0,0,1622,6,39200.14,0.0,0.0,0,0,39200.14,0,no_listado
194,AOJ180415C1W,Publicidad,3,223701.5,74567.17,106428.82,39409.28,0.3333,3,0,0,1,2,0.0,0.0,0,0,1386,2,117272.68,0.3333,0.0,0,0,223701.5,0,no_listado
194,DNM190801817,Mantenimiento,8,572142.68,71517.83,153036.8,45984.56,0.5,6,1,1,1,8,0.125,0.0,0,0,1479,7,440393.13,0.125,0.0,0,0,572142.68,0,no_listado
194,RDY070921EWW,Mantenimiento,4,203278.91,50819.73,106350.48,36096.26,0.25,3,1,1,1,4,0.0,0.0,0,0,532,2,77361.67,0.5,0.0,0,0,203278.91,0,no_listado
194,OPX060926JA8,Mantenimiento,3,152410.92,50803.64,114412.61,44980.63,0.6667,2,0,0,1,2,0.0,0.0,0,0,1162,3,152410.92,0.0,0.0,0,0,152410.92,0,no_listado
194,NXF100608POF,Logistica,5,448147.72,89629.54,147361.91,46738.9,0.6,3,1,1,1,5,0.0,0.0,0,0,1080,5,448147.72,0.0,0.0,0,0,448147.72,0,no_listado
194,QSJ121226K6Q,Transporte,6,518076.11,86346.02,146877.48,45389.69,0.5,4,0,0,1,3,0.0,0.0,0,0,660,6,518076.11,0.0,0.0,0,0,518076.11,0,no_listado
194,IMS1207189DF,Logistica,8,728380.37,91047.55,149873.13,44531.07,0.75,4,1,1,1,8,0.0,0.0,0,0,1499,7,578507.24,0.125,0.0,0,0,728380.37,0,no_listado
194,RQU1410032YE,Seguridad,9,765050.53,85005.61,157817.81,48062.67,0.4444,4,1,1,1,9,0.1111,0.0,0,0,1259,6,570047.94,0.3333,0.0,0,0,765050.53,0,no_listado
194,XMP1301071MP,Construccion,5,611893.54,122378.71,167076.8,35400.59,0.8,4,1,1,1,5,0.0,0.0,0,0,575,5,611893.54,0.0,0.0,0,0,611893.54,0,no_listado
194,FSK000714DK4,Logistica,5,522524.57,104504.91,172507.46,47531.78,0.4,3,1,1,1,5,0.0,0.2,0,0,2401,4,475068.11,0.2,0.0,0,0,522524.57,0,no_listado
194,TDM001112B8K,Transporte,5,415529.49,83105.9,161823.06,55837.9,0.6,4,0,0,1,4,0.0,0.0,0,0,1890,4,396935.78,0.2,0.0,0,0,415529.49,0,no_listado
194,WIC080903C6V,Tecnologia,9,658185.65,73131.74,139102.44,32328.84,0.6667,5,1,1,1,9,0.0,0.0,0,0,2427,8,593890.46,0.1111,0.0,0,0,658185.65,0,no_listado
194,VCA091015JFA,Consultoria,8,848469.07,106058.63,153012.51,37982.63,0.75,5,0,0,0,0,0.0,0.0,1,1,191,6,677391.57,0.25,1.0,0,0,848469.07,1,definitivo
194,SJU070824FXO,Mantenimiento,1,1053867.47,1053867.47,1053867.47,0.0,1.0,1,0,0,0,0,0.0,0.0,0,0,166,1,1053867.47,0.0,0.0,0,0,1053867.47,1,no_listado
194,TBI180926DWO,Papeleria,12,573995.57,47832.96,49738.89,838.26,0.5,5,0,0,1,12,1.0,1.0,0,0,2286,10,479498.56,0.0,1.0,0,0,573995.57,1,no_listado
194,TZR100626BKC,Construccion,6,274903.31,45817.22,100801.98,38884.54,0.6667,3,0,0,1,6,1.0,0.0,0,0,1389,6,274903.31,0.0,0.0,0,0,274903.31,1,no_listado
194,EMS050427V82,Mantenimiento,5,526219.58,105243.92,165125.57,45393.61,0.6,3,1,1,1,2,0.0,0.0,1,0,2291,4,361094.01,0.2,0.0,0,0,526219.58,0,desvirtuado
194,SNU140124H7A,Mantenimiento,3,256517.58,85505.86,142152.54,50665.75,0.3333,3,1,1,0,0,0.0,0.0,1,0,1972,1,19183.93,0.6667,0.0,0,0,256517.58,0,desvirtuado
194,ICO130307199,Limpieza,7,756683.16,108097.59,168529.89,50779.89,0.5714,5,0,0,1,5,0.0,0.0,1,0,2446,6,737991.07,0.1429,0.0,0,0,756683.16,0,favorable
194,SCI150216KB7,Seguridad,7,529638.12,75662.59,162384.64,49565.67,0.7143,5,1,1,1,4,0.0,0.0,1,0,504,7,529638.12,0.0,0.0,0,0,529638.12,0,favorable
194,PSA190708TR5,Construccion,5,275584.46,55116.89,102131.71,38421.44,0.6,3,1,1,1,2,0.0,0.0,1,0,2256,1,101026.52,0.8,0.0,0,0,275584.46,0,presunto
194,MAS0909019S4,Transporte,6,395190.96,65865.16,154340.37,53047.11,0.3333,5,1,1,1,3,0.0,0.0,1,0,257,6,395190.96,0.0,0.0,0,0,395190.96,0,presunto
194,SVE070325QWA,Transporte,10,455332.73,45533.27,48404.4,2454.92,0.0,6,1,1,1,10,0.0,0.6,0,0,1697,9,407132.27,0.0,0.0,0,0,455332.73,0,no_listado
194,JNV190727QPB,Mantenimiento,1,9860.0,9860.0,9860.0,0.0,0.0,1,0,0,0,0,0.0,0.0,0,0,1255,1,9860.0,0.0,0.0,0,0,9860.0,0,no_listado
194,WKP040511AOC,Seguridad,8,556800.0,69600.0,69600.0,0.0,0.0,5,1,1,0,0,0.0,0.0,0,0,1249,7,487200.0,0.0,0.0,0,0,556800.0,0,no_listado
194,OEV210428IHL,Papeleria,4,55160.46,13790.12,17395.15,2229.89,0.0,3,1,1,0,0,0.0,0.0,0,0,2214,3,43873.66,0.25,0.0,0,0,55160.46,0,no_listado
194,YLV201006VQD,Consultoria,6,333287.3,55547.88,61619.8,6310.53,0.0,4,1,1,0,0,0.0,0.0,0,0,2209,6,333287.3,0.0,0.0,0,0,333287.3,0,no_listado
194,KMB210212XZ4,Construccion,9,596071.36,66230.15,80266.42,9472.99,0.0,6,1,1,1,9,0.0,0.0,0,0,105,9,596071.36,0.0,0.0,0,0,596071.36,0,no_listado
194,AIT170612U97,Consultoria,5,169637.08,33927.42,46118.63,7649.73,0.0,5,1,1,0,0,0.0,0.0,1,0,2637,5,169637.08,0.0,0.0,0,1,169637.08,0,favorable
194,LNT2503160NK,Limpieza,8,35002.09,4375.26,5755.87,1051.93,0.0,1,0,0,0,0,0.0,0.0,0,0,2407,8,35002.09,0.0,0.0,0,0,35002.09,0,no_listado
194,JUJ150103C9T,Mantenimiento,6,46393.46,7732.24,9466.47,1821.31,0.8333,4,1,1,1,6,1.0,0.0,0,0,1669,6,46393.46,0.0,0.0,0,0,46393.46,0,no_listado
195,CSP180221BLH,Tecnologia,7,273942.32,39134.62,82030.77,25249.97,0.4286,4,1,1,1,7,0.2857,0.0,0,0,1314,7,273942.32,0.0,0.0,0,0,273942.32,0,no_listado
195,FGA081121S4G,Tecnologia,7,397375.57,56767.94,138732.45,46760.94,0.2857,3,0,0,1,4,0.0,0.0,0,0,1255,6,298000.04,0.1429,0.0,0,0,397375.57,0,no_listado
195,EDP06031153K,Publicidad,9,912413.44,101379.27,149712.4,45123.79,0.5556,5,1,1,1,9,0.0,0.0,0,0,2014,9,912413.44,0.0,0.0,0,0,912413.44,0,no_listado
195,TQW09102307Y,Transporte,6,501631.47,83605.25,169017.22,50393.99,0.5,5,1,1,1,6,0.1667,0.0,0,0,2345,6,501631.47,0.0,0.0,0,0,501631.47,0,no_listado
195,OVP230711YJW,Construccion,4,482381.15,120595.29,171962.46,34846.21,0.75,4,1,1,1,4,0.0,0.0,0,0,120,4,482381.15,0.0,0.0,0,0,482381.15,0,no_listado
195,AAO231019U4C,Papeleria,9,522037.33,58004.15,152488.08,50029.0,0.5556,5,1,1,1,9,0.0,0.0,0,0,1997,8,503576.54,0.0,0.0,0,0,522037.33,0,no_listado
195,XBJ051109HAS,Papeleria,4,202626.38,50656.6,88758.34,33045.25,0.25,4,0,0,1,2,0.0,0.0,0,0,889,4,202626.38,0.0,0.0,0,0,202626.38,0,no_listado
195,FNE000511AKH,Limpieza,6,271459.62,45243.27,144046.12,45653.36,0.5,3,0,0,1,4,0.25,0.0,0,0,484,5,127413.5,0.1667,0.0,0,0,271459.62,0,no_listado
195,PRN101111AW3,Limpieza,8,629739.27,78717.41,157185.2,42198.12,0.75,5,1,1,1,8,0.0,0.0,0,0,1019,8,629739.27,0.0,0.0,0,0,629739.27,0,no_listado
195,FDX1703150CC,Limpieza,4,292746.04,73186.51,125194.42,32000.29,0.5,3,1,1,1,4,0.25,0.25,0,0,1833,3,219004.82,0.25,0.0,0,0,292746.04,0,no_listado
195,PLR060713ONS,Publicidad,6,270877.58,45146.26,96063.4,31147.41,0.8333,3,1,1,1,6,0.0,0.0,0,0,1150,5,174814.18,0.1667,0.0,0,0,270877.58,0,no_listado
195,ZXL160314WJD,Construccion,8,876042.81,109505.35,162508.22,31311.53,0.875,5,1,1,1,8,0.125,0.0,0,0,584,5,467454.83,0.375,0.0,0,0,876042.81,0,no_listado
195,CUMA870701CC7,Consultoria,5,302083.18,60416.64,122704.81,46025.82,0.6,4,0,0,0,0,0.0,0.0,1,1,143,5,302083.18,0.0,1.0,0,0,302083.18,1,definitivo
195,LJX200207HBL,Limpieza,1,1134983.97,1134983.97,1134983.97,0.0,1.0,1,0,0,0,0,0.0,0.0,0,0,412,1,1134983.97,0.0,0.0,0,0,1134983.97,1,no_listado
195,HMY060213Q48,Papeleria,14,670588.94,47899.21,49642.14,1039.65,0.6429,6,0,0,1,14,1.0,1.0,0,0,178,13,620946.8,0.0,1.0,0,0,670588.94,1,no_listado
195,ZHS131107989,Consultoria,4,337298.87,84324.72,170240.94,53877.23,0.75,2,0,0,1,4,1.0,0.0,0,0,110,4,337298.87,0.0,0.0,0,0,337298.87,1,no_listado
195,CAT090625CF4,Limpieza,3,335088.42,111696.14,165951.6,38572.32,0.3333,3,0,0,1,1,0.0,0.0,1,0,581,2,169136.82,0.3333,0.0,0,0,335088.42,0,desvirtuado
195,GDI010116TK8,Consultoria,6,475648.09,79274.68,156910.46,42999.13,0.3333,3,0,0,1,4,0.0,0.0,1,0,1000,3,202688.32,0.5,0.0,0,0,475648.09,0,desvirtuado
195,RAOR681225AJ2,Publicidad,6,518986.35,86497.72,171388.0,53022.83,0.5,4,1,1,1,3,0.0,0.3333,1,0,1738,6,518986.35,0.0,0.0,0,0,518986.35,0,favorable
195,ACV130322RY0,Logistica,6,437873.91,72978.99,142923.63,34361.24,1.0,4,1,1,1,4,0.0,0.25,1,0,250,6,437873.91,0.0,0.0,0,0,437873.91,0,favorable
195,MOZG921112QV9,Seguridad,7,521928.72,74561.25,131031.87,43552.95,0.5714,4,1,1,1,4,0.0,0.25,1,0,640,3,244132.47,0.5714,0.0,0,0,521928.72,0,presunto
195,GGG211103LD6,Transporte,4,207007.49,51751.87,137957.41,50005.34,0.5,4,0,0,1,2,0.0,0.0,1,0,1833,3,187281.2,0.25,0.0,0,0,207007.49,0,presunto
195,GKJ130907R7V,Transporte,10,443789.18,44378.92,48446.38,2555.95,0.0,4,1,1,1,10,0.0,0.3,0,0,1697,9,399918.78,0.1,0.0,0,0,443789.18,0,no_listado
195,ZQJ1112131VF,Mantenimiento,1,9860.0,9860.0,9860.0,0.0,0.0,1,0,0,0,0,0.0,0.0,0,0,1262,1,9860.0,0.0,0.0,0,0,9860.0,0,no_listado
195,PZH0808120N2,Seguridad,8,556800.0,69600.0,69600.0,0.0,0.0,4,1,1,0,0,0.0,0.0,0,0,1249,8,556800.0,0.0,0.0,0,0,556800.0,0,no_listado
195,VOE040705KUS,Papeleria,4,53390.08,13347.52,16142.8,1817.71,0.0,3,1,1,0,0,0.0,0.0,0,0,2214,4,53390.08,0.0,0.0,0,0,53390.08,0,no_listado
195,LAV201013E4X,Consultoria,6,329036.32,54839.39,62506.4,6947.91,0.0,4,1,1,0,0,0.0,0.0,0,0,2222,5,267077.44,0.0,0.0,0,0,329036.32,0,no_listado
195,FPN230423EH6,Construccion,9,423530.6,47058.96,76179.03,13708.68,0.0,4,1,1,1,9,0.0,0.0,0,0,15,9,423530.6,0.0,0.0,0,0,423530.6,0,no_listado
195,FOR101202NK3,Consultoria,5,173591.72,34718.34,41955.84,4995.37,0.0,3,1,1,0,0,0.0,0.0,1,0,2594,5,173591.72,0.0,0.0,0,0,173591.72,0,favorable
195,DCD1407202YZ,Limpieza,8,34184.98,4273.12,5653.5,1074.52,0.0,1,0,0,0,0,0.0,0.0,0,0,2419,8,34184.98,0.0,0.0,0,0,34184.98,0,no_listado
195,MXR210307UVD,Mantenimiento,6,42844.55,7140.76,8551.4,1034.71,0.8333,5,1,1,1,6,1.0,0.0,0,0,1617,6,42844.55,0.0,0.0,0,0,42844.55,0,no_listado
196,AHW191127LPA,Logistica,7,325576.79,46510.97,98151.25,33335.94,0.4286,4,0,0,1,3,0.0,0.0,0,0,2458,5,210678.43,0.2857,0.0,0,0,325576.79,0,no_listado
196,KWY0012288RX,Tecnologia,6,515773.56,85962.26,156007.95,57728.09,0.3333,4,0,0,1,4,0.0,0.0,0,0,265,6,515773.56,0.0,0.0,0,0,515773.56,0,no_listado
196,MNB0701035XM,Construccion,9,485584.01,53953.78,133802.06,43478.95,0.3333,4,1,1,1,9,0.1111,0.0,0,0,804,9,485584.01,0.0,0.0,0,1,485584.01,0,no_listado
196,UJY000220BVG,Seguridad,7,747330.29,106761.47,152403.72,50157.43,0.1429,5,1,1,1,7,0.0,0.0,0,0,101,7,747330.29,0.0,0.0,0,0,747330.29,0,no_listado
196,EYI081027KDL,Logistica,6,484895.03,80815.84,115749.71,36448.77,0.1667,4,1,1,1,6,0.0,0.0,0,0,1167,6,484895.03,0.0,0.0,0,0,484895.03,0,no_listado
196,QPN090402F7A,Limpieza,6,462282.1,77047.02,160365.94,49752.42,0.8333,4,0,0,1,5,0.0,0.0,0,0,1331,6,462282.1,0.0,0.0,0,0,462282.1,0,no_listado
196,WVG200209JHG,Transporte,7,499912.92,71416.13,165746.37,49944.97,0.1429,4,0,0,1,5,0.0,0.2,0,0,2365,4,262031.44,0.2857,0.0,0,0,499912.92,0,no_listado
196,GWQ220919H1I,Publicidad,9,569798.62,63310.96,153311.03,46202.37,0.6667,5,1,1,1,9,0.0,0.0,0,0,1635,6,226560.38,0.3333,0.0,0,0,569798.62,0,no_listado
196,NPA0512203WM,Transporte,5,325970.0,65194.0,144728.72,57563.27,0.6,3,1,1,1,5,0.2,0.0,0,0,516,4,307652.78,0.2,0.0,0,0,325970.0,0,no_listado
196,SCQ20070310Z,Tecnologia,8,559687.46,69960.93,148293.91,47124.82,0.5,6,0,0,1,5,0.0,0.0,0,0,1776,7,541484.57,0.125,0.0,0,0,559687.46,0,no_listado
196,DUW090406MZ1,Logistica,7,581187.41,83026.77,148293.91,52341.05,0.4286,5,1,1,1,7,0.1429,0.0,0,0,1352,4,318608.85,0.4286,0.0,0,0,581187.41,0,no_listado
196,FCH120519JAZ,Logistica,4,390599.67,97649.92,150553.06,49174.07,0.5,2,0,0,1,2,0.5,0.0,0,0,1502,2,136451.87,0.5,0.0,0,0,390599.67,0,no_listado
196,GOM1504135Q4,Consultoria,8,542274.09,67784.26,151728.78,49800.4,0.375,5,0,0,0,0,0.0,0.0,1,1,1120,8,542274.09,0.0,1.0,0,0,542274.09,1,definitivo
196,XXZ251215UBV,Construccion,1,1622659.02,1622659.02,1622659.02,0.0,1.0,1,0,0,0,0,0.0,0.0,0,0,2554,1,1622659.02,0.0,0.0,0,0,1622659.02,1,no_listado
196,MOF230721KHD,Consultoria,14,676761.24,48340.09,49693.09,928.99,0.5714,6,0,0,1,14,1.0,1.0,0,0,667,11,531724.7,0.0,1.0,0,0,676761.24,1,no_listado
196,KQD231017LRP,Mantenimiento,5,525701.76,105140.35,134375.43,24754.23,0.6,4,0,0,1,5,1.0,0.0,0,0,240,3,348222.01,0.4,0.0,0,0,525701.76,1,no_listado
196,ADD130411TF7,Consultoria,7,566902.72,80986.1,172750.83,53589.47,0.4286,4,0,0,1,2,0.0,0.0,1,0,1860,7,566902.72,0.0,0.0,0,0,566902.72,0,desvirtuado
196,SALN790417EW7,Tecnologia,6,295494.65,49249.11,126336.47,37226.04,0.3333,4,0,0,1,6,0.0,0.0,1,0,1950,6,295494.65,0.0,0.0,0,0,295494.65,0,desvirtuado
196,LME160304926,Seguridad,5,548315.24,109663.05,167101.43,47388.66,0.6,3,1,1,1,1,0.0,0.0,1,0,2068,2,272640.08,0.6,0.0,0,0,548315.24,0,favorable
196,EPI1303143G4,Transporte,6,251811.84,41968.64,126868.19,39569.28,0.6667,4,1,1,1,3,0.0,0.3333,1,0,517,4,214204.35,0.3333,0.0,0,0,251811.84,0,favorable
196,TEA131212MUA,Consultoria,7,622187.16,88883.88,143250.06,36874.77,0.4286,5,1,1,1,4,0.0,0.0,1,0,995,5,498156.57,0.2857,0.0,0,0,622187.16,0,presunto
196,MLO1908193M3,Construccion,7,616747.14,88106.73,152818.69,47868.52,0.2857,4,0,0,1,7,0.0,0.0,1,0,1240,3,185802.58,0.5714,0.0,0,0,616747.14,0,presunto
196,NPX040505MH6,Transporte,10,451101.08,45110.11,48592.84,2483.21,0.0,5,1,1,1,10,0.0,0.5,0,0,1710,9,408513.55,0.1,0.0,0,0,451101.08,0,no_listado
196,LCH200912VCF,Mantenimiento,1,9860.0,9860.0,9860.0,0.0,0.0,1,0,0,0,0,0.0,0.0,0,0,1157,1,9860.0,0.0,0.0,0,0,9860.0,0,no_listado
196,HXO1903138DT,Seguridad,8,556800.0,69600.0,69600.0,0.0,0.0,5,1,1,0,0,0.0,0.0,0,0,1249,8,556800.0,0.0,0.0,0,0,556800.0,0,no_listado
196,ZML230908SSG,Papeleria,4,52113.86,13028.47,14573.37,975.12,0.0,4,1,1,0,0,0.0,0.0,0,0,2190,2,25574.3,0.5,0.0,0,0,52113.86,0,no_listado
196,MQO191222KKA,Consultoria,6,296026.44,49337.74,60281.7,7766.03,0.0,4,1,1,0,0,0.0,0.0,0,0,2197,6,296026.44,0.0,0.0,0,0,296026.44,0,no_listado
196,HFD070122JRE,Construccion,9,515234.58,57248.29,73354.68,11790.46,0.0,5,1,1,1,9,0.0,0.1111,0,0,45,9,515234.58,0.0,0.0,0,0,515234.58,0,no_listado
196,BEM080801F58,Consultoria,5,170598.49,34119.7,39982.18,3948.34,0.0,4,1,1,0,0,0.0,0.0,1,0,2612,4,142676.23,0.2,0.0,0,0,170598.49,0,favorable
196,UOZ171106UC7,Limpieza,8,33732.99,4216.62,6654.17,1492.21,0.0,1,0,0,0,0,0.0,0.0,0,0,2418,8,33732.99,0.0,0.0,0,0,33732.99,0,no_listado
196,ERN151010IIP,Mantenimiento,6,47212.92,7868.82,10368.16,1996.23,0.3333,5,1,1,1,6,1.0,0.0,0,0,1606,6,47212.92,0.0,0.0,0,0,47212.92,0,no_listado
197,RXY100801775,Publicidad,8,477572.75,59696.59,139323.6,47012.07,0.5,4,1,1,1,8,0.0,0.0,0,0,1255,5,243484.48,0.25,0.0,0,0,477572.75,0,no_listado
197,QPM240528VA2,Consultoria,6,460421.46,76736.91,129066.87,40649.78,0.6667,3,1,1,1,6,0.0,0.1667,0,0,1349,6,460421.46,0.0,0.0,0,0,460421.46,0,no_listado
197,PHO011023WW3,Construccion,8,551014.65,68876.83,169529.31,53205.42,0.5,3,1,1,1,8,0.0,0.0,0,0,967,8,551014.65,0.0,0.0,0,0,551014.65,0,no_listado
197,XQM030209EUS,Consultoria,9,634388.52,70487.61,144547.46,38408.08,0.4444,5,0,0,1,4,0.25,0.0,0,0,854,9,634388.52,0.0,0.0,0,0,634388.52,0,no_listado
197,BBT2605046VC,Papeleria,7,290140.43,41448.63,64212.77,20434.38,0.4286,5,1,1,1,7,0.0,0.1429,0,0,193,7,290140.43,0.0,0.0,0,0,290140.43,0,no_listado
197,PCX091117F7I,Tecnologia,5,518401.37,103680.27,167541.22,49162.44,0.4,3,1,1,1,5,0.0,0.0,0,0,320,5,518401.37,0.0,0.0,0,0,518401.37,0,no_listado
197,OFG140126UCH,Logistica,5,499821.42,99964.28,168217.82,52058.68,0.6,4,0,0,1,3,0.0,0.0,0,0,2442,5,499821.42,0.0,0.0,0,0,499821.42,0,no_listado
197,ANZ000401UN7,Construccion,3,199082.93,66360.98,79717.98,14486.27,0.3333,3,0,0,1,2,0.0,0.5,0,0,261,2,125947.92,0.3333,0.0,0,0,199082.93,0,no_listado
197,NUN060911T34,Construccion,4,278146.0,69536.5,126668.8,51009.57,0.5,3,0,0,0,0,0.0,0.0,0,0,2603,4,278146.0,0.0,0.0,0,0,278146.0,0,no_listado
197,FJG200526VTV,Limpieza,8,390603.38,48825.42,149870.47,44699.59,0.5,5,0,0,1,6,0.0,0.0,0,0,883,7,240732.91,0.125,0.0,0,0,390603.38,0,no_listado
197,OWG200613ON0,Limpieza,7,356334.48,50904.93,112684.52,30566.78,0.4286,5,1,1,1,7,0.1429,0.0,0,0,1841,5,295561.8,0.2857,0.0,0,0,356334.48,0,no_listado
197,DBB160614HH7,Logistica,3,277294.75,92431.58,147744.61,53966.64,0.0,3,1,1,1,3,0.0,0.0,0,0,2549,3,277294.75,0.0,0.0,0,0,277294.75,0,no_listado
197,SRA131209I82,Consultoria,7,759056.68,108436.67,147636.36,39352.26,0.5714,4,0,0,0,0,0.0,0.0,1,1,85,7,759056.68,0.0,1.0,0,0,759056.68,1,definitivo
197,HJZ230411NE8,Consultoria,1,1015421.02,1015421.02,1015421.02,0.0,0.0,1,0,0,0,0,0.0,0.0,0,0,128,1,1015421.02,0.0,0.0,0,0,1015421.02,1,no_listado
197,AAP251217O7O,Construccion,10,484492.73,48449.27,49431.56,870.05,0.5,5,0,0,1,10,1.0,1.0,0,0,256,9,436856.53,0.0,1.0,0,0,484492.73,1,no_listado
197,LMZ250514POZ,Limpieza,5,492753.22,98550.64,151426.7,44266.94,0.4,4,1,1,1,5,1.0,0.0,0,0,102,4,425610.05,0.2,0.0,0,0,492753.22,1,no_listado
197,GSP000616FV4,Limpieza,4,124449.03,31112.26,54891.7,14595.5,0.5,3,0,0,1,2,0.0,0.0,1,0,142,4,124449.03,0.0,0.0,0,0,124449.03,0,desvirtuado
197,JAJ000823DE9,Transporte,7,307424.42,43917.77,144709.3,42743.7,0.5714,4,1,1,1,2,0.5,0.0,1,0,2334,7,307424.42,0.0,0.0,0,0,307424.42,0,desvirtuado
197,CPZ140529726,Transporte,3,80136.65,26712.22,43494.23,11882.73,0.3333,3,1,1,1,2,0.0,0.0,1,0,2239,3,80136.65,0.0,0.0,0,0,80136.65,0,favorable
197,PPD091009ML9,Consultoria,7,491619.7,70231.39,148171.36,42047.69,0.2857,5,0,0,1,3,0.0,0.0,1,0,571,7,491619.7,0.0,0.0,0,0,491619.7,0,favorable
197,SAA101109LM6,Mantenimiento,5,499058.7,99811.74,157514.18,50956.51,0.6,4,1,1,1,2,0.0,0.0,1,0,2167,2,235036.99,0.6,0.0,0,0,499058.7,0,presunto
197,SOVL940120EK2,Consultoria,4,348044.5,87011.12,120912.12,26476.03,0.25,3,1,1,1,3,0.0,0.0,1,0,1613,2,210760.7,0.25,0.0,0,0,348044.5,0,presunto
197,XGM100822ONW,Transporte,10,436557.75,43655.78,47947.15,2198.93,0.0,5,1,1,1,10,0.0,0.2,0,0,1730,9,394068.81,0.0,0.0,0,0,436557.75,0,no_listado
197,KTC040825N9W,Mantenimiento,1,9860.0,9860.0,9860.0,0.0,0.0,1,0,0,0,0,0.0,0.0,0,0,1183,1,9860.0,0.0,0.0,0,0,9860.0,0,no_listado
197,WRK180826U5Z,Seguridad,8,556800.0,69600.0,69600.0,0.0,0.0,5,1,1,0,0,0.0,0.0,0,0,1249,7,487200.0,0.0,0.0,0,0,556800.0,0,no_listado
197,OXP1710237IP,Papeleria,4,56402.94,14100.74,16786.53,1840.71,0.0,4,1,1,0,0,0.0,0.0,0,0,2190,4,56402.94,0.0,0.0,0,0,56402.94,0,no_listado
197,CFF0908060E6,Consultoria,6,309008.45,51501.41,61823.71,6859.11,0.0,3,1,1,0,0,0.0,0.0,0,0,2192,5,247184.74,0.1667,0.0,0,0,309008.45,0,no_listado
197,JTM110410VHI,Construccion,9,482906.73,53656.3,76656.21,13511.24,0.0,4,1,1,1,9,0.0,0.2222,0,0,150,7,391974.68,0.2222,0.0,0,0,482906.73,0,no_listado
197,CAR000927GRA,Consultoria,5,157201.64,31440.33,42974.08,6277.45,0.0,3,1,1,0,0,0.0,0.0,1,0,2565,5,157201.64,0.0,0.0,0,0,157201.64,0,favorable
197,BUV130420GQY,Limpieza,8,34584.47,4323.06,6479.23,1395.4,0.0,1,0,0,0,0,0.0,0.0,0,0,2488,8,34584.47,0.0,0.0,0,0,34584.47,0,no_listado
197,XFX0712197LU,Mantenimiento,6,38026.25,6337.71,8416.43,1153.02,0.5,5,1,1,1,6,1.0,0.0,0,0,1599,4,27635.77,0.3333,0.0,0,0,38026.25,0,no_listado
198,UYB010717EV9,Consultoria,7,357129.93,51018.56,89470.95,21644.11,0.4286,5,1,1,1,7,0.1429,0.1429,0,0,205,6,291814.02,0.1429,0.0,0,0,357129.93,0,no_listado
198,DOL1506084J3,Seguridad,9,570948.07,63438.67,139905.04,45173.05,0.3333,5,1,1,1,9,0.0,0.0,0,0,2009,8,553040.28,0.1111,0.0,0,0,570948.07,0,no_listado
198,AYZ070410ELU,Limpieza,6,387041.04,64506.84,131142.93,47785.64,0.5,4,0,0,1,5,0.0,0.0,0,0,2559,5,368444.66,0.1667,0.0,0,0,387041.04,0,no_listado
198,FHJ070627XLE,Publicidad,3,190477.68,63492.56,110525.73,37531.2,0.0,2,0,0,1,3,0.0,0.0,0,0,1520,3,190477.68,0.0,0.0,0,0,190477.68,0,no_listado
198,TRW1502273JO,Mantenimiento,5,321472.1,64294.42,156731.27,48133.18,0.4,4,0,0,1,4,0.0,0.0,0,0,1338,3,127494.68,0.4,0.0,0,0,321472.1,0,no_listado
198,NGB1606061Y6,Limpieza,3,332928.93,110976.31,143680.31,40462.7,0.3333,2,1,1,1,3,0.3333,0.0,0,0,1465,1,135289.79,0.6667,0.0,0,0,332928.93,0,no_listado
198,YIS070523G2X,Tecnologia,8,566470.51,70808.81,148293.91,48389.65,0.625,3,0,0,1,5,0.0,0.0,0,0,1585,8,566470.51,0.0,0.0,0,0,566470.51,0,no_listado
198,NQF2403083GR,Logistica,4,158617.23,39654.31,53486.47,13142.27,0.5,4,0,0,1,3,0.0,0.3333,0,0,1063,3,139154.15,0.25,0.0,0,0,158617.23,0,no_listado
198,CMH2002270IY,Tecnologia,3,210785.16,70261.72,172941.06,72608.74,0.6667,2,0,0,1,1,0.0,0.0,0,0,1216,3,210785.16,0.0,0.0,0,0,210785.16,0,no_listado
198,WDO0401028EA,Transporte,8,275900.56,34487.57,72046.16,19755.28,0.5,5,1,1,1,8,0.0,0.0,0,0,1274,8,275900.56,0.0,0.0,0,0,275900.56,0,no_listado
198,PRE160107P8O,Transporte,6,441005.34,73500.89,163433.06,58314.2,0.6667,5,1,1,1,6,0.1667,0.3333,0,0,1914,5,393879.79,0.1667,0.0,0,0,441005.34,0,no_listado
198,ECP180102OW7,Logistica,4,361859.12,90464.78,113713.4,27190.52,0.75,3,1,1,1,4,0.0,0.0,0,0,1468,4,361859.12,0.0,0.0,0,0,361859.12,0,no_listado
198,CLE130301GT7,Consultoria,6,608304.76,101384.13,162545.2,47648.93,0.5,4,0,0,0,0,0.0,0.0,1,1,1821,6,608304.76,0.0,1.0,0,0,608304.76,1,definitivo
198,PGK090410UK5,Tecnologia,1,1370754.92,1370754.92,1370754.92,0.0,1.0,1,0,0,0,0,0.0,0.0,0,0,1604,1,1370754.92,0.0,0.0,0,0,1370754.92,1,no_listado
198,UCD0811174TP,Papeleria,11,524708.07,47700.73,48664.61,611.75,0.4545,5,0,0,1,11,1.0,1.0,0,0,1309,9,427417.71,0.0,1.0,0,0,524708.07,1,no_listado
198,NNW210215Q1W,Papeleria,6,405384.93,67564.16,124151.1,43751.07,0.5,4,0,0,1,6,1.0,0.0,0,0,251,5,363259.88,0.1667,0.0,0,0,405384.93,1,no_listado
198,GZA150508IC6,Consultoria,7,420399.61,60057.09,159978.5,56975.88,0.4286,4,0,0,1,4,0.0,0.25,1,0,1610,6,401691.57,0.1429,0.0,0,0,420399.61,0,desvirtuado
198,VIAG8612149I8,Consultoria,5,348528.39,69705.68,121080.05,31629.76,0.6,4,1,1,1,2,0.0,0.0,1,0,1644,4,322076.59,0.2,0.0,0,0,348528.39,0,desvirtuado
198,EPR1308016G3,Tecnologia,6,265727.1,44287.85,120561.98,38795.27,0.1667,4,1,1,1,3,0.0,0.0,1,0,87,4,226920.57,0.3333,0.0,0,0,265727.1,0,favorable
198,ACG1108183I5,Papeleria,6,598746.48,99791.08,170413.54,64322.47,0.5,4,0,0,1,1,0.0,0.0,1,0,1287,6,598746.48,0.0,0.0,0,0,598746.48,0,favorable
198,VCO191202RM2,Logistica,6,469251.73,78208.62,173280.13,59387.89,0.3333,3,1,1,1,2,0.0,0.0,1,0,2208,3,231966.79,0.5,0.0,0,0,469251.73,0,presunto
198,RSC190712GR0,Papeleria,4,322187.86,80546.96,103796.79,35398.68,0.25,4,0,0,1,1,0.0,0.0,1,0,1692,3,302737.98,0.25,0.0,0,0,322187.86,0,presunto
198,BTF250514HSD,Transporte,10,456600.89,45660.09,48378.84,2165.04,0.0,5,1,1,1,10,0.0,0.5,0,0,1730,10,456600.89,0.0,0.0,0,0,456600.89,0,no_listado
198,VGM161204RU4,Mantenimiento,1,9860.0,9860.0,9860.0,0.0,0.0,1,0,0,0,0,0.0,0.0,0,0,1080,1,9860.0,0.0,0.0,0,0,9860.0,0,no_listado
198,NMT020401DGW,Seguridad,8,556800.0,69600.0,69600.0,0.0,0.0,3,1,1,0,0,0.0,0.0,0,0,1249,7,487200.0,0.0,0.0,0,0,556800.0,0,no_listado
198,GDJ0001192XJ,Papeleria,4,56166.18,14041.54,17089.05,2008.59,0.0,3,1,1,0,0,0.0,0.0,0,0,2166,4,56166.18,0.0,0.0,0,0,56166.18,0,no_listado
198,KUX131125ZY6,Consultoria,6,320034.85,53339.14,58113.33,3706.33,0.0,4,1,1,0,0,0.0,0.0,0,0,2208,5,261921.52,0.1667,0.0,0,0,320034.85,0,no_listado
198,WJB1808010OE,Construccion,9,528675.24,58741.69,73326.42,10882.26,0.0,4,1,1,1,9,0.0,0.1111,0,0,18,8,486011.03,0.1111,0.0,0,0,528675.24,0,no_listado
198,GCI090611UN2,Consultoria,5,146495.34,29299.07,39061.61,5213.43,0.0,5,1,1,0,0,0.0,0.0,1,0,2565,5,146495.34,0.0,0.0,0,0,146495.34,0,favorable
198,WOW110914FDI,Limpieza,8,41229.75,5153.72,6300.64,884.22,0.0,1,0,0,0,0,0.0,0.0,0,0,2417,8,41229.75,0.0,0.0,0,0,41229.75,0,no_listado
198,NEF090219M6B,Mantenimiento,6,45626.2,7604.37,10221.27,1946.22,0.5,5,1,1,1,6,1.0,0.0,0,0,1624,6,45626.2,0.0,0.0,0,0,45626.2,0,no_listado
199,XOE110202NRG,Logistica,9,596787.72,66309.75,167304.57,62289.53,0.1111,5,1,1,1,9,0.0,0.1111,0,0,1885,6,393991.92,0.3333,0.0,0,0,596787.72,0,no_listado
199,BYT191008Y6V,Seguridad,5,348372.21,69674.44,173674.9,56854.07,0.6,4,0,0,1,3,0.0,0.0,0,0,187,5,348372.21,0.0,0.0,0,0,348372.21,0,no_listado
199,IEB131215GJN,Publicidad,4,386716.71,96679.18,131801.46,26691.47,0.75,3,0,0,1,2,0.0,0.0,0,0,159,2,222262.67,0.5,0.0,0,0,386716.71,0,no_listado
199,EZG181122684,Tecnologia,4,182589.82,45647.46,70794.46,18718.98,0.5,3,0,0,1,2,0.0,0.5,0,0,530,2,119875.64,0.5,0.0,0,0,182589.82,0,no_listado
199,QJZ130904326,Papeleria,3,245337.23,81779.08,171359.97,65203.13,0.0,3,0,0,1,1,0.0,0.0,0,0,2132,3,245337.23,0.0,0.0,0,0,245337.23,0,no_listado
199,KBK0002265M9,Transporte,8,414507.92,51813.49,127503.12,40571.55,0.5,5,0,0,1,3,0.0,0.0,0,0,2246,7,395472.88,0.125,0.0,0,0,414507.92,0,no_listado
199,UJM170513QF8,Consultoria,5,532792.79,106558.56,168099.79,38787.34,0.4,4,1,1,1,5,0.0,0.0,0,0,56,3,374293.07,0.4,0.0,0,0,532792.79,0,no_listado
199,QMH1410208MX,Logistica,5,561209.68,112241.94,156602.06,52753.17,0.2,4,0,0,1,1,0.0,0.0,0,0,1427,3,382161.99,0.4,0.0,0,0,561209.68,0,no_listado
199,LKT091128I3P,Papeleria,9,667036.46,74115.16,154940.43,48310.95,0.7778,5,0,0,1,3,0.0,0.0,0,0,283,7,628820.14,0.2222,0.0,0,0,667036.46,0,no_listado
199,CTR111106CBM,Papeleria,8,558395.8,69799.48,164742.83,60440.11,0.875,4,0,0,1,3,0.0,0.0,0,0,63,7,444655.82,0.125,0.0,0,0,558395.8,0,no_listado
199,EDW0112094ZS,Logistica,7,595264.43,85037.78,145037.85,36073.44,0.4286,6,0,0,1,1,0.0,0.0,0,0,291,5,500510.1,0.1429,0.0,0,0,595264.43,0,no_listado
199,NTE140322NTX,Construccion,3,104563.94,34854.65,66650.71,22485.46,0.6667,2,0,0,0,0,0.0,0.0,0,0,178,2,85996.81,0.3333,0.0,0,0,104563.94,0,no_listado
199,ACA1406049K8,Consultoria,8,737189.76,92148.72,170537.42,36250.48,0.5,5,0,0,0,0,0.0,0.0,1,1,1755,7,677462.06,0.125,1.0,0,0,737189.76,1,definitivo
199,SEI020726S6L,Transporte,1,1576480.53,1576480.53,1576480.53,0.0,0.0,1,0,0,0,0,0.0,0.0,0,0,463,1,1576480.53,0.0,0.0,0,0,1576480.53,1,no_listado
199,MKF180404PCB,Seguridad,13,631603.06,48584.85,49720.19,970.42,0.5385,6,1,1,1,13,1.0,1.0,0,0,296,13,631603.06,0.0,1.0,0,0,631603.06,1,no_listado
199,EYW241101KU5,Papeleria,4,388783.98,97195.99,172666.09,61582.85,0.25,3,0,0,1,4,1.0,0.0,0,0,1382,4,388783.98,0.0,0.0,0,0,388783.98,1,no_listado
199,IFO050531BI6,Consultoria,5,462732.54,92546.51,163208.13,63031.77,0.4,3,0,0,1,3,0.0,0.0,1,0,187,5,462732.54,0.0,0.0,0,0,462732.54,0,desvirtuado
199,CNA090625KL3,Publicidad,4,445777.63,111444.41,142227.32,37550.48,0.25,2,1,1,1,2,0.0,0.0,1,0,569,3,315772.1,0.25,0.0,0,0,445777.63,0,desvirtuado
199,TTG120823AK0,Papeleria,4,338605.41,84651.35,130921.25,36521.47,1.0,4,0,0,1,1,0.0,0.0,1,0,1222,2,163627.64,0.5,0.0,0,0,338605.41,0,favorable
199,CGI150128J25,Seguridad,3,282001.59,94000.53,150965.82,42862.57,0.6667,2,0,0,1,1,0.0,0.0,1,0,2098,2,131035.77,0.3333,0.0,0,0,282001.59,0,favorable
199,OUVY0308111W2,Seguridad,5,384501.27,76900.25,114920.41,36172.65,0.2,3,0,0,1,3,0.0,0.0,1,0,1383,2,172826.96,0.4,0.0,0,0,384501.27,0,presunto
199,VIAM870914DD2,Publicidad,5,460316.59,92063.32,165227.14,44462.75,0.4,4,0,0,1,2,0.0,0.0,1,0,257,2,282923.13,0.6,0.0,0,0,460316.59,0,presunto
199,EHF0612121SK,Transporte,10,430757.69,43075.77,48489.31,2013.45,0.0,6,1,1,1,10,0.0,0.1,0,0,1709,8,345267.07,0.0,0.0,0,0,430757.69,0,no_listado
199,ALR120111B3F,Mantenimiento,1,9860.0,9860.0,9860.0,0.0,0.0,1,0,0,0,0,0.0,0.0,0,0,1094,1,9860.0,0.0,0.0,0,0,9860.0,0,no_listado
199,KQM1009251DO,Seguridad,8,556800.0,69600.0,69600.0,0.0,0.0,4,1,1,0,0,0.0,0.0,0,0,1249,8,556800.0,0.0,0.0,0,0,556800.0,0,no_listado
199,NEU150221YBQ,Papeleria,4,55928.03,13982.01,16362.11,2264.09,0.0,3,1,1,0,0,0.0,0.0,0,0,2290,4,55928.03,0.0,0.0,0,0,55928.03,0,no_listado
199,RUK020528Z84,Consultoria,6,295342.8,49223.8,56086.52,4314.11,0.0,5,1,1,0,0,0.0,0.0,0,0,2189,6,295342.8,0.0,0.0,0,0,295342.8,0,no_listado
199,IQA140801UB6,Construccion,9,503427.38,55936.38,79578.76,12386.46,0.0,4,1,1,1,9,0.0,0.3333,0,0,47,9,503427.38,0.0,0.0,0,0,503427.38,0,no_listado
199,CEM130521UH7,Consultoria,5,178995.07,35799.01,37763.35,1765.6,0.0,3,1,1,0,0,0.0,0.0,1,0,2578,5,178995.07,0.0,0.0,0,0,178995.07,0,favorable
199,NCR050916ZRJ,Limpieza,8,35451.54,4431.44,6545.44,1239.31,0.0,1,0,0,0,0,0.0,0.0,0,0,2460,8,35451.54,0.0,0.0,0,0,35451.54,0,no_listado
199,MFH141013OLS,Mantenimiento,6,49648.39,8274.73,9784.23,1441.09,0.6667,4,1,1,1,6,1.0,0.0,0,0,1623,4,31761.83,0.3333,0.0,0,0,49648.39,0,no_listado
200,XYK190909G6M,Transporte,3,381782.12,127260.71,147319.65,15738.65,0.3333,2,0,0,1,2,0.0,0.0,0,0,602,3,381782.12,0.0,0.0,0,0,381782.12,0,no_listado
200,YOY0005025KA,Publicidad,8,324925.08,40615.64,161039.41,45991.87,0.25,4,0,0,1,6,0.0,0.0,0,0,1678,8,324925.08,0.0,0.0,0,0,324925.08,0,no_listado
200,TWU251011QLQ,Logistica,8,827472.28,103434.03,143689.21,44631.05,0.5,5,0,0,1,7,0.1429,0.0,0,0,1772,4,339579.1,0.5,0.0,0,0,827472.28,0,no_listado
200,JDN170323E8Z,Transporte,7,490953.11,70136.16,124482.88,37940.41,0.5714,3,1,1,1,7,0.0,0.0,0,0,38,7,490953.11,0.0,0.0,0,0,490953.11,0,no_listado
200,KCF160401PYJ,Tecnologia,5,364325.58,72865.12,173617.1,59988.1,0.6,3,0,0,1,3,0.0,0.0,0,0,155,3,301408.13,0.2,0.0,0,0,364325.58,0,no_listado
200,XBO140714MJ4,Limpieza,7,418448.26,59778.32,107313.66,22828.36,0.7143,4,1,1,1,7,0.1429,0.1429,0,0,1156,6,339730.11,0.1429,0.0,0,0,418448.26,0,no_listado
200,CNG200623XBE,Tecnologia,7,452849.51,64692.79,159149.02,52998.95,0.8571,5,0,0,1,3,0.0,0.0,0,0,2152,6,434157.42,0.1429,0.0,0,0,452849.51,0,no_listado
200,XCM0611132UW,Limpieza,4,217189.25,54297.31,99167.77,29257.75,0.75,4,1,1,1,4,0.0,0.0,0,0,1478,3,199105.99,0.25,0.0,0,0,217189.25,0,no_listado
200,QVM200802QH1,Tecnologia,7,516738.11,73819.73,165405.28,57147.58,0.1429,3,0,0,1,4,0.25,0.25,0,0,157,6,497181.98,0.1429,0.0,0,0,516738.11,0,no_listado
200,KDP2208106AJ,Mantenimiento,4,342391.22,85597.8,116595.34,39694.78,0.5,3,1,1,1,4,0.0,0.0,0,0,568,4,342391.22,0.0,0.0,0,0,342391.22,0,no_listado
200,HLC180227G26,Consultoria,4,275058.63,68764.66,171941.61,60661.35,0.5,3,1,1,1,4,0.0,0.0,0,0,1301,4,275058.63,0.0,0.0,0,0,275058.63,0,no_listado
200,MAQ240914TXW,Papeleria,8,305527.9,38190.99,92303.36,24348.79,0.25,3,1,1,1,8,0.0,0.125,0,0,1860,8,305527.9,0.0,0.0,0,0,305527.9,0,no_listado
200,GIH001019PG0,Consultoria,5,346979.59,69395.92,128232.66,44169.56,0.4,3,1,1,0,0,0.0,0.0,1,1,2635,3,244997.55,0.4,1.0,0,0,346979.59,1,definitivo
200,UBR13111040Z,Seguridad,1,1563540.54,1563540.54,1563540.54,0.0,0.0,1,0,0,0,0,0.0,0.0,0,0,238,1,1563540.54,0.0,0.0,0,0,1563540.54,1,no_listado
200,ELF150127KXA,Seguridad,10,484543.35,48454.34,49473.05,791.18,0.4,5,0,0,1,10,1.0,1.0,0,0,216,10,484543.35,0.0,1.0,0,0,484543.35,1,no_listado
200,EWJ160224ZFE,Limpieza,6,509459.24,84909.87,153659.09,54140.71,0.8333,3,0,0,1,6,1.0,0.0,0,0,1463,5,490283.29,0.1667,0.0,0,0,509459.24,1,no_listado
200,AER091209LT2,Seguridad,3,180992.67,60330.89,99160.18,28826.74,0.6667,3,1,1,1,2,0.0,0.0,1,0,180,3,180992.67,0.0,0.0,0,0,180992.67,0,desvirtuado
200,GSS12081655A,Tecnologia,4,141739.33,35434.83,85570.02,28951.33,0.5,3,1,1,1,1,0.0,0.0,1,0,181,4,141739.33,0.0,0.0,0,0,141739.33,0,desvirtuado
200,OPS140408J15,Logistica,5,391429.49,78285.9,163301.76,45530.7,0.2,4,0,0,1,1,0.0,0.0,1,0,63,4,334910.73,0.2,0.0,0,0,391429.49,0,favorable
200,AAPL7807224T7,Construccion,5,440582.12,88116.42,152675.62,45656.57,0.0,4,1,1,1,4,0.0,0.0,1,0,1147,4,287906.5,0.2,0.0,0,0,440582.12,0,favorable
200,AAU070208LB4,Logistica,5,314150.2,62830.04,128595.86,42727.15,0.8,3,1,1,1,3,0.0,0.0,1,0,952,3,167782.13,0.4,0.0,0,0,314150.2,0,presunto
200,GOOJ650906565,Transporte,5,181875.9,36375.18,65874.97,21825.34,0.4,3,1,1,1,1,0.0,0.0,1,0,240,3,98026.67,0.2,0.0,0,0,181875.9,0,presunto
200,PUP130604I9X,Transporte,10,440413.67,44041.37,48298.08,2222.57,0.0,5,1,1,1,10,0.0,0.2,0,0,1736,8,354000.19,0.1,0.0,0,0,440413.67,0,no_listado
200,AZI2511096QU,Mantenimiento,1,9860.0,9860.0,9860.0,0.0,0.0,1,0,0,0,0,0.0,0.0,0,0,1251,1,9860.0,0.0,0.0,0,0,9860.0,0,no_listado
200,ELS170317WN2,Seguridad,8,556800.0,69600.0,69600.0,0.0,0.0,4,1,1,0,0,0.0,0.0,0,0,1249,7,487200.0,0.0,0.0,0,0,556800.0,0,no_listado
200,DVI2609181N8,Papeleria,4,59002.24,14750.56,17034.31,1452.77,0.0,2,1,1,0,0,0.0,0.0,0,0,2216,3,45816.39,0.25,0.0,0,0,59002.24,0,no_listado
200,GXL200306AM4,Consultoria,6,310762.83,51793.8,62865.76,5927.41,0.0,2,1,1,0,0,0.0,0.0,0,0,2211,6,310762.83,0.0,0.0,0,0,310762.83,0,no_listado
200,WZA171202ZFU,Construccion,9,564563.96,62729.33,81130.9,16025.75,0.0,5,1,1,1,9,0.0,0.1111,0,0,90,9,564563.96,0.0,0.0,0,0,564563.96,0,no_listado
200,SPA090813JS7,Consultoria,5,156551.68,31310.34,35271.89,2697.21,0.0,3,1,1,0,0,0.0,0.0,1,0,2562,5,156551.68,0.0,0.0,0,0,156551.68,0,favorable
200,DUO220406BVR,Limpieza,8,37019.45,4627.43,6953.17,1577.28,0.0,1,0,0,0,0,0.0,0.0,0,0,2407,8,37019.45,0.0,0.0,0,0,37019.45,0,no_listado
200,QRE10072714H,Mantenimiento,6,45800.41,7633.4,9372.9,1614.41,0.8333,4,1,1,1,6,1.0,0.0,0,0,1616,6,45800.41,0.0,0.0,0,0,45800.41,0,no_listado
